2021/02/04 14:18:14 [release] Leaf 1.1.2 starting up
2021/02/04 14:18:14 [release] db OnInit
2021/02/04 14:18:14 [release] game OnInit
2021/02/04 14:18:14 [debug  ] Lua load conf/xshare.lua finished
2021/02/04 14:18:14 [debug  ] KLuaCMD5: e9d83e7646e443aff2f8f69b311cf7b4
2021/02/04 14:18:14 [debug  ] KChannelString bk
2021/02/04 14:18:14 [error  ] Lua GetIntArray err: KHeroReturnBackConsumeVrmb
2021/02/04 14:18:14 [error  ] Lua GetIntMap err: KArtifactFragmentNumReq
2021/02/04 14:18:14 [error  ] Lua GetIntMap err: KArtifactQualityUpMoneyReq
2021/02/04 14:18:14 [debug  ] KIFixMD5: 
2021/02/04 14:18:14 [debug  ] KRUZMD5: 
2021/02/04 14:18:14 [debug  ] Heartbeat timeout is 180
2021/02/04 14:18:14 [debug  ] game init handler
2021/02/04 14:18:14 [debug  ] 5 star total weight: 211
2021/02/04 14:18:14 [debug  ] 1 star total weight: 6
2021/02/04 14:18:14 [debug  ] 2 star total weight: 6
2021/02/04 14:18:14 [debug  ] 3 star total weight: 66
2021/02/04 14:18:14 [debug  ] 4 star total weight: 66
2021/02/04 14:18:14 [debug  ] ActivityMgr LoadAllActivity
2021/02/04 14:18:14 [debug  ] >>>>Start Loading DeviceUsers
2021/02/04 14:18:14 [debug  ] Start Load DeviceUsers
2021/02/04 14:18:14 [debug  ] End Load All DeviceUsers (Loaded:2728)
2021/02/04 14:18:14 [debug  ] >>>>Finish Loading DeviceUsers
2021/02/04 14:18:14 [debug  ] >>>>Start Loading Accounts
2021/02/04 14:18:14 [debug  ] Start Load Accounts
2021/02/04 14:18:15 [debug  ] End Load All Accounts (Loaded:2798)
2021/02/04 14:18:15 [debug  ] >>>>Finish Loading Accounts
2021/02/04 14:18:15 [debug  ] >>>>Start Loading InitPlayers
2021/02/04 14:18:15 [debug  ] Start Preload Players
2021/02/04 14:18:16 [debug  ] End Preload Player UseTime:1s
2021/02/04 14:18:16 [debug  ] Start Load All Players 2117
2021/02/04 14:18:21 [debug  ] 1000 Players Loaded UseTime:5s
2021/02/04 14:18:25 [debug  ] 2000 Players Loaded UseTime:9s
2021/02/04 14:18:26 [debug  ] End Load All Player (Loaded:2117) UseTime:10s
2021/02/04 14:18:26 [debug  ] >>>>Finish Loading InitPlayers
2021/02/04 14:18:26 [debug  ] >>>>Start Loading BanPlayers
2021/02/04 14:18:26 [debug  ] >>>>Finish Loading BanPlayers
2021/02/04 14:18:26 [debug  ] >>>>Start Loading LoadOrderNear
2021/02/04 14:18:26 [debug  ] Start Load Orders
2021/02/04 14:18:26 [debug  ] End Preload Order UseTime:0s
2021/02/04 14:18:26 [debug  ] >>>>Finish Loading LoadOrderNear
2021/02/04 14:18:26 [debug  ] >>>>Start Loading LoadAllGlobalMail
2021/02/04 14:18:26 [debug  ] >>>>Finish Loading LoadAllGlobalMail
2021/02/04 14:18:26 [debug  ] >>>>Start Loading LoadAllGiftCode
2021/02/04 14:18:26 [debug  ] >>>>Finish Loading LoadAllGiftCode
2021/02/04 14:18:26 [debug  ] >>>>Start Check PlayerData
2021/02/04 14:18:26 [debug  ] 1000 Players Data Checked:0s
2021/02/04 14:18:26 [debug  ] 2000 Players Data Checked:0s
2021/02/04 14:18:26 [debug  ] >>>>Finish Check PlayerData
2021/02/04 14:18:26 [debug  ] >>>>Start Init Rank Data
2021/02/04 14:18:26 [debug  ] >>>>Finish Init Rank Data
2021/02/04 14:18:26 [debug  ] LoadGuildAll: begin
2021/02/04 14:18:28 [debug  ] LoadGuildAll: end. num=21
2021/02/04 14:18:28 [debug  ] LoadGuildNotice: begin
2021/02/04 14:18:28 [debug  ] LoadGuildNotice: end. num=34
2021/02/04 14:18:28 [debug  ] Info, sort guild ,GuildRankTime:%!(EXTRA int64=12919070810000, string= rank num:, int32=21)
2021/02/04 14:18:28 [release] BokePayControllerOnInit
2021/02/04 14:18:28 [debug  ] ActivityMgr.InitRank: begin
2021/02/04 14:18:28 [debug  ] ActivityMgr.InitRank: end
2021/02/04 14:18:28 [debug  ] Next Daily Update Time: 2021-02-05 00:00:00 +0800 CST
2021/02/04 14:18:28 [debug  ] Next Weekly Update Time: 2021-02-08 00:00:00 +0800 CST
2021/02/04 14:18:28 [debug  ] Next Monthly Update Time: 2021-03-01 00:00:00 +0800 CST
2021/02/04 14:18:28 [release] gate OnInit
2021/02/04 14:18:28 [release] login OnInit
2021/02/04 14:18:28 [release] Create WSServer :17183
2021/02/04 14:18:28 [release] Create TCPServer :17173
2021/02/04 14:18:36 [debug  ] rpcNewAgent
2021/02/04 14:18:36 [debug  ] gate Run data: [38 0 8 1 16 2 24 1 34 0]
2021/02/04 14:18:36 [debug  ] gate Run data: [39 1 10 8 100 102 97 115 102 97 115 102 18 5 101 97 102 97 115 26 7 97 115 100 102 115 97 102]
2021/02/04 14:18:36 [debug  ] server_main/game/internal.handleDeviceLoginNewR
2021/02/04 14:18:36 [debug  ] player 12908986780000 login
2021/02/04 14:18:36 [debug  ] gate Run data: [52 0 8 1 18 0 26 0 34 0 42 0 50 0 58 0 66 0 72 1]
2021/02/04 14:18:36 [debug  ] handlePlayerLoginR msg size: 19
2021/02/04 14:18:39 [debug  ] gate Run data: [39 1 10 8 100 102 97 115 102 97 115 102 18 5 101 97 102 97 115 26 7 97 115 100 102 115 97 102]
2021/02/04 14:18:39 [debug  ] server_main/game/internal.handleDeviceLoginNewR
2021/02/04 14:18:39 [error  ] repeat login
2021/02/04 14:18:39 [debug  ] gate Run data: [52 0 8 1 18 0 26 0 34 0 42 0 50 0 58 0 66 0 72 1]
2021/02/04 14:18:39 [debug  ] handlePlayerLoginR msg size: 19
2021/02/04 14:18:39 [debug  ] gate Run data: [54 0]
2021/02/04 14:18:39 [debug  ] gate Run data: [56 0]
2021/02/04 14:18:39 [debug  ] gate Run data: [29 1 8 1 18 2 103 103 24 0]
2021/02/04 14:18:49 [debug  ] gate Run data: [33 0]
2021/02/04 14:18:59 [debug  ] gate Run data: [33 0]
2021/02/04 14:19:09 [debug  ] gate Run data: [33 0]
2021/02/04 14:19:19 [debug  ] gate Run data: [33 0]
2021/02/04 14:19:29 [debug  ] gate Run data: [33 0]
2021/02/04 14:19:40 [debug  ] gate Run data: [33 0]
2021/02/04 14:19:51 [debug  ] gate Run data: [33 0]
2021/02/04 14:20:02 [debug  ] gate Run data: [33 0]
2021/02/04 14:20:10 [debug  ] gate read message: websocket: close 1001 (going away)
2021/02/04 14:20:10 [debug  ] rpcCloseAgent
2021/02/04 14:20:10 [debug  ] player 12908986780000 disconnect
2021/02/04 14:20:10 [release] on player 12908986780000 logout
2021/02/04 14:20:15 [debug  ] rpcNewAgent
2021/02/04 14:20:15 [debug  ] gate Run data: [38 0 8 1 16 2 24 1 34 0]
2021/02/04 14:20:15 [debug  ] gate Run data: [39 1 10 8 100 102 97 115 102 97 115 102 18 5 101 97 102 97 115 26 7 97 115 100 102 115 97 102]
2021/02/04 14:20:15 [debug  ] server_main/game/internal.handleDeviceLoginNewR
2021/02/04 14:20:15 [debug  ] player 12908986780000 login
2021/02/04 14:20:15 [debug  ] gate Run data: [52 0 8 1 18 0 26 0 34 0 42 0 50 0 58 0 66 0 72 1]
2021/02/04 14:20:15 [debug  ] handlePlayerLoginR msg size: 19
2021/02/04 14:20:17 [debug  ] gate Run data: [39 1 10 8 100 102 97 115 102 97 115 102 18 5 101 97 102 97 115 26 7 97 115 100 102 115 97 102]
2021/02/04 14:20:17 [debug  ] server_main/game/internal.handleDeviceLoginNewR
2021/02/04 14:20:17 [error  ] repeat login
2021/02/04 14:20:17 [debug  ] gate Run data: [52 0 8 1 18 0 26 0 34 0 42 0 50 0 58 0 66 0 72 1]
2021/02/04 14:20:17 [debug  ] handlePlayerLoginR msg size: 19
2021/02/04 14:20:17 [debug  ] gate Run data: [54 0]
2021/02/04 14:20:17 [debug  ] gate Run data: [56 0]
2021/02/04 14:20:17 [debug  ] gate Run data: [29 1 8 1 18 2 103 103 24 0]
2021/02/04 14:20:27 [debug  ] gate Run data: [33 0]
2021/02/04 14:20:37 [debug  ] gate Run data: [33 0]
2021/02/04 14:20:47 [debug  ] gate Run data: [33 0]
2021/02/04 14:20:57 [debug  ] gate Run data: [33 0]
2021/02/04 14:21:07 [debug  ] gate Run data: [33 0]
2021/02/04 14:21:18 [debug  ] gate Run data: [33 0]
2021/02/04 14:21:29 [debug  ] gate Run data: [33 0]
2021/02/04 14:21:40 [debug  ] gate Run data: [33 0]
2021/02/04 14:21:51 [debug  ] gate Run data: [33 0]
2021/02/04 14:22:02 [debug  ] gate Run data: [33 0]
2021/02/04 14:22:13 [debug  ] gate Run data: [33 0]
2021/02/04 14:22:24 [debug  ] gate Run data: [33 0]
2021/02/04 14:22:35 [debug  ] gate Run data: [33 0]
2021/02/04 14:22:46 [debug  ] gate Run data: [33 0]
2021/02/04 14:22:57 [debug  ] gate Run data: [33 0]
2021/02/04 14:23:08 [debug  ] gate Run data: [33 0]
2021/02/04 14:23:19 [debug  ] gate Run data: [33 0]
2021/02/04 14:23:28 [debug  ] Info, sort guild ,GuildRankTime:%!(EXTRA int64=12919100810000, string= rank num:, int32=21)
2021/02/04 14:23:28 [debug  ] Info, UpdateRank
2021/02/04 14:23:29 [debug  ] gate Run data: [33 0]
2021/02/04 14:23:39 [debug  ] gate Run data: [33 0]
2021/02/04 14:23:49 [debug  ] gate Run data: [33 0]
2021/02/04 14:23:59 [debug  ] gate Run data: [33 0]
2021/02/04 14:24:09 [debug  ] gate Run data: [33 0]
2021/02/04 14:24:19 [debug  ] gate Run data: [33 0]
2021/02/04 14:24:29 [debug  ] gate Run data: [33 0]
2021/02/04 14:24:39 [debug  ] gate Run data: [33 0]
2021/02/04 14:24:49 [debug  ] gate Run data: [33 0]
2021/02/04 14:24:59 [debug  ] gate Run data: [33 0]
2021/02/04 14:25:09 [debug  ] gate Run data: [33 0]
2021/02/04 14:25:19 [debug  ] gate Run data: [33 0]
2021/02/04 14:25:29 [debug  ] gate Run data: [33 0]
2021/02/04 14:25:39 [debug  ] gate Run data: [33 0]
2021/02/04 14:25:44 [debug  ] rpcNewAgent
2021/02/04 14:25:49 [debug  ] gate Run data: [33 0]
2021/02/04 14:25:59 [debug  ] gate Run data: [33 0]
2021/02/04 14:26:09 [debug  ] gate Run data: [33 0]
2021/02/04 14:26:19 [debug  ] gate Run data: [33 0]
2021/02/04 14:26:29 [debug  ] gate Run data: [33 0]
2021/02/04 14:26:39 [debug  ] gate Run data: [33 0]
2021/02/04 14:26:49 [debug  ] gate Run data: [33 0]
2021/02/04 14:26:59 [debug  ] gate Run data: [33 0]
2021/02/04 14:27:09 [debug  ] gate Run data: [33 0]
2021/02/04 14:27:19 [debug  ] gate Run data: [33 0]
2021/02/04 14:27:29 [debug  ] gate Run data: [33 0]
2021/02/04 14:27:39 [debug  ] gate Run data: [33 0]
2021/02/04 14:27:49 [debug  ] gate Run data: [33 0]
2021/02/04 14:27:59 [debug  ] gate Run data: [33 0]
2021/02/04 14:28:09 [debug  ] gate Run data: [33 0]
2021/02/04 14:28:19 [debug  ] gate Run data: [33 0]
2021/02/04 14:28:28 [debug  ] Info, sort guild ,GuildRankTime:%!(EXTRA int64=12919130810000, string= rank num:, int32=21)
2021/02/04 14:28:28 [debug  ] Info, UpdateRank
2021/02/04 14:28:29 [debug  ] gate Run data: [33 0]
2021/02/04 14:28:32 [debug  ] gate read message: websocket: close 1001 (going away)
2021/02/04 14:28:32 [debug  ] rpcCloseAgent
2021/02/04 14:28:32 [debug  ] player 12908986780000 disconnect
2021/02/04 14:28:32 [release] on player 12908986780000 logout
2021/02/04 14:28:37 [debug  ] rpcNewAgent
2021/02/04 14:28:37 [debug  ] gate Run data: [38 0 8 1 16 2 24 1 34 0]
2021/02/04 14:28:37 [debug  ] gate Run data: [39 1 10 8 100 102 97 115 102 97 115 102 18 5 101 97 102 97 115 26 7 97 115 100 102 115 97 102]
2021/02/04 14:28:37 [debug  ] server_main/game/internal.handleDeviceLoginNewR
2021/02/04 14:28:37 [debug  ] player 12908986780000 login
2021/02/04 14:28:37 [debug  ] gate Run data: [52 0 8 1 18 0 26 0 34 0 42 0 50 0 58 0 66 0 72 1]
2021/02/04 14:28:37 [debug  ] handlePlayerLoginR msg size: 19
2021/02/04 14:28:38 [debug  ] gate Run data: [39 1 10 8 100 102 97 115 102 97 115 102 18 5 101 97 102 97 115 26 7 97 115 100 102 115 97 102]
2021/02/04 14:28:38 [debug  ] server_main/game/internal.handleDeviceLoginNewR
2021/02/04 14:28:38 [error  ] repeat login
2021/02/04 14:28:38 [debug  ] gate Run data: [52 0 8 1 18 0 26 0 34 0 42 0 50 0 58 0 66 0 72 1]
2021/02/04 14:28:38 [debug  ] handlePlayerLoginR msg size: 19
2021/02/04 14:28:38 [debug  ] gate Run data: [54 0]
2021/02/04 14:28:38 [debug  ] gate Run data: [56 0]
2021/02/04 14:28:38 [debug  ] gate Run data: [29 1 8 1 18 2 103 103 24 0]
2021/02/04 14:28:45 [debug  ] Close agent cause heartbeat timeout
2021/02/04 14:28:45 [debug  ] gate read message: read tcp [::1]:17183->[::1]:56442: use of closed network connection
2021/02/04 14:28:45 [debug  ] rpcCloseAgent
2021/02/04 14:28:48 [debug  ] gate Run data: [33 0]
2021/02/04 14:28:58 [debug  ] gate Run data: [33 0]
2021/02/04 14:29:08 [debug  ] gate Run data: [33 0]
2021/02/04 14:29:18 [debug  ] gate Run data: [33 0]
2021/02/04 14:29:23 [debug  ] gate read message: websocket: close 1001 (going away)
2021/02/04 14:29:23 [debug  ] rpcCloseAgent
2021/02/04 14:29:23 [debug  ] player 12908986780000 disconnect
2021/02/04 14:29:23 [release] on player 12908986780000 logout
2021/02/04 14:29:35 [debug  ] rpcNewAgent
2021/02/04 14:29:35 [debug  ] gate Run data: [38 0 8 1 16 2 24 1 34 0]
2021/02/04 14:29:35 [debug  ] gate Run data: [39 1 10 8 100 102 97 115 102 97 115 102 18 5 101 97 102 97 115 26 7 97 115 100 102 115 97 102]
2021/02/04 14:29:35 [debug  ] server_main/game/internal.handleDeviceLoginNewR
2021/02/04 14:29:35 [debug  ] player 12908986780000 login
2021/02/04 14:29:35 [debug  ] gate Run data: [52 0 8 1 18 0 26 0 34 0 42 0 50 0 58 0 66 0 72 1]
2021/02/04 14:29:35 [debug  ] handlePlayerLoginR msg size: 19
2021/02/04 14:29:35 [debug  ] rpcNewAgent
2021/02/04 14:29:39 [debug  ] gate Run data: [39 1 10 8 100 102 97 115 102 97 115 102 18 5 101 97 102 97 115 26 7 97 115 100 102 115 97 102]
2021/02/04 14:29:39 [debug  ] server_main/game/internal.handleDeviceLoginNewR
2021/02/04 14:29:39 [error  ] repeat login
2021/02/04 14:29:39 [debug  ] gate Run data: [52 0 8 1 18 0 26 0 34 0 42 0 50 0 58 0 66 0 72 1]
2021/02/04 14:29:39 [debug  ] handlePlayerLoginR msg size: 19
2021/02/04 14:29:39 [debug  ] gate Run data: [54 0]
2021/02/04 14:29:39 [debug  ] gate Run data: [56 0]
2021/02/04 14:29:39 [debug  ] gate Run data: [29 1 8 1 18 2 103 103 24 0]
2021/02/04 14:29:49 [debug  ] gate Run data: [33 0]
2021/02/04 14:29:59 [debug  ] gate Run data: [33 0]
2021/02/04 14:30:09 [debug  ] gate Run data: [33 0]
2021/02/04 14:30:19 [debug  ] gate Run data: [33 0]
2021/02/04 14:30:29 [debug  ] gate Run data: [33 0]
2021/02/04 14:30:39 [debug  ] gate Run data: [33 0]
2021/02/04 14:30:49 [debug  ] gate Run data: [33 0]
2021/02/04 14:30:59 [debug  ] gate Run data: [33 0]
2021/02/04 14:31:09 [debug  ] gate Run data: [33 0]
2021/02/04 14:31:19 [debug  ] gate Run data: [33 0]
2021/02/04 14:31:29 [debug  ] gate Run data: [33 0]
2021/02/04 14:31:39 [debug  ] gate Run data: [33 0]
2021/02/04 14:31:49 [debug  ] gate Run data: [33 0]
2021/02/04 14:31:59 [debug  ] gate Run data: [33 0]
2021/02/04 14:32:09 [debug  ] gate Run data: [33 0]
2021/02/04 14:32:19 [debug  ] gate Run data: [33 0]
2021/02/04 14:32:29 [debug  ] gate Run data: [33 0]
2021/02/04 14:32:36 [debug  ] Close agent cause heartbeat timeout
2021/02/04 14:32:36 [debug  ] gate read message: read tcp [::1]:17183->[::1]:57248: use of closed network connection
2021/02/04 14:32:36 [debug  ] rpcCloseAgent
2021/02/04 14:32:39 [debug  ] gate Run data: [33 0]
2021/02/04 14:32:49 [debug  ] gate Run data: [33 0]
2021/02/04 14:32:59 [debug  ] gate Run data: [33 0]
2021/02/04 14:33:09 [debug  ] gate Run data: [33 0]
2021/02/04 14:33:19 [debug  ] gate Run data: [33 0]
2021/02/04 14:33:28 [debug  ] Info, UpdateRank
2021/02/04 14:33:28 [debug  ] Info, sort guild ,GuildRankTime:%!(EXTRA int64=12919160810000, string= rank num:, int32=21)
2021/02/04 14:33:29 [debug  ] gate Run data: [33 0]
2021/02/04 14:33:39 [debug  ] gate Run data: [33 0]
2021/02/04 14:33:49 [debug  ] gate Run data: [33 0]
2021/02/04 14:33:59 [debug  ] gate Run data: [33 0]
2021/02/04 14:34:09 [debug  ] gate Run data: [33 0]
2021/02/04 14:34:19 [debug  ] gate Run data: [33 0]
2021/02/04 14:34:29 [debug  ] gate Run data: [33 0]
2021/02/04 14:34:39 [debug  ] gate Run data: [33 0]
2021/02/04 14:34:49 [debug  ] gate Run data: [33 0]
2021/02/04 14:34:59 [debug  ] gate Run data: [33 0]
2021/02/04 14:35:09 [debug  ] gate Run data: [33 0]
2021/02/04 14:35:14 [debug  ] gate read message: websocket: close 1001 (going away)
2021/02/04 14:35:14 [debug  ] rpcCloseAgent
2021/02/04 14:35:14 [debug  ] player 12908986780000 disconnect
2021/02/04 14:35:14 [release] on player 12908986780000 logout
2021/02/04 14:35:20 [debug  ] rpcNewAgent
2021/02/04 14:35:20 [debug  ] gate Run data: [38 0 8 1 16 2 24 1 34 0]
2021/02/04 14:35:20 [debug  ] gate Run data: [39 1 10 8 100 102 97 115 102 97 115 102 18 5 101 97 102 97 115 26 7 97 115 100 102 115 97 102]
2021/02/04 14:35:20 [debug  ] server_main/game/internal.handleDeviceLoginNewR
2021/02/04 14:35:20 [debug  ] player 12908986780000 login
2021/02/04 14:35:20 [debug  ] gate Run data: [52 0 8 1 18 0 26 0 34 0 42 0 50 0 58 0 66 0 72 1]
2021/02/04 14:35:20 [debug  ] handlePlayerLoginR msg size: 19
2021/02/04 14:35:30 [debug  ] gate Run data: [33 0]
2021/02/04 14:35:40 [debug  ] gate Run data: [33 0]
2021/02/04 14:35:50 [debug  ] gate Run data: [33 0]
2021/02/04 14:36:00 [debug  ] gate Run data: [33 0]
2021/02/04 14:36:10 [debug  ] gate Run data: [33 0]
2021/02/04 14:36:20 [debug  ] gate Run data: [33 0]
2021/02/04 14:36:30 [debug  ] gate Run data: [33 0]
2021/02/04 14:36:40 [debug  ] gate Run data: [33 0]
2021/02/04 14:36:50 [debug  ] gate Run data: [33 0]
2021/02/04 14:37:00 [debug  ] gate Run data: [33 0]
2021/02/04 14:37:10 [debug  ] gate Run data: [33 0]
2021/02/04 14:37:20 [debug  ] gate Run data: [33 0]
2021/02/04 14:37:30 [debug  ] gate Run data: [33 0]
2021/02/04 14:37:41 [debug  ] gate Run data: [33 0]
2021/02/04 14:37:51 [debug  ] gate Run data: [33 0]
2021/02/04 14:38:01 [debug  ] gate Run data: [33 0]
2021/02/04 14:38:11 [debug  ] gate Run data: [33 0]
2021/02/04 14:38:21 [debug  ] gate Run data: [33 0]
2021/02/04 14:38:27 [debug  ] gate read message: websocket: close 1001 (going away)
2021/02/04 14:38:27 [debug  ] rpcCloseAgent
2021/02/04 14:38:27 [debug  ] player 12908986780000 disconnect
2021/02/04 14:38:27 [release] on player 12908986780000 logout
2021/02/04 14:38:28 [debug  ] Info, UpdateRank
2021/02/04 14:38:28 [debug  ] Info, sort guild ,GuildRankTime:%!(EXTRA int64=12919190810000, string= rank num:, int32=21)
2021/02/04 14:38:29 [debug  ] rpcNewAgent
2021/02/04 14:38:29 [debug  ] gate Run data: [38 0 8 1 16 2 24 1 34 0]
2021/02/04 14:38:29 [debug  ] gate Run data: [39 1 10 8 100 102 97 115 102 97 115 102 18 5 101 97 102 97 115 26 7 97 115 100 102 115 97 102]
2021/02/04 14:38:29 [debug  ] server_main/game/internal.handleDeviceLoginNewR
2021/02/04 14:38:29 [debug  ] player 12908986780000 login
2021/02/04 14:38:29 [debug  ] gate Run data: [52 0 8 1 18 0 26 0 34 0 42 0 50 0 58 0 66 0 72 1]
2021/02/04 14:38:29 [debug  ] handlePlayerLoginR msg size: 19
2021/02/04 14:38:30 [debug  ] gate Run data: [39 1 10 8 100 102 97 115 102 97 115 102 18 5 101 97 102 97 115 26 7 97 115 100 102 115 97 102]
2021/02/04 14:38:30 [debug  ] server_main/game/internal.handleDeviceLoginNewR
2021/02/04 14:38:30 [error  ] repeat login
2021/02/04 14:38:30 [debug  ] gate Run data: [52 0 8 1 18 0 26 0 34 0 42 0 50 0 58 0 66 0 72 1]
2021/02/04 14:38:30 [debug  ] handlePlayerLoginR msg size: 19
2021/02/04 14:38:30 [debug  ] gate Run data: [54 0]
2021/02/04 14:38:30 [debug  ] gate Run data: [56 0]
2021/02/04 14:38:30 [debug  ] gate Run data: [29 1 8 1 18 2 103 103 24 0]
2021/02/04 14:38:40 [debug  ] gate Run data: [33 0]
2021/02/04 14:38:50 [debug  ] gate Run data: [33 0]
2021/02/04 14:39:00 [debug  ] gate Run data: [33 0]
2021/02/04 14:39:10 [debug  ] gate Run data: [33 0]
2021/02/04 14:39:19 [debug  ] gate read message: websocket: close 1001 (going away)
2021/02/04 14:39:19 [debug  ] rpcCloseAgent
2021/02/04 14:39:19 [debug  ] player 12908986780000 disconnect
2021/02/04 14:39:19 [release] on player 12908986780000 logout
2021/02/04 14:40:25 [debug  ] rpcNewAgent
2021/02/04 14:40:25 [debug  ] gate Run data: [38 0 8 1 16 2 24 1 34 0]
2021/02/04 14:40:25 [debug  ] gate Run data: [39 1 10 8 100 102 97 115 102 97 115 102 18 5 101 97 102 97 115 26 7 97 115 100 102 115 97 102]
2021/02/04 14:40:25 [debug  ] server_main/game/internal.handleDeviceLoginNewR
2021/02/04 14:40:25 [debug  ] player 12908986780000 login
2021/02/04 14:40:25 [debug  ] gate Run data: [52 0 8 1 18 0 26 0 34 0 42 0 50 0 58 0 66 0 72 1]
2021/02/04 14:40:25 [debug  ] handlePlayerLoginR msg size: 19
2021/02/04 14:40:27 [debug  ] gate Run data: [39 1 10 8 100 102 97 115 102 97 115 102 18 5 101 97 102 97 115 26 7 97 115 100 102 115 97 102]
2021/02/04 14:40:27 [debug  ] server_main/game/internal.handleDeviceLoginNewR
2021/02/04 14:40:27 [error  ] repeat login
2021/02/04 14:40:27 [debug  ] gate Run data: [52 0 8 1 18 0 26 0 34 0 42 0 50 0 58 0 66 0 72 1]
2021/02/04 14:40:27 [debug  ] handlePlayerLoginR msg size: 19
2021/02/04 14:40:27 [debug  ] gate Run data: [54 0]
2021/02/04 14:40:27 [debug  ] gate Run data: [56 0]
2021/02/04 14:40:27 [debug  ] gate Run data: [29 1 8 1 18 2 103 103 24 0]
2021/02/04 14:40:37 [debug  ] gate Run data: [33 0]
2021/02/04 14:40:40 [debug  ] gate read message: websocket: close 1001 (going away)
2021/02/04 14:40:40 [debug  ] rpcCloseAgent
2021/02/04 14:40:40 [debug  ] player 12908986780000 disconnect
2021/02/04 14:40:40 [release] on player 12908986780000 logout
2021/02/04 14:40:42 [debug  ] rpcNewAgent
2021/02/04 14:40:42 [debug  ] gate Run data: [38 0 8 1 16 2 24 1 34 0]
2021/02/04 14:40:42 [debug  ] gate Run data: [39 1 10 8 100 102 97 115 102 97 115 102 18 5 101 97 102 97 115 26 7 97 115 100 102 115 97 102]
2021/02/04 14:40:42 [debug  ] server_main/game/internal.handleDeviceLoginNewR
2021/02/04 14:40:42 [debug  ] player 12908986780000 login
2021/02/04 14:40:42 [debug  ] gate Run data: [52 0 8 1 18 0 26 0 34 0 42 0 50 0 58 0 66 0 72 1]
2021/02/04 14:40:42 [debug  ] handlePlayerLoginR msg size: 19
2021/02/04 14:40:43 [debug  ] gate Run data: [39 1 10 8 100 102 97 115 102 97 115 102 18 5 101 97 102 97 115 26 7 97 115 100 102 115 97 102]
2021/02/04 14:40:43 [debug  ] server_main/game/internal.handleDeviceLoginNewR
2021/02/04 14:40:43 [error  ] repeat login
2021/02/04 14:40:43 [debug  ] gate Run data: [52 0 8 1 18 0 26 0 34 0 42 0 50 0 58 0 66 0 72 1]
2021/02/04 14:40:43 [debug  ] handlePlayerLoginR msg size: 19
2021/02/04 14:40:43 [debug  ] gate Run data: [54 0]
2021/02/04 14:40:43 [debug  ] gate Run data: [56 0]
2021/02/04 14:40:43 [debug  ] gate Run data: [29 1 8 1 18 2 103 103 24 0]
2021/02/04 14:40:53 [debug  ] gate Run data: [33 0]
2021/02/04 14:41:03 [debug  ] gate Run data: [33 0]
2021/02/04 14:41:13 [debug  ] gate Run data: [33 0]
2021/02/04 14:41:16 [debug  ] rpcNewAgent
2021/02/04 14:41:16 [debug  ] gate Run data: [38 0 8 1 16 2 24 1 34 0]
2021/02/04 14:41:16 [debug  ] gate Run data: [39 1 10 8 100 102 97 115 102 97 115 102 18 5 101 97 102 97 115 26 7 97 115 100 102 115 97 102]
2021/02/04 14:41:16 [debug  ] server_main/game/internal.handleDeviceLoginNewR
2021/02/04 14:41:16 [release] player 12908986780000 login repeat
2021/02/04 14:41:16 [release] on player 12908986780000 logout
2021/02/04 14:41:16 [debug  ] player 12908986780000 login
2021/02/04 14:41:16 [debug  ] gate read message: read tcp 192.168.15.132:17183->192.168.15.132:58346: use of closed network connection
2021/02/04 14:41:16 [debug  ] rpcCloseAgent
2021/02/04 14:41:16 [debug  ] gate Run data: [52 0 8 1 18 0 26 0 34 0 42 0 50 0 58 0 66 0 72 1]
2021/02/04 14:41:16 [debug  ] handlePlayerLoginR msg size: 19
2021/02/04 14:41:19 [debug  ] gate Run data: [39 1 10 8 100 102 97 115 102 97 115 102 18 5 101 97 102 97 115 26 7 97 115 100 102 115 97 102]
2021/02/04 14:41:19 [debug  ] server_main/game/internal.handleDeviceLoginNewR
2021/02/04 14:41:19 [error  ] repeat login
2021/02/04 14:41:19 [debug  ] gate Run data: [52 0 8 1 18 0 26 0 34 0 42 0 50 0 58 0 66 0 72 1]
2021/02/04 14:41:19 [debug  ] handlePlayerLoginR msg size: 19
2021/02/04 14:41:19 [debug  ] gate Run data: [54 0]
2021/02/04 14:41:19 [debug  ] gate Run data: [56 0]
2021/02/04 14:41:19 [debug  ] gate Run data: [29 1 8 1 18 2 103 103 24 0]
2021/02/04 14:41:29 [debug  ] gate Run data: [33 0]
2021/02/04 14:41:40 [debug  ] gate Run data: [33 0]
2021/02/04 14:41:51 [debug  ] gate Run data: [33 0]
2021/02/04 14:42:02 [debug  ] gate Run data: [33 0]
2021/02/04 14:42:12 [debug  ] gate Run data: [33 0]
2021/02/04 14:42:16 [debug  ] gate read message: read tcp 192.168.15.132:17183->192.168.23.205:59403: wsarecv: An existing connection was forcibly closed by the remote host.
2021/02/04 14:42:16 [debug  ] rpcCloseAgent
2021/02/04 14:42:16 [debug  ] player 12908986780000 disconnect
2021/02/04 14:42:16 [release] on player 12908986780000 logout
2021/02/04 14:43:28 [debug  ] Info, sort guild ,GuildRankTime:%!(EXTRA int64=12919220810000, string= rank num:, int32=21)
2021/02/04 14:43:28 [debug  ] Info, UpdateRank
2021/02/04 14:48:28 [debug  ] Info, UpdateRank
2021/02/04 14:48:28 [debug  ] Info, sort guild ,GuildRankTime:%!(EXTRA int64=12919250810000, string= rank num:, int32=21)
2021/02/04 14:49:06 [debug  ] rpcNewAgent
2021/02/04 14:49:06 [debug  ] gate Run data: [38 0 8 1 16 2 24 1 34 0]
2021/02/04 14:49:06 [debug  ] gate Run data: [39 1 10 8 100 102 97 115 102 97 115 102 18 5 101 97 102 97 115 26 7 97 115 100 102 115 97 102]
2021/02/04 14:49:06 [debug  ] server_main/game/internal.handleDeviceLoginNewR
2021/02/04 14:49:06 [debug  ] player 12908986780000 login
2021/02/04 14:49:06 [debug  ] gate Run data: [52 0 8 1 18 0 26 0 34 0 42 0 50 0 58 0 66 0 72 1]
2021/02/04 14:49:06 [debug  ] handlePlayerLoginR msg size: 19
2021/02/04 14:49:07 [debug  ] gate Run data: [39 1 10 8 100 102 97 115 102 97 115 102 18 5 101 97 102 97 115 26 7 97 115 100 102 115 97 102]
2021/02/04 14:49:07 [debug  ] server_main/game/internal.handleDeviceLoginNewR
2021/02/04 14:49:07 [error  ] repeat login
2021/02/04 14:49:07 [debug  ] gate Run data: [52 0 8 1 18 0 26 0 34 0 42 0 50 0 58 0 66 0 72 1]
2021/02/04 14:49:07 [debug  ] handlePlayerLoginR msg size: 19
2021/02/04 14:49:07 [debug  ] gate Run data: [54 0]
2021/02/04 14:49:07 [debug  ] gate Run data: [56 0]
2021/02/04 14:49:07 [debug  ] gate Run data: [29 1 8 1 18 2 103 103 24 0]
2021/02/04 14:49:17 [debug  ] gate Run data: [33 0]
2021/02/04 14:49:18 [debug  ] rpcNewAgent
2021/02/04 14:49:18 [debug  ] gate Run data: [38 0 8 1 16 2 24 1 34 0]
2021/02/04 14:49:18 [debug  ] gate Run data: [39 1 10 8 100 102 97 115 102 97 115 102 18 5 101 97 102 97 115 26 7 97 115 100 102 115 97 102]
2021/02/04 14:49:18 [debug  ] server_main/game/internal.handleDeviceLoginNewR
2021/02/04 14:49:18 [release] player 12908986780000 login repeat
2021/02/04 14:49:18 [release] on player 12908986780000 logout
2021/02/04 14:49:18 [debug  ] gate read message: read tcp 192.168.15.132:17183->192.168.15.132:59212: use of closed network connection
2021/02/04 14:49:18 [debug  ] player 12908986780000 login
2021/02/04 14:49:18 [debug  ] rpcCloseAgent
2021/02/04 14:49:18 [debug  ] gate Run data: [52 0 8 1 18 0 26 0 34 0 42 0 50 0 58 0 66 0 72 1]
2021/02/04 14:49:18 [debug  ] handlePlayerLoginR msg size: 19
2021/02/04 14:49:21 [debug  ] gate Run data: [39 1 10 8 100 102 97 115 102 97 115 102 18 5 101 97 102 97 115 26 7 97 115 100 102 115 97 102]
2021/02/04 14:49:21 [debug  ] server_main/game/internal.handleDeviceLoginNewR
2021/02/04 14:49:21 [error  ] repeat login
2021/02/04 14:49:21 [debug  ] gate Run data: [52 0 8 1 18 0 26 0 34 0 42 0 50 0 58 0 66 0 72 1]
2021/02/04 14:49:21 [debug  ] handlePlayerLoginR msg size: 19
2021/02/04 14:49:21 [debug  ] gate Run data: [54 0]
2021/02/04 14:49:21 [debug  ] gate Run data: [56 0]
2021/02/04 14:49:21 [debug  ] gate Run data: [29 1 8 1 18 2 103 103 24 0]
2021/02/04 14:49:31 [debug  ] gate Run data: [33 0]
2021/02/04 14:49:33 [debug  ] gate read message: read tcp 192.168.15.132:17183->192.168.15.132:59237: wsarecv: An existing connection was forcibly closed by the remote host.
2021/02/04 14:49:33 [debug  ] rpcCloseAgent
2021/02/04 14:49:33 [debug  ] player 12908986780000 disconnect
2021/02/04 14:49:33 [release] on player 12908986780000 logout
2021/02/04 14:53:28 [debug  ] Info, sort guild ,GuildRankTime:%!(EXTRA int64=12919280810000, string= rank num:, int32=21)
2021/02/04 14:53:28 [debug  ] Info, UpdateRank
2021/02/04 14:56:12 [debug  ] rpcNewAgent
2021/02/04 14:56:12 [debug  ] gate Run data: [38 0 8 1 16 2 24 1 34 0]
2021/02/04 14:56:12 [debug  ] gate Run data: [39 1 10 8 100 102 97 115 102 97 115 102 18 5 101 97 102 97 115 26 7 97 115 100 102 115 97 102]
2021/02/04 14:56:12 [debug  ] server_main/game/internal.handleDeviceLoginNewR
2021/02/04 14:56:12 [debug  ] player 12908986780000 login
2021/02/04 14:56:12 [debug  ] gate Run data: [52 0 8 1 18 0 26 0 34 0 42 0 50 0 58 0 66 0 72 1]
2021/02/04 14:56:12 [debug  ] handlePlayerLoginR msg size: 19
2021/02/04 14:56:14 [debug  ] gate Run data: [39 1 10 8 100 102 97 115 102 97 115 102 18 5 101 97 102 97 115 26 7 97 115 100 102 115 97 102]
2021/02/04 14:56:14 [debug  ] server_main/game/internal.handleDeviceLoginNewR
2021/02/04 14:56:14 [error  ] repeat login
2021/02/04 14:56:14 [debug  ] gate Run data: [52 0 8 1 18 0 26 0 34 0 42 0 50 0 58 0 66 0 72 1]
2021/02/04 14:56:14 [debug  ] handlePlayerLoginR msg size: 19
2021/02/04 14:56:14 [debug  ] gate Run data: [54 0]
2021/02/04 14:56:14 [debug  ] gate Run data: [56 0]
2021/02/04 14:56:14 [debug  ] gate Run data: [29 1 8 1 18 2 103 103 24 0]
2021/02/04 14:56:20 [debug  ] gate read message: websocket: close 1001 (going away)
2021/02/04 14:56:20 [debug  ] rpcCloseAgent
2021/02/04 14:56:20 [debug  ] player 12908986780000 disconnect
2021/02/04 14:56:20 [release] on player 12908986780000 logout
2021/02/04 14:56:26 [debug  ] rpcNewAgent
2021/02/04 14:56:26 [debug  ] gate Run data: [38 0 8 1 16 2 24 1 34 0]
2021/02/04 14:56:26 [debug  ] gate Run data: [39 1 10 8 100 102 97 115 102 97 115 102 18 5 101 97 102 97 115 26 7 97 115 100 102 115 97 102]
2021/02/04 14:56:26 [debug  ] server_main/game/internal.handleDeviceLoginNewR
2021/02/04 14:56:26 [debug  ] player 12908986780000 login
2021/02/04 14:56:26 [debug  ] gate Run data: [52 0 8 1 18 0 26 0 34 0 42 0 50 0 58 0 66 0 72 1]
2021/02/04 14:56:26 [debug  ] handlePlayerLoginR msg size: 19
2021/02/04 14:56:30 [debug  ] gate Run data: [39 1 10 8 100 102 97 115 102 97 115 102 18 5 101 97 102 97 115 26 7 97 115 100 102 115 97 102]
2021/02/04 14:56:30 [debug  ] server_main/game/internal.handleDeviceLoginNewR
2021/02/04 14:56:30 [error  ] repeat login
2021/02/04 14:56:30 [debug  ] gate Run data: [52 0 8 1 18 0 26 0 34 0 42 0 50 0 58 0 66 0 72 1]
2021/02/04 14:56:30 [debug  ] handlePlayerLoginR msg size: 19
2021/02/04 14:56:30 [debug  ] gate Run data: [54 0]
2021/02/04 14:56:30 [debug  ] gate Run data: [56 0]
2021/02/04 14:56:30 [debug  ] gate Run data: [29 1 8 1 18 2 103 103 24 0]
2021/02/04 14:56:40 [debug  ] gate Run data: [33 0]
2021/02/04 14:56:42 [debug  ] gate read message: read tcp 192.168.15.132:17183->192.168.15.132:59872: wsarecv: An existing connection was forcibly closed by the remote host.
2021/02/04 14:56:42 [debug  ] rpcCloseAgent
2021/02/04 14:56:42 [debug  ] player 12908986780000 disconnect
2021/02/04 14:56:42 [release] on player 12908986780000 logout
2021/02/04 14:58:22 [debug  ] rpcNewAgent
2021/02/04 14:58:22 [debug  ] gate Run data: [38 0 8 1 16 2 24 1 34 0]
2021/02/04 14:58:22 [debug  ] gate Run data: [39 1 10 8 100 102 97 115 102 97 115 102 18 5 101 97 102 97 115 26 7 97 115 100 102 115 97 102]
2021/02/04 14:58:22 [debug  ] server_main/game/internal.handleDeviceLoginNewR
2021/02/04 14:58:22 [debug  ] player 12908986780000 login
2021/02/04 14:58:22 [debug  ] gate Run data: [52 0 8 1 18 0 26 0 34 0 42 0 50 0 58 0 66 0 72 1]
2021/02/04 14:58:22 [debug  ] handlePlayerLoginR msg size: 19
2021/02/04 14:58:25 [debug  ] gate Run data: [39 1 10 8 100 102 97 115 102 97 115 102 18 5 101 97 102 97 115 26 7 97 115 100 102 115 97 102]
2021/02/04 14:58:25 [debug  ] server_main/game/internal.handleDeviceLoginNewR
2021/02/04 14:58:25 [error  ] repeat login
2021/02/04 14:58:25 [debug  ] gate Run data: [52 0 8 1 18 0 26 0 34 0 42 0 50 0 58 0 66 0 72 1]
2021/02/04 14:58:25 [debug  ] handlePlayerLoginR msg size: 19
2021/02/04 14:58:25 [debug  ] gate Run data: [54 0]
2021/02/04 14:58:25 [debug  ] gate Run data: [56 0]
2021/02/04 14:58:25 [debug  ] gate Run data: [29 1 8 1 18 2 103 103 24 0]
2021/02/04 14:58:28 [debug  ] Info, UpdateRank
2021/02/04 14:58:28 [debug  ] Info, sort guild ,GuildRankTime:%!(EXTRA int64=12919310810000, string= rank num:, int32=21)
2021/02/04 14:58:35 [debug  ] gate Run data: [33 0]
2021/02/04 14:58:37 [debug  ] rpcNewAgent
2021/02/04 14:58:37 [debug  ] gate Run data: [38 0 8 1 16 2 24 1 34 0]
2021/02/04 14:58:37 [debug  ] gate Run data: [39 1 10 8 100 102 97 115 102 97 115 102 18 5 101 97 102 97 115 26 7 97 115 100 102 115 97 102]
2021/02/04 14:58:37 [debug  ] server_main/game/internal.handleDeviceLoginNewR
2021/02/04 14:58:37 [release] player 12908986780000 login repeat
2021/02/04 14:58:37 [release] on player 12908986780000 logout
2021/02/04 14:58:37 [debug  ] gate read message: read tcp 192.168.15.132:17183->192.168.15.132:60186: use of closed network connection
2021/02/04 14:58:37 [debug  ] player 12908986780000 login
2021/02/04 14:58:37 [debug  ] rpcCloseAgent
2021/02/04 14:58:37 [debug  ] gate Run data: [52 0 8 1 18 0 26 0 34 0 42 0 50 0 58 0 66 0 72 1]
2021/02/04 14:58:37 [debug  ] handlePlayerLoginR msg size: 19
2021/02/04 14:58:40 [debug  ] gate Run data: [39 1 10 8 100 102 97 115 102 97 115 102 18 5 101 97 102 97 115 26 7 97 115 100 102 115 97 102]
2021/02/04 14:58:40 [debug  ] server_main/game/internal.handleDeviceLoginNewR
2021/02/04 14:58:40 [error  ] repeat login
2021/02/04 14:58:40 [debug  ] gate Run data: [52 0 8 1 18 0 26 0 34 0 42 0 50 0 58 0 66 0 72 1]
2021/02/04 14:58:40 [debug  ] handlePlayerLoginR msg size: 19
2021/02/04 14:58:40 [debug  ] gate Run data: [54 0]
2021/02/04 14:58:40 [debug  ] gate Run data: [56 0]
2021/02/04 14:58:40 [debug  ] gate Run data: [29 1 8 1 18 2 103 103 24 0]
2021/02/04 14:58:45 [debug  ] gate read message: read tcp 192.168.15.132:17183->192.168.15.132:60217: wsarecv: An existing connection was forcibly closed by the remote host.
2021/02/04 14:58:45 [debug  ] rpcCloseAgent
2021/02/04 14:58:45 [debug  ] player 12908986780000 disconnect
2021/02/04 14:58:45 [release] on player 12908986780000 logout
2021/02/04 15:02:28 [debug  ] rpcNewAgent
2021/02/04 15:02:28 [debug  ] gate Run data: [38 0 8 1 16 2 24 1 34 0]
2021/02/04 15:02:28 [debug  ] gate Run data: [39 1 10 8 100 102 97 115 102 97 115 102 18 5 101 97 102 97 115 26 7 97 115 100 102 115 97 102]
2021/02/04 15:02:28 [debug  ] server_main/game/internal.handleDeviceLoginNewR
2021/02/04 15:02:28 [debug  ] player 12908986780000 login
2021/02/04 15:02:28 [debug  ] gate Run data: [52 0 8 1 18 0 26 0 34 0 42 0 50 0 58 0 66 0 72 1]
2021/02/04 15:02:28 [debug  ] handlePlayerLoginR msg size: 19
2021/02/04 15:02:31 [debug  ] gate read message: websocket: close 1001 (going away)
2021/02/04 15:02:31 [debug  ] rpcCloseAgent
2021/02/04 15:02:31 [debug  ] player 12908986780000 disconnect
2021/02/04 15:02:31 [release] on player 12908986780000 logout
2021/02/04 15:02:36 [debug  ] rpcNewAgent
2021/02/04 15:02:36 [debug  ] gate Run data: [38 0 8 1 16 2 24 1 34 0]
2021/02/04 15:02:36 [debug  ] gate Run data: [39 1 10 8 100 102 97 115 102 97 115 102 18 5 101 97 102 97 115 26 7 97 115 100 102 115 97 102]
2021/02/04 15:02:36 [debug  ] server_main/game/internal.handleDeviceLoginNewR
2021/02/04 15:02:36 [debug  ] player 12908986780000 login
2021/02/04 15:02:36 [debug  ] gate Run data: [52 0 8 1 18 0 26 0 34 0 42 0 50 0 58 0 66 0 72 1]
2021/02/04 15:02:36 [debug  ] handlePlayerLoginR msg size: 19
2021/02/04 15:02:38 [debug  ] gate Run data: [39 1 10 8 100 102 97 115 102 97 115 102 18 5 101 97 102 97 115 26 7 97 115 100 102 115 97 102]
2021/02/04 15:02:38 [debug  ] server_main/game/internal.handleDeviceLoginNewR
2021/02/04 15:02:38 [error  ] repeat login
2021/02/04 15:02:38 [debug  ] gate Run data: [52 0 8 1 18 0 26 0 34 0 42 0 50 0 58 0 66 0 72 1]
2021/02/04 15:02:38 [debug  ] handlePlayerLoginR msg size: 19
2021/02/04 15:02:38 [debug  ] gate Run data: [54 0]
2021/02/04 15:02:38 [debug  ] gate Run data: [56 0]
2021/02/04 15:02:38 [debug  ] gate Run data: [29 1 8 1 18 2 103 103 24 0]
2021/02/04 15:02:48 [debug  ] gate Run data: [33 0]
2021/02/04 15:02:50 [debug  ] gate read message: read tcp 192.168.15.132:17183->192.168.15.132:60707: wsarecv: An existing connection was forcibly closed by the remote host.
2021/02/04 15:02:50 [debug  ] rpcCloseAgent
2021/02/04 15:02:50 [debug  ] player 12908986780000 disconnect
2021/02/04 15:02:50 [release] on player 12908986780000 logout
2021/02/04 15:03:28 [debug  ] Info, UpdateRank
2021/02/04 15:03:28 [debug  ] Info, sort guild ,GuildRankTime:%!(EXTRA int64=12919340820000, string= rank num:, int32=21)
2021/02/04 15:06:41 [debug  ] rpcNewAgent
2021/02/04 15:06:41 [debug  ] gate Run data: [38 0 8 1 16 2 24 1 34 0]
2021/02/04 15:06:41 [debug  ] gate Run data: [39 1 10 8 100 102 97 115 102 97 115 102 18 5 101 97 102 97 115 26 7 97 115 100 102 115 97 102]
2021/02/04 15:06:41 [debug  ] server_main/game/internal.handleDeviceLoginNewR
2021/02/04 15:06:41 [debug  ] player 12908986780000 login
2021/02/04 15:06:41 [debug  ] gate Run data: [52 0 8 1 18 0 26 0 34 0 42 0 50 0 58 0 66 0 72 1]
2021/02/04 15:06:41 [debug  ] handlePlayerLoginR msg size: 19
2021/02/04 15:06:42 [debug  ] gate Run data: [39 1 10 8 100 102 97 115 102 97 115 102 18 5 101 97 102 97 115 26 7 97 115 100 102 115 97 102]
2021/02/04 15:06:42 [debug  ] server_main/game/internal.handleDeviceLoginNewR
2021/02/04 15:06:42 [error  ] repeat login
2021/02/04 15:06:42 [debug  ] gate Run data: [52 0 8 1 18 0 26 0 34 0 42 0 50 0 58 0 66 0 72 1]
2021/02/04 15:06:42 [debug  ] handlePlayerLoginR msg size: 19
2021/02/04 15:06:42 [debug  ] gate Run data: [54 0]
2021/02/04 15:06:42 [debug  ] gate Run data: [56 0]
2021/02/04 15:06:42 [debug  ] gate Run data: [29 1 8 1 18 2 103 103 24 0]
2021/02/04 15:06:52 [debug  ] rpcNewAgent
2021/02/04 15:06:52 [debug  ] gate Run data: [38 0 8 1 16 2 24 1 34 0]
2021/02/04 15:06:52 [debug  ] gate Run data: [39 1 10 8 100 102 97 115 102 97 115 102 18 5 101 97 102 97 115 26 7 97 115 100 102 115 97 102]
2021/02/04 15:06:52 [debug  ] server_main/game/internal.handleDeviceLoginNewR
2021/02/04 15:06:52 [release] player 12908986780000 login repeat
2021/02/04 15:06:52 [release] on player 12908986780000 logout
2021/02/04 15:06:52 [debug  ] gate read message: read tcp 192.168.15.132:17183->192.168.15.132:61192: use of closed network connection
2021/02/04 15:06:52 [debug  ] player 12908986780000 login
2021/02/04 15:06:52 [debug  ] gate Run data: [52 0 8 1 18 0 26 0 34 0 42 0 50 0 58 0 66 0 72 1]
2021/02/04 15:06:52 [debug  ] rpcCloseAgent
2021/02/04 15:06:52 [debug  ] handlePlayerLoginR msg size: 19
2021/02/04 15:06:54 [debug  ] gate Run data: [39 1 10 8 100 102 97 115 102 97 115 102 18 5 101 97 102 97 115 26 7 97 115 100 102 115 97 102]
2021/02/04 15:06:54 [debug  ] server_main/game/internal.handleDeviceLoginNewR
2021/02/04 15:06:54 [error  ] repeat login
2021/02/04 15:06:54 [debug  ] gate Run data: [52 0 8 1 18 0 26 0 34 0 42 0 50 0 58 0 66 0 72 1]
2021/02/04 15:06:54 [debug  ] handlePlayerLoginR msg size: 19
2021/02/04 15:06:54 [debug  ] gate Run data: [54 0]
2021/02/04 15:06:54 [debug  ] gate Run data: [56 0]
2021/02/04 15:06:54 [debug  ] gate Run data: [29 1 8 1 18 2 103 103 24 0]
2021/02/04 15:07:01 [debug  ] gate read message: read tcp 192.168.15.132:17183->192.168.15.132:61214: wsarecv: An existing connection was forcibly closed by the remote host.
2021/02/04 15:07:01 [debug  ] rpcCloseAgent
2021/02/04 15:07:01 [debug  ] player 12908986780000 disconnect
2021/02/04 15:07:01 [release] on player 12908986780000 logout
2021/02/04 15:07:31 [debug  ] rpcNewAgent
2021/02/04 15:07:31 [debug  ] gate Run data: [38 0 8 1 16 2 24 1 34 0]
2021/02/04 15:07:31 [debug  ] gate Run data: [39 1 10 8 100 102 97 115 102 97 115 102 18 5 101 97 102 97 115 26 7 97 115 100 102 115 97 102]
2021/02/04 15:07:31 [debug  ] server_main/game/internal.handleDeviceLoginNewR
2021/02/04 15:07:31 [debug  ] player 12908986780000 login
2021/02/04 15:07:31 [debug  ] gate Run data: [52 0 8 1 18 0 26 0 34 0 42 0 50 0 58 0 66 0 72 1]
2021/02/04 15:07:31 [debug  ] handlePlayerLoginR msg size: 19
2021/02/04 15:07:33 [debug  ] gate Run data: [39 1 10 8 100 102 97 115 102 97 115 102 18 5 101 97 102 97 115 26 7 97 115 100 102 115 97 102]
2021/02/04 15:07:33 [debug  ] server_main/game/internal.handleDeviceLoginNewR
2021/02/04 15:07:33 [error  ] repeat login
2021/02/04 15:07:33 [debug  ] gate Run data: [52 0 8 1 18 0 26 0 34 0 42 0 50 0 58 0 66 0 72 1]
2021/02/04 15:07:33 [debug  ] handlePlayerLoginR msg size: 19
2021/02/04 15:07:33 [debug  ] gate Run data: [54 0]
2021/02/04 15:07:33 [debug  ] gate Run data: [56 0]
2021/02/04 15:07:33 [debug  ] gate Run data: [29 1 8 1 18 2 103 103 24 0]
2021/02/04 15:07:43 [debug  ] gate Run data: [33 0]
2021/02/04 15:07:46 [debug  ] gate read message: read tcp 192.168.15.132:17183->192.168.15.132:61418: wsarecv: An existing connection was forcibly closed by the remote host.
2021/02/04 15:07:46 [debug  ] rpcCloseAgent
2021/02/04 15:07:46 [debug  ] player 12908986780000 disconnect
2021/02/04 15:07:46 [release] on player 12908986780000 logout
2021/02/04 15:08:13 [debug  ] rpcNewAgent
2021/02/04 15:08:28 [debug  ] Info, UpdateRank
2021/02/04 15:08:28 [debug  ] Info, sort guild ,GuildRankTime:%!(EXTRA int64=12919370820000, string= rank num:, int32=21)
2021/02/04 15:11:14 [debug  ] Close agent cause heartbeat timeout
2021/02/04 15:11:14 [debug  ] gate read message: read tcp 192.168.15.132:17183->192.168.15.132:61616: use of closed network connection
2021/02/04 15:11:14 [debug  ] rpcCloseAgent
2021/02/04 15:11:19 [debug  ] rpcNewAgent
2021/02/04 15:13:28 [debug  ] Info, UpdateRank
2021/02/04 15:13:28 [debug  ] Info, sort guild ,GuildRankTime:%!(EXTRA int64=12919400820000, string= rank num:, int32=21)
2021/02/04 15:13:28 [debug  ] rpcNewAgent
2021/02/04 15:13:28 [debug  ] gate Run data: [38 0 8 1 16 2 24 1 34 0]
2021/02/04 15:13:28 [debug  ] gate Run data: [39 1 10 8 100 102 97 115 102 97 115 102 18 5 101 97 102 97 115 26 7 97 115 100 102 115 97 102]
2021/02/04 15:13:28 [debug  ] server_main/game/internal.handleDeviceLoginNewR
2021/02/04 15:13:28 [debug  ] player 12908986780000 login
2021/02/04 15:13:28 [debug  ] gate Run data: [52 0 8 1 18 0 26 0 34 0 42 0 50 0 58 0 66 0 72 1]
2021/02/04 15:13:28 [debug  ] handlePlayerLoginR msg size: 19
2021/02/04 15:13:32 [debug  ] gate Run data: [39 1 10 8 100 102 97 115 102 97 115 102 18 5 101 97 102 97 115 26 7 97 115 100 102 115 97 102]
2021/02/04 15:13:32 [debug  ] server_main/game/internal.handleDeviceLoginNewR
2021/02/04 15:13:32 [error  ] repeat login
2021/02/04 15:13:32 [debug  ] gate Run data: [52 0 8 1 18 0 26 0 34 0 42 0 50 0 58 0 66 0 72 1]
2021/02/04 15:13:32 [debug  ] handlePlayerLoginR msg size: 19
2021/02/04 15:13:32 [debug  ] gate Run data: [54 0]
2021/02/04 15:13:32 [debug  ] gate Run data: [56 0]
2021/02/04 15:13:32 [debug  ] gate Run data: [29 1 8 1 18 2 103 103 24 0]
2021/02/04 15:13:37 [debug  ] gate read message: read tcp 192.168.15.132:17183->192.168.15.132:62028: wsarecv: An existing connection was forcibly closed by the remote host.
2021/02/04 15:13:37 [debug  ] gate read message: read tcp 192.168.15.132:17183->192.168.15.132:61898: wsarecv: An existing connection was forcibly closed by the remote host.
2021/02/04 15:13:37 [debug  ] rpcCloseAgent
2021/02/04 15:13:37 [debug  ] player 12908986780000 disconnect
2021/02/04 15:13:37 [release] on player 12908986780000 logout
2021/02/04 15:13:37 [debug  ] rpcCloseAgent
2021/02/04 15:14:13 [debug  ] rpcNewAgent
2021/02/04 15:17:15 [debug  ] Close agent cause heartbeat timeout
2021/02/04 15:17:15 [debug  ] gate read message: read tcp 192.168.15.132:17183->192.168.15.132:62223: use of closed network connection
2021/02/04 15:17:15 [debug  ] rpcCloseAgent
2021/02/04 15:17:20 [debug  ] rpcNewAgent
2021/02/04 15:18:28 [debug  ] Info, UpdateRank
2021/02/04 15:18:28 [debug  ] Info, sort guild ,GuildRankTime:%!(EXTRA int64=12919430820000, string= rank num:, int32=21)
2021/02/04 15:20:21 [debug  ] Close agent cause heartbeat timeout
2021/02/04 15:20:21 [debug  ] gate read message: read tcp 192.168.15.132:17183->192.168.15.132:62504: use of closed network connection
2021/02/04 15:20:21 [debug  ] rpcCloseAgent
2021/02/04 15:23:28 [debug  ] Info, UpdateRank
2021/02/04 15:23:28 [debug  ] Info, sort guild ,GuildRankTime:%!(EXTRA int64=12919460820000, string= rank num:, int32=21)
2021/02/04 15:25:28 [debug  ] rpcNewAgent
2021/02/04 15:25:28 [debug  ] gate Run data: [38 0 8 1 16 2 24 1 34 0]
2021/02/04 15:25:28 [debug  ] gate Run data: [39 1 10 8 100 102 97 115 102 97 115 102 18 5 101 97 102 97 115 26 7 97 115 100 102 115 97 102]
2021/02/04 15:25:28 [debug  ] server_main/game/internal.handleDeviceLoginNewR
2021/02/04 15:25:28 [debug  ] player 12908986780000 login
2021/02/04 15:25:28 [debug  ] gate Run data: [52 0 8 1 18 0 26 0 34 0 42 0 50 0 58 0 66 0 72 1]
2021/02/04 15:25:28 [debug  ] handlePlayerLoginR msg size: 19
2021/02/04 15:25:30 [debug  ] gate Run data: [39 1 10 8 100 102 97 115 102 97 115 102 18 5 101 97 102 97 115 26 7 97 115 100 102 115 97 102]
2021/02/04 15:25:30 [debug  ] server_main/game/internal.handleDeviceLoginNewR
2021/02/04 15:25:30 [error  ] repeat login
2021/02/04 15:25:30 [debug  ] gate Run data: [52 0 8 1 18 0 26 0 34 0 42 0 50 0 58 0 66 0 72 1]
2021/02/04 15:25:30 [debug  ] handlePlayerLoginR msg size: 19
2021/02/04 15:25:30 [debug  ] gate Run data: [54 0]
2021/02/04 15:25:30 [debug  ] gate Run data: [56 0]
2021/02/04 15:25:30 [debug  ] gate Run data: [29 1 8 1 18 2 103 103 24 0]
2021/02/04 15:25:35 [debug  ] rpcNewAgent
2021/02/04 15:25:40 [debug  ] gate Run data: [33 0]
2021/02/04 15:25:50 [debug  ] gate Run data: [33 0]
2021/02/04 15:26:00 [debug  ] gate Run data: [33 0]
2021/02/04 15:26:07 [debug  ] gate read message: websocket: close 1001 (going away)
2021/02/04 15:26:07 [debug  ] rpcCloseAgent
2021/02/04 15:26:07 [debug  ] player 12908986780000 disconnect
2021/02/04 15:26:07 [release] on player 12908986780000 logout
2021/02/04 15:26:13 [debug  ] rpcNewAgent
2021/02/04 15:26:13 [debug  ] gate Run data: [38 0 8 1 16 2 24 1 34 0]
2021/02/04 15:26:13 [debug  ] gate Run data: [39 1 10 8 100 102 97 115 102 97 115 102 18 5 101 97 102 97 115 26 7 97 115 100 102 115 97 102]
2021/02/04 15:26:13 [debug  ] server_main/game/internal.handleDeviceLoginNewR
2021/02/04 15:26:13 [debug  ] player 12908986780000 login
2021/02/04 15:26:13 [debug  ] gate Run data: [52 0 8 1 18 0 26 0 34 0 42 0 50 0 58 0 66 0 72 1]
2021/02/04 15:26:13 [debug  ] handlePlayerLoginR msg size: 19
2021/02/04 15:26:15 [debug  ] gate Run data: [39 1 10 8 100 102 97 115 102 97 115 102 18 5 101 97 102 97 115 26 7 97 115 100 102 115 97 102]
2021/02/04 15:26:15 [debug  ] server_main/game/internal.handleDeviceLoginNewR
2021/02/04 15:26:15 [error  ] repeat login
2021/02/04 15:26:15 [debug  ] gate Run data: [52 0 8 1 18 0 26 0 34 0 42 0 50 0 58 0 66 0 72 1]
2021/02/04 15:26:15 [debug  ] handlePlayerLoginR msg size: 19
2021/02/04 15:26:15 [debug  ] gate Run data: [54 0]
2021/02/04 15:26:15 [debug  ] gate Run data: [56 0]
2021/02/04 15:26:15 [debug  ] gate Run data: [29 1 8 1 18 2 103 103 24 0]
2021/02/04 15:26:25 [debug  ] gate Run data: [33 0]
2021/02/04 15:26:25 [debug  ] gate read message: read tcp 192.168.15.132:17183->192.168.15.132:63088: wsarecv: An existing connection was forcibly closed by the remote host.
2021/02/04 15:26:26 [debug  ] rpcCloseAgent
2021/02/04 15:26:26 [debug  ] player 12908986780000 disconnect
2021/02/04 15:26:26 [release] on player 12908986780000 logout
2021/02/04 15:26:54 [debug  ] rpcNewAgent
2021/02/04 15:26:54 [debug  ] gate Run data: [39 1 10 8 100 102 97 115 102 97 115 102 18 5 101 97 102 97 115 26 7 97 115 100 102 115 97 102]
2021/02/04 15:26:54 [debug  ] server_main/game/internal.handleDeviceLoginNewR
2021/02/04 15:26:54 [debug  ] player 12908986780000 login
2021/02/04 15:26:54 [debug  ] gate Run data: [52 0 8 1 18 0 26 0 34 0 42 0 50 0 58 0 66 0 72 1]
2021/02/04 15:26:54 [debug  ] handlePlayerLoginR msg size: 19
2021/02/04 15:26:54 [debug  ] gate Run data: [54 0]
2021/02/04 15:26:54 [debug  ] gate Run data: [56 0]
2021/02/04 15:26:54 [debug  ] gate Run data: [29 1 8 1 18 2 103 103 24 0]
2021/02/04 15:27:04 [debug  ] gate Run data: [33 0]
2021/02/04 15:27:14 [debug  ] gate Run data: [33 0]
2021/02/04 15:27:24 [debug  ] gate Run data: [33 0]
2021/02/04 15:27:34 [debug  ] gate Run data: [33 0]
2021/02/04 15:27:44 [debug  ] gate Run data: [33 0]
2021/02/04 15:27:54 [debug  ] gate Run data: [33 0]
2021/02/04 15:28:04 [debug  ] gate Run data: [33 0]
2021/02/04 15:28:14 [debug  ] gate Run data: [33 0]
2021/02/04 15:28:24 [debug  ] gate Run data: [33 0]
2021/02/04 15:28:28 [debug  ] Info, UpdateRank
2021/02/04 15:28:28 [debug  ] Info, sort guild ,GuildRankTime:%!(EXTRA int64=12919490820000, string= rank num:, int32=21)
2021/02/04 15:28:34 [debug  ] gate Run data: [33 0]
2021/02/04 15:28:35 [debug  ] Close agent cause heartbeat timeout
2021/02/04 15:28:35 [debug  ] gate read message: read tcp [::1]:17183->[::1]:63050: use of closed network connection
2021/02/04 15:28:35 [debug  ] rpcCloseAgent
2021/02/04 15:28:44 [debug  ] gate Run data: [33 0]
2021/02/04 15:28:54 [debug  ] gate Run data: [33 0]
2021/02/04 15:28:56 [debug  ] gate read message: websocket: close 1001 (going away)
2021/02/04 15:28:56 [debug  ] rpcCloseAgent
2021/02/04 15:28:56 [debug  ] player 12908986780000 disconnect
2021/02/04 15:28:56 [release] on player 12908986780000 logout
2021/02/04 15:31:06 [debug  ] rpcNewAgent
2021/02/04 15:31:06 [debug  ] gate Run data: [38 0 8 1 16 2 24 1 34 0]
2021/02/04 15:31:06 [debug  ] gate Run data: [39 1 10 8 100 102 97 115 102 97 115 102 18 5 101 97 102 97 115 26 7 97 115 100 102 115 97 102]
2021/02/04 15:31:06 [debug  ] server_main/game/internal.handleDeviceLoginNewR
2021/02/04 15:31:06 [debug  ] player 12908986780000 login
2021/02/04 15:31:06 [debug  ] gate Run data: [52 0 8 1 18 0 26 0 34 0 42 0 50 0 58 0 66 0 72 1]
2021/02/04 15:31:06 [debug  ] handlePlayerLoginR msg size: 19
2021/02/04 15:31:10 [debug  ] gate read message: websocket: close 1001 (going away)
2021/02/04 15:31:10 [debug  ] rpcCloseAgent
2021/02/04 15:31:10 [debug  ] player 12908986780000 disconnect
2021/02/04 15:31:10 [release] on player 12908986780000 logout
2021/02/04 15:31:14 [debug  ] rpcNewAgent
2021/02/04 15:31:15 [debug  ] gate Run data: [38 0 8 1 16 2 24 1 34 0]
2021/02/04 15:31:15 [debug  ] gate Run data: [39 1 10 8 100 102 97 115 102 97 115 102 18 5 101 97 102 97 115 26 7 97 115 100 102 115 97 102]
2021/02/04 15:31:15 [debug  ] server_main/game/internal.handleDeviceLoginNewR
2021/02/04 15:31:15 [debug  ] player 12908986780000 login
2021/02/04 15:31:15 [debug  ] gate Run data: [52 0 8 1 18 0 26 0 34 0 42 0 50 0 58 0 66 0 72 1]
2021/02/04 15:31:15 [debug  ] handlePlayerLoginR msg size: 19
2021/02/04 15:31:16 [debug  ] gate Run data: [39 1 10 8 100 102 97 115 102 97 115 102 18 5 101 97 102 97 115 26 7 97 115 100 102 115 97 102]
2021/02/04 15:31:16 [debug  ] server_main/game/internal.handleDeviceLoginNewR
2021/02/04 15:31:16 [error  ] repeat login
2021/02/04 15:31:16 [debug  ] gate Run data: [52 0 8 1 18 0 26 0 34 0 42 0 50 0 58 0 66 0 72 1]
2021/02/04 15:31:16 [debug  ] handlePlayerLoginR msg size: 19
2021/02/04 15:31:16 [debug  ] gate Run data: [54 0]
2021/02/04 15:31:16 [debug  ] gate Run data: [56 0]
2021/02/04 15:31:16 [debug  ] gate Run data: [29 1 8 1 18 2 103 103 24 0]
2021/02/04 15:31:24 [debug  ] gate read message: read tcp 192.168.15.132:17183->192.168.15.132:63599: wsarecv: An existing connection was forcibly closed by the remote host.
2021/02/04 15:31:24 [debug  ] rpcCloseAgent
2021/02/04 15:31:24 [debug  ] player 12908986780000 disconnect
2021/02/04 15:31:24 [release] on player 12908986780000 logout
2021/02/04 15:31:45 [debug  ] rpcNewAgent
2021/02/04 15:31:45 [debug  ] gate Run data: [33 0 8 1]
2021/02/04 15:31:45 [debug  ] gate Run data: [33 0 8 1]
2021/02/04 15:31:55 [debug  ] gate Run data: [33 0]
2021/02/04 15:32:00 [debug  ] gate read message: websocket: close 1001 (going away)
2021/02/04 15:32:00 [debug  ] rpcCloseAgent
2021/02/04 15:33:28 [debug  ] Info, UpdateRank
2021/02/04 15:33:28 [debug  ] Info, sort guild ,GuildRankTime:%!(EXTRA int64=12919520820000, string= rank num:, int32=21)
2021/02/04 15:38:28 [debug  ] Info, UpdateRank
2021/02/04 15:38:28 [debug  ] Info, sort guild ,GuildRankTime:%!(EXTRA int64=12919550820000, string= rank num:, int32=21)
2021/02/04 15:43:28 [debug  ] Info, UpdateRank
2021/02/04 15:43:28 [debug  ] Info, sort guild ,GuildRankTime:%!(EXTRA int64=12919580820000, string= rank num:, int32=21)
2021/02/04 15:48:28 [debug  ] Info, UpdateRank
2021/02/04 15:48:28 [debug  ] Info, sort guild ,GuildRankTime:%!(EXTRA int64=12919610820000, string= rank num:, int32=21)
2021/02/04 15:53:28 [debug  ] Info, UpdateRank
2021/02/04 15:53:28 [debug  ] Info, sort guild ,GuildRankTime:%!(EXTRA int64=12919640820000, string= rank num:, int32=21)
2021/02/04 15:58:28 [debug  ] Info, sort guild ,GuildRankTime:%!(EXTRA int64=12919670820000, string= rank num:, int32=21)
2021/02/04 15:58:28 [debug  ] Info, UpdateRank
2021/02/04 16:03:28 [debug  ] Info, sort guild ,GuildRankTime:%!(EXTRA int64=12919700820000, string= rank num:, int32=21)
2021/02/04 16:03:28 [debug  ] Info, UpdateRank
2021/02/04 16:08:28 [debug  ] Info, sort guild ,GuildRankTime:%!(EXTRA int64=12919730820000, string= rank num:, int32=21)
2021/02/04 16:08:28 [debug  ] Info, UpdateRank
2021/02/04 16:13:28 [debug  ] Info, UpdateRank
2021/02/04 16:13:28 [debug  ] Info, sort guild ,GuildRankTime:%!(EXTRA int64=12919760820000, string= rank num:, int32=21)
2021/02/04 16:18:28 [debug  ] Info, UpdateRank
2021/02/04 16:18:28 [debug  ] Info, sort guild ,GuildRankTime:%!(EXTRA int64=12919790820000, string= rank num:, int32=21)
2021/02/04 16:23:28 [debug  ] Info, UpdateRank
2021/02/04 16:23:28 [debug  ] Info, sort guild ,GuildRankTime:%!(EXTRA int64=12919820820000, string= rank num:, int32=21)
2021/02/04 16:23:48 [debug  ] rpcNewAgent
2021/02/04 16:23:48 [debug  ] gate Run data: [38 0 8 1 16 2 24 1 34 0]
2021/02/04 16:23:48 [debug  ] gate Run data: [39 1 10 8 100 102 97 115 102 97 115 102 18 5 101 97 102 97 115 26 7 97 115 100 102 115 97 102]
2021/02/04 16:23:48 [debug  ] server_main/game/internal.handleDeviceLoginNewR
2021/02/04 16:23:48 [debug  ] player 12908986780000 login
2021/02/04 16:23:48 [debug  ] gate Run data: [52 0 8 1 18 0 26 0 34 0 42 0 50 0 58 0 66 0 72 1]
2021/02/04 16:23:48 [debug  ] handlePlayerLoginR msg size: 19
2021/02/04 16:23:50 [debug  ] gate Run data: [39 1 10 8 100 102 97 115 102 97 115 102 18 5 101 97 102 97 115 26 7 97 115 100 102 115 97 102]
2021/02/04 16:23:50 [debug  ] server_main/game/internal.handleDeviceLoginNewR
2021/02/04 16:23:50 [error  ] repeat login
2021/02/04 16:23:50 [debug  ] gate Run data: [52 0 8 1 18 0 26 0 34 0 42 0 50 0 58 0 66 0 72 1]
2021/02/04 16:23:50 [debug  ] handlePlayerLoginR msg size: 19
2021/02/04 16:23:50 [debug  ] gate Run data: [54 0]
2021/02/04 16:23:50 [debug  ] gate Run data: [56 0]
2021/02/04 16:23:50 [debug  ] gate Run data: [29 1 8 1 18 2 103 103 24 0]
2021/02/04 16:23:56 [debug  ] gate read message: read tcp 192.168.15.132:17183->192.168.15.132:49338: wsarecv: An existing connection was forcibly closed by the remote host.
2021/02/04 16:23:57 [debug  ] rpcCloseAgent
2021/02/04 16:23:57 [debug  ] player 12908986780000 disconnect
2021/02/04 16:23:57 [release] on player 12908986780000 logout
2021/02/04 16:24:22 [debug  ] rpcNewAgent
2021/02/04 16:24:22 [debug  ] gate Run data: [33 0 8 1]
2021/02/04 16:24:22 [debug  ] gate Run data: [33 0 8 1]
2021/02/04 16:24:22 [debug  ] gate Run data: [33 0 8 1]
2021/02/04 16:24:22 [debug  ] gate Run data: [33 0 8 1]
2021/02/04 16:24:22 [debug  ] gate Run data: [33 0 8 1]
2021/02/04 16:24:22 [debug  ] gate Run data: [33 0 8 1]
2021/02/04 16:24:22 [debug  ] gate Run data: [33 0 8 1]
2021/02/04 16:24:22 [debug  ] gate Run data: [33 0 8 1]
2021/02/04 16:24:32 [debug  ] gate Run data: [33 0]
2021/02/04 16:24:42 [debug  ] gate Run data: [33 0]
2021/02/04 16:24:52 [debug  ] gate Run data: [33 0]
2021/02/04 16:25:02 [debug  ] gate Run data: [33 0]
2021/02/04 16:25:12 [debug  ] gate Run data: [33 0]
2021/02/04 16:25:22 [debug  ] gate Run data: [33 0]
2021/02/04 16:25:32 [debug  ] gate Run data: [33 0]
2021/02/04 16:25:42 [debug  ] gate Run data: [33 0]
2021/02/04 16:25:52 [debug  ] gate Run data: [33 0]
2021/02/04 16:26:02 [debug  ] gate Run data: [33 0]
2021/02/04 16:26:12 [debug  ] gate Run data: [33 0]
2021/02/04 16:26:22 [debug  ] gate Run data: [33 0]
2021/02/04 16:26:31 [debug  ] gate read message: websocket: close 1001 (going away)
2021/02/04 16:26:31 [debug  ] rpcCloseAgent
2021/02/04 16:26:36 [debug  ] rpcNewAgent
2021/02/04 16:26:36 [debug  ] gate Run data: [38 0 8 1 16 2 24 1 34 0]
2021/02/04 16:26:36 [debug  ] gate Run data: [39 1 10 8 100 102 97 115 102 97 115 102 18 5 101 97 102 97 115 26 7 97 115 100 102 115 97 102]
2021/02/04 16:26:36 [debug  ] server_main/game/internal.handleDeviceLoginNewR
2021/02/04 16:26:36 [debug  ] player 12908986780000 login
2021/02/04 16:26:36 [debug  ] gate Run data: [52 0 8 1 18 0 26 0 34 0 42 0 50 0 58 0 66 0 72 1]
2021/02/04 16:26:36 [debug  ] handlePlayerLoginR msg size: 19
2021/02/04 16:26:38 [debug  ] gate Run data: [39 1 10 8 100 102 97 115 102 97 115 102 18 5 101 97 102 97 115 26 7 97 115 100 102 115 97 102]
2021/02/04 16:26:38 [debug  ] server_main/game/internal.handleDeviceLoginNewR
2021/02/04 16:26:38 [error  ] repeat login
2021/02/04 16:26:38 [debug  ] gate Run data: [52 0 8 1 18 0 26 0 34 0 42 0 50 0 58 0 66 0 72 1]
2021/02/04 16:26:38 [debug  ] handlePlayerLoginR msg size: 19
2021/02/04 16:26:38 [debug  ] gate Run data: [54 0]
2021/02/04 16:26:38 [debug  ] gate Run data: [56 0]
2021/02/04 16:26:39 [debug  ] gate Run data: [29 1 8 1 18 2 103 103 24 0]
2021/02/04 16:26:42 [debug  ] gate read message: read tcp 192.168.15.132:17183->192.168.15.132:49708: wsarecv: An existing connection was forcibly closed by the remote host.
2021/02/04 16:26:42 [debug  ] rpcCloseAgent
2021/02/04 16:26:42 [debug  ] player 12908986780000 disconnect
2021/02/04 16:26:43 [release] on player 12908986780000 logout
2021/02/04 16:27:08 [debug  ] rpcNewAgent
2021/02/04 16:27:08 [debug  ] gate Run data: [33 0 8 1]
2021/02/04 16:27:18 [debug  ] gate Run data: [33 0]
2021/02/04 16:27:28 [debug  ] gate Run data: [33 0]
2021/02/04 16:27:38 [debug  ] gate Run data: [33 0]
2021/02/04 16:27:48 [debug  ] gate Run data: [33 0]
2021/02/04 16:27:58 [debug  ] gate Run data: [33 0]
2021/02/04 16:28:08 [debug  ] gate Run data: [33 0]
2021/02/04 16:28:18 [debug  ] gate Run data: [33 0]
2021/02/04 16:28:28 [debug  ] Info, UpdateRank
2021/02/04 16:28:28 [debug  ] Info, sort guild ,GuildRankTime:%!(EXTRA int64=12919850820000, string= rank num:, int32=21)
2021/02/04 16:28:28 [debug  ] gate Run data: [33 0]
2021/02/04 16:28:38 [debug  ] gate Run data: [33 0]
2021/02/04 16:28:48 [debug  ] gate Run data: [33 0]
2021/02/04 16:28:58 [debug  ] gate Run data: [33 0]
2021/02/04 16:29:08 [debug  ] gate Run data: [33 0]
2021/02/04 16:29:18 [debug  ] gate Run data: [33 0]
2021/02/04 16:29:28 [debug  ] gate Run data: [33 0]
2021/02/04 16:29:34 [debug  ] gate read message: websocket: close 1001 (going away)
2021/02/04 16:29:34 [debug  ] rpcCloseAgent
2021/02/04 16:29:39 [debug  ] rpcNewAgent
2021/02/04 16:29:39 [debug  ] gate Run data: [38 0 8 1 16 2 24 1 34 0]
2021/02/04 16:29:39 [debug  ] gate Run data: [39 1 10 8 100 102 97 115 102 97 115 102 18 5 101 97 102 97 115 26 7 97 115 100 102 115 97 102]
2021/02/04 16:29:39 [debug  ] server_main/game/internal.handleDeviceLoginNewR
2021/02/04 16:29:39 [debug  ] player 12908986780000 login
2021/02/04 16:29:39 [debug  ] gate Run data: [52 0 8 1 18 0 26 0 34 0 42 0 50 0 58 0 66 0 72 1]
2021/02/04 16:29:39 [debug  ] handlePlayerLoginR msg size: 19
2021/02/04 16:29:40 [debug  ] gate Run data: [39 1 10 8 100 102 97 115 102 97 115 102 18 5 101 97 102 97 115 26 7 97 115 100 102 115 97 102]
2021/02/04 16:29:40 [debug  ] server_main/game/internal.handleDeviceLoginNewR
2021/02/04 16:29:40 [error  ] repeat login
2021/02/04 16:29:40 [debug  ] gate Run data: [52 0 8 1 18 0 26 0 34 0 42 0 50 0 58 0 66 0 72 1]
2021/02/04 16:29:40 [debug  ] handlePlayerLoginR msg size: 19
2021/02/04 16:29:40 [debug  ] gate Run data: [54 0]
2021/02/04 16:29:40 [debug  ] gate Run data: [56 0]
2021/02/04 16:29:40 [debug  ] gate Run data: [29 1 8 1 18 2 103 103 24 0]
2021/02/04 16:29:50 [debug  ] gate Run data: [33 0]
2021/02/04 16:30:00 [debug  ] gate Run data: [33 0]
2021/02/04 16:30:02 [debug  ] gate read message: read tcp 192.168.15.132:17183->192.168.15.132:50141: wsarecv: An existing connection was forcibly closed by the remote host.
2021/02/04 16:30:02 [debug  ] rpcCloseAgent
2021/02/04 16:30:02 [debug  ] player 12908986780000 disconnect
2021/02/04 16:30:02 [release] on player 12908986780000 logout
2021/02/04 16:30:29 [debug  ] rpcNewAgent
2021/02/04 16:30:29 [debug  ] gate Run data: [33 0 8 1]
2021/02/04 16:30:39 [debug  ] gate Run data: [33 0]
2021/02/04 16:30:49 [debug  ] gate Run data: [33 0]
2021/02/04 16:30:59 [debug  ] gate Run data: [33 0]
2021/02/04 16:31:09 [debug  ] gate Run data: [33 0]
2021/02/04 16:31:19 [debug  ] gate Run data: [33 0]
2021/02/04 16:31:29 [debug  ] gate Run data: [33 0]
2021/02/04 16:31:39 [debug  ] gate Run data: [33 0]
2021/02/04 16:31:49 [debug  ] gate Run data: [33 0]
2021/02/04 16:31:59 [debug  ] gate Run data: [33 0]
2021/02/04 16:32:09 [debug  ] gate Run data: [33 0]
2021/02/04 16:32:19 [debug  ] gate Run data: [33 0]
2021/02/04 16:32:30 [debug  ] gate Run data: [33 0]
2021/02/04 16:32:40 [debug  ] gate Run data: [33 0]
2021/02/04 16:32:49 [debug  ] gate read message: websocket: close 1001 (going away)
2021/02/04 16:32:49 [debug  ] rpcCloseAgent
2021/02/04 16:32:53 [debug  ] rpcNewAgent
2021/02/04 16:32:53 [debug  ] gate Run data: [38 0 8 1 16 2 24 1 34 0]
2021/02/04 16:32:53 [debug  ] gate Run data: [39 1 10 8 100 102 97 115 102 97 115 102 18 5 101 97 102 97 115 26 7 97 115 100 102 115 97 102]
2021/02/04 16:32:53 [debug  ] server_main/game/internal.handleDeviceLoginNewR
2021/02/04 16:32:53 [debug  ] player 12908986780000 login
2021/02/04 16:32:53 [debug  ] gate Run data: [52 0 8 1 18 0 26 0 34 0 42 0 50 0 58 0 66 0 72 1]
2021/02/04 16:32:53 [debug  ] handlePlayerLoginR msg size: 19
2021/02/04 16:33:03 [debug  ] gate Run data: [33 0]
2021/02/04 16:33:13 [debug  ] gate Run data: [33 0]
2021/02/04 16:33:20 [debug  ] gate read message: websocket: close 1001 (going away)
2021/02/04 16:33:20 [debug  ] rpcCloseAgent
2021/02/04 16:33:20 [debug  ] player 12908986780000 disconnect
2021/02/04 16:33:20 [release] on player 12908986780000 logout
2021/02/04 16:33:28 [debug  ] Info, UpdateRank
2021/02/04 16:33:28 [debug  ] Info, sort guild ,GuildRankTime:%!(EXTRA int64=12919880820000, string= rank num:, int32=21)
2021/02/04 16:34:08 [debug  ] rpcNewAgent
2021/02/04 16:34:08 [debug  ] gate Run data: [38 0 8 1 16 2 24 1 34 0]
2021/02/04 16:34:08 [debug  ] gate Run data: [39 1 10 8 100 102 97 115 102 97 115 102 18 5 101 97 102 97 115 26 7 97 115 100 102 115 97 102]
2021/02/04 16:34:08 [debug  ] server_main/game/internal.handleDeviceLoginNewR
2021/02/04 16:34:08 [debug  ] player 12908986780000 login
2021/02/04 16:34:08 [debug  ] gate Run data: [52 0 8 1 18 0 26 0 34 0 42 0 50 0 58 0 66 0 72 1]
2021/02/04 16:34:08 [debug  ] handlePlayerLoginR msg size: 19
2021/02/04 16:34:16 [debug  ] gate read message: read tcp 192.168.15.132:17183->192.168.15.132:50588: wsarecv: An existing connection was forcibly closed by the remote host.
2021/02/04 16:34:16 [debug  ] rpcCloseAgent
2021/02/04 16:34:16 [debug  ] player 12908986780000 disconnect
2021/02/04 16:34:16 [release] on player 12908986780000 logout
2021/02/04 16:34:36 [debug  ] gate Run data: [33 0 8 1]
2021/02/04 16:34:36 [debug  ] rpcNewAgent
2021/02/04 16:34:36 [debug  ] gate Run data: [33 0 8 1]
2021/02/04 16:34:36 [debug  ] gate Run data: [33 0 8 1]
2021/02/04 16:34:36 [debug  ] gate Run data: [33 0 8 1]
2021/02/04 16:34:36 [debug  ] gate Run data: [33 0 8 1]
2021/02/04 16:34:36 [debug  ] gate Run data: [33 0 8 1]
2021/02/04 16:34:36 [debug  ] gate Run data: [33 0 8 1]
2021/02/04 16:34:36 [debug  ] gate Run data: [33 0 8 1]
2021/02/04 16:34:36 [debug  ] gate Run data: [33 0 8 1]
2021/02/04 16:34:36 [debug  ] gate Run data: [33 0 8 1]
2021/02/04 16:34:36 [debug  ] gate Run data: [33 0 8 1]
2021/02/04 16:34:36 [debug  ] gate Run data: [33 0 8 1]
2021/02/04 16:34:36 [debug  ] gate Run data: [33 0 8 1]
2021/02/04 16:34:36 [debug  ] gate Run data: [33 0 8 1]
2021/02/04 16:34:36 [debug  ] gate Run data: [33 0 8 1]
2021/02/04 16:34:36 [debug  ] gate Run data: [33 0 8 1]
2021/02/04 16:34:36 [debug  ] gate Run data: [33 0 8 1]
2021/02/04 16:34:36 [debug  ] gate Run data: [33 0 8 1]
2021/02/04 16:34:36 [debug  ] gate Run data: [33 0 8 1]
2021/02/04 16:34:36 [debug  ] gate Run data: [33 0 8 1]
2021/02/04 16:34:36 [debug  ] gate Run data: [33 0 8 1]
2021/02/04 16:34:36 [debug  ] gate Run data: [33 0 8 1]
2021/02/04 16:34:36 [debug  ] gate Run data: [33 0 8 1]
2021/02/04 16:34:36 [debug  ] gate Run data: [33 0 8 1]
2021/02/04 16:34:36 [debug  ] gate Run data: [33 0 8 1]
2021/02/04 16:34:36 [debug  ] gate Run data: [33 0 8 1]
2021/02/04 16:34:36 [debug  ] gate Run data: [33 0 8 1]
2021/02/04 16:34:36 [debug  ] gate Run data: [33 0 8 1]
2021/02/04 16:34:38 [debug  ] gate Run data: [39 1 10 8 100 102 97 115 102 97 115 102 18 5 101 97 102 97 115 26 7 97 115 100 102 115 97 102]
2021/02/04 16:34:38 [debug  ] server_main/game/internal.handleDeviceLoginNewR
2021/02/04 16:34:38 [debug  ] player 12908986780000 login
2021/02/04 16:34:38 [debug  ] gate Run data: [52 0 8 1 18 0 26 0 34 0 42 0 50 0 58 0 66 0 72 1]
2021/02/04 16:34:38 [debug  ] handlePlayerLoginR msg size: 19
2021/02/04 16:34:38 [debug  ] gate Run data: [54 0]
2021/02/04 16:34:38 [debug  ] gate Run data: [56 0]
2021/02/04 16:34:38 [debug  ] gate Run data: [29 1 8 1 18 2 103 103 24 0]
2021/02/04 16:34:48 [debug  ] gate Run data: [33 0]
2021/02/04 16:34:58 [debug  ] gate Run data: [33 0]
2021/02/04 16:35:08 [debug  ] gate Run data: [33 0]
2021/02/04 16:35:18 [debug  ] gate Run data: [33 0]
2021/02/04 16:35:28 [debug  ] gate Run data: [33 0]
2021/02/04 16:35:38 [debug  ] gate Run data: [33 0]
2021/02/04 16:35:48 [debug  ] gate Run data: [33 0]
2021/02/04 16:35:58 [debug  ] gate Run data: [33 0]
2021/02/04 16:36:08 [debug  ] gate Run data: [33 0]
2021/02/04 16:36:18 [debug  ] gate Run data: [33 0]
2021/02/04 16:36:28 [debug  ] gate Run data: [33 0]
2021/02/04 16:36:38 [debug  ] gate Run data: [33 0]
2021/02/04 16:36:48 [debug  ] gate Run data: [33 0]
2021/02/04 16:36:58 [debug  ] gate Run data: [33 0]
2021/02/04 16:37:08 [debug  ] gate Run data: [33 0]
2021/02/04 16:37:18 [debug  ] gate Run data: [33 0]
2021/02/04 16:37:28 [debug  ] gate Run data: [33 0]
2021/02/04 16:37:38 [debug  ] gate Run data: [33 0]
2021/02/04 16:37:48 [debug  ] gate Run data: [33 0]
2021/02/04 16:37:58 [debug  ] gate Run data: [33 0]
2021/02/04 16:38:08 [debug  ] gate Run data: [33 0]
2021/02/04 16:38:18 [debug  ] gate Run data: [33 0]
2021/02/04 16:38:28 [debug  ] Info, UpdateRank
2021/02/04 16:38:28 [debug  ] Info, sort guild ,GuildRankTime:%!(EXTRA int64=12919910820000, string= rank num:, int32=21)
2021/02/04 16:38:28 [debug  ] gate Run data: [33 0]
2021/02/04 16:38:38 [debug  ] gate Run data: [33 0]
2021/02/04 16:38:48 [debug  ] gate Run data: [33 0]
2021/02/04 16:38:58 [debug  ] gate Run data: [33 0]
2021/02/04 16:39:08 [debug  ] gate Run data: [33 0]
2021/02/04 16:39:18 [debug  ] gate Run data: [33 0]
2021/02/04 16:39:28 [debug  ] gate Run data: [33 0]
2021/02/04 16:39:38 [debug  ] gate Run data: [33 0]
2021/02/04 16:39:48 [debug  ] gate Run data: [33 0]
2021/02/04 16:39:58 [debug  ] gate Run data: [33 0]
2021/02/04 16:40:08 [debug  ] gate Run data: [33 0]
2021/02/04 16:40:18 [debug  ] gate Run data: [33 0]
2021/02/04 16:40:28 [debug  ] gate Run data: [33 0]
2021/02/04 16:40:38 [debug  ] gate Run data: [33 0]
2021/02/04 16:40:48 [debug  ] gate Run data: [33 0]
2021/02/04 16:40:58 [debug  ] gate Run data: [33 0]
2021/02/04 16:41:08 [debug  ] gate Run data: [33 0]
2021/02/04 16:41:18 [debug  ] gate Run data: [33 0]
2021/02/04 16:41:28 [debug  ] gate Run data: [33 0]
2021/02/04 16:41:38 [debug  ] gate Run data: [33 0]
2021/02/04 16:41:48 [debug  ] gate Run data: [33 0]
2021/02/04 16:41:58 [debug  ] gate Run data: [33 0]
2021/02/04 16:42:06 [debug  ] rpcNewAgent
2021/02/04 16:42:08 [debug  ] gate Run data: [33 0]
2021/02/04 16:42:18 [debug  ] gate Run data: [33 0]
2021/02/04 16:42:28 [debug  ] gate Run data: [33 0]
2021/02/04 16:42:38 [debug  ] gate Run data: [33 0]
2021/02/04 16:42:48 [debug  ] gate Run data: [33 0]
2021/02/04 16:42:58 [debug  ] gate Run data: [33 0]
2021/02/04 16:43:08 [debug  ] gate Run data: [33 0]
2021/02/04 16:43:18 [debug  ] gate Run data: [33 0]
2021/02/04 16:43:28 [debug  ] Info, sort guild ,GuildRankTime:%!(EXTRA int64=12919940820000, string= rank num:, int32=21)
2021/02/04 16:43:28 [debug  ] Info, UpdateRank
2021/02/04 16:43:28 [debug  ] gate Run data: [33 0]
2021/02/04 16:43:38 [debug  ] gate Run data: [33 0]
2021/02/04 16:43:48 [debug  ] gate Run data: [33 0]
2021/02/04 16:43:58 [debug  ] gate Run data: [33 0]
2021/02/04 16:44:08 [debug  ] gate Run data: [33 0]
2021/02/04 16:44:18 [debug  ] gate Run data: [33 0]
2021/02/04 16:44:28 [debug  ] gate Run data: [33 0]
2021/02/04 16:44:38 [debug  ] gate Run data: [33 0]
2021/02/04 16:44:48 [debug  ] gate Run data: [33 0]
2021/02/04 16:44:58 [debug  ] gate Run data: [33 0]
2021/02/04 16:45:06 [debug  ] Close agent cause heartbeat timeout
2021/02/04 16:45:06 [debug  ] gate read message: read tcp [::1]:17183->[::1]:51174: use of closed network connection
2021/02/04 16:45:06 [debug  ] rpcCloseAgent
2021/02/04 16:45:08 [debug  ] gate Run data: [33 0]
2021/02/04 16:45:18 [debug  ] gate Run data: [33 0]
2021/02/04 16:45:28 [debug  ] gate Run data: [33 0]
2021/02/04 16:45:38 [debug  ] gate Run data: [33 0]
2021/02/04 16:45:48 [debug  ] gate Run data: [33 0]
2021/02/04 16:45:57 [debug  ] rpcNewAgent
2021/02/04 16:45:58 [debug  ] gate Run data: [33 0]
2021/02/04 16:46:08 [debug  ] gate Run data: [33 0]
2021/02/04 16:46:18 [debug  ] gate Run data: [33 0]
2021/02/04 16:46:28 [debug  ] gate Run data: [33 0]
2021/02/04 16:46:38 [debug  ] gate Run data: [33 0]
2021/02/04 16:46:48 [debug  ] gate Run data: [33 0]
2021/02/04 16:46:58 [debug  ] gate Run data: [33 0]
2021/02/04 16:47:08 [debug  ] gate Run data: [33 0]
2021/02/04 16:47:18 [debug  ] gate Run data: [33 0]
2021/02/04 16:47:28 [debug  ] gate Run data: [33 0]
2021/02/04 16:47:38 [debug  ] gate Run data: [33 0]
2021/02/04 16:47:48 [debug  ] gate Run data: [33 0]
2021/02/04 16:47:58 [debug  ] gate Run data: [33 0]
2021/02/04 16:48:08 [debug  ] gate Run data: [33 0]
2021/02/04 16:48:18 [debug  ] gate Run data: [33 0]
2021/02/04 16:48:28 [debug  ] Info, UpdateRank
2021/02/04 16:48:28 [debug  ] Info, sort guild ,GuildRankTime:%!(EXTRA int64=12919970820000, string= rank num:, int32=21)
2021/02/04 16:48:29 [debug  ] gate Run data: [33 0]
2021/02/04 16:48:39 [debug  ] gate Run data: [33 0]
2021/02/04 16:48:49 [debug  ] gate Run data: [33 0]
2021/02/04 16:48:59 [debug  ] gate Run data: [33 0]
2021/02/04 16:48:59 [debug  ] Close agent cause heartbeat timeout
2021/02/04 16:48:59 [debug  ] gate read message: read tcp [::1]:17183->[::1]:51301: use of closed network connection
2021/02/04 16:48:59 [debug  ] rpcCloseAgent
2021/02/04 16:49:09 [debug  ] gate Run data: [33 0]
2021/02/04 16:49:19 [debug  ] gate Run data: [33 0]
2021/02/04 16:49:29 [debug  ] gate Run data: [33 0]
2021/02/04 16:49:39 [debug  ] gate Run data: [33 0]
2021/02/04 16:49:49 [debug  ] gate Run data: [33 0]
2021/02/04 16:49:59 [debug  ] gate Run data: [33 0]
2021/02/04 16:50:09 [debug  ] gate Run data: [33 0]
2021/02/04 16:50:19 [debug  ] gate Run data: [33 0]
2021/02/04 16:50:29 [debug  ] gate Run data: [33 0]
2021/02/04 16:50:39 [debug  ] gate Run data: [33 0]
2021/02/04 16:50:49 [debug  ] gate Run data: [33 0]
2021/02/04 16:50:59 [debug  ] gate Run data: [33 0]
2021/02/04 16:51:09 [debug  ] gate Run data: [33 0]
2021/02/04 16:51:19 [debug  ] gate Run data: [33 0]
2021/02/04 16:51:29 [debug  ] gate Run data: [33 0]
2021/02/04 16:51:39 [debug  ] gate Run data: [33 0]
2021/02/04 16:51:49 [debug  ] gate Run data: [33 0]
2021/02/04 16:51:59 [debug  ] gate Run data: [33 0]
2021/02/04 16:52:09 [debug  ] gate Run data: [33 0]
2021/02/04 16:52:19 [debug  ] gate Run data: [33 0]
2021/02/04 16:52:29 [debug  ] gate Run data: [33 0]
2021/02/04 16:52:39 [debug  ] gate Run data: [33 0]
2021/02/04 16:52:49 [debug  ] gate Run data: [33 0]
2021/02/04 16:52:59 [debug  ] gate Run data: [33 0]
2021/02/04 16:53:09 [debug  ] gate Run data: [33 0]
2021/02/04 16:53:19 [debug  ] gate Run data: [33 0]
2021/02/04 16:53:28 [debug  ] Info, sort guild ,GuildRankTime:%!(EXTRA int64=12920000820000, string= rank num:, int32=21)
2021/02/04 16:53:28 [debug  ] Info, UpdateRank
2021/02/04 16:53:29 [debug  ] gate Run data: [33 0]
2021/02/04 16:53:39 [debug  ] gate Run data: [33 0]
2021/02/04 16:53:49 [debug  ] gate Run data: [33 0]
2021/02/04 16:53:59 [debug  ] gate Run data: [33 0]
2021/02/04 16:54:09 [debug  ] gate Run data: [33 0]
2021/02/04 16:54:19 [debug  ] gate Run data: [33 0]
2021/02/04 16:54:29 [debug  ] gate Run data: [33 0]
2021/02/04 16:54:39 [debug  ] gate Run data: [33 0]
2021/02/04 16:54:49 [debug  ] gate Run data: [33 0]
2021/02/04 16:54:59 [debug  ] gate Run data: [33 0]
2021/02/04 16:55:09 [debug  ] gate Run data: [33 0]
2021/02/04 16:55:19 [debug  ] gate Run data: [33 0]
2021/02/04 16:55:29 [debug  ] gate Run data: [33 0]
2021/02/04 16:55:39 [debug  ] gate Run data: [33 0]
2021/02/04 16:55:49 [debug  ] gate Run data: [33 0]
2021/02/04 16:55:59 [debug  ] gate Run data: [33 0]
2021/02/04 16:56:09 [debug  ] gate Run data: [33 0]
2021/02/04 16:56:19 [debug  ] gate Run data: [33 0]
2021/02/04 16:56:30 [debug  ] gate Run data: [33 0]
2021/02/04 16:56:41 [debug  ] gate Run data: [33 0]
2021/02/04 16:56:52 [debug  ] gate Run data: [33 0]
2021/02/04 16:57:03 [debug  ] gate Run data: [33 0]
2021/02/04 16:57:14 [debug  ] gate Run data: [33 0]
2021/02/04 16:57:25 [debug  ] gate Run data: [33 0]
2021/02/04 16:57:36 [debug  ] gate Run data: [33 0]
2021/02/04 16:57:47 [debug  ] gate Run data: [33 0]
2021/02/04 16:57:58 [debug  ] gate Run data: [33 0]
2021/02/04 16:58:09 [debug  ] gate Run data: [33 0]
2021/02/04 16:58:20 [debug  ] gate Run data: [33 0]
2021/02/04 16:58:28 [debug  ] Info, UpdateRank
2021/02/04 16:58:28 [debug  ] Info, sort guild ,GuildRankTime:%!(EXTRA int64=12920030830000, string= rank num:, int32=21)
2021/02/04 16:58:31 [debug  ] gate Run data: [33 0]
2021/02/04 16:58:42 [debug  ] gate Run data: [33 0]
2021/02/04 16:58:53 [debug  ] gate Run data: [33 0]
2021/02/04 16:59:04 [debug  ] gate Run data: [33 0]
2021/02/04 16:59:15 [debug  ] gate Run data: [33 0]
2021/02/04 16:59:26 [debug  ] gate Run data: [33 0]
2021/02/04 16:59:37 [debug  ] gate Run data: [33 0]
2021/02/04 16:59:48 [debug  ] gate Run data: [33 0]
2021/02/04 16:59:59 [debug  ] gate Run data: [33 0]
2021/02/04 17:00:10 [debug  ] gate Run data: [33 0]
2021/02/04 17:00:21 [debug  ] gate Run data: [33 0]
2021/02/04 17:00:32 [debug  ] gate Run data: [33 0]
2021/02/04 17:00:43 [debug  ] gate Run data: [33 0]
2021/02/04 17:00:54 [debug  ] gate Run data: [33 0]
2021/02/04 17:01:05 [debug  ] gate Run data: [33 0]
2021/02/04 17:01:16 [debug  ] gate Run data: [33 0]
2021/02/04 17:01:27 [debug  ] gate Run data: [33 0]
2021/02/04 17:01:38 [debug  ] gate Run data: [33 0]
2021/02/04 17:01:48 [debug  ] gate Run data: [33 0]
2021/02/04 17:01:59 [debug  ] gate Run data: [33 0]
2021/02/04 17:02:10 [debug  ] gate Run data: [33 0]
2021/02/04 17:02:21 [debug  ] gate Run data: [33 0]
2021/02/04 17:02:32 [debug  ] gate Run data: [33 0]
2021/02/04 17:02:43 [debug  ] gate Run data: [33 0]
2021/02/04 17:02:54 [debug  ] gate Run data: [33 0]
2021/02/04 17:03:05 [debug  ] gate Run data: [33 0]
2021/02/04 17:03:16 [debug  ] gate Run data: [33 0]
2021/02/04 17:03:27 [debug  ] gate Run data: [33 0]
2021/02/04 17:03:28 [debug  ] Info, UpdateRank
2021/02/04 17:03:28 [debug  ] Info, sort guild ,GuildRankTime:%!(EXTRA int64=12920060830000, string= rank num:, int32=21)
2021/02/04 17:03:38 [debug  ] gate Run data: [33 0]
2021/02/04 17:03:49 [debug  ] gate Run data: [33 0]
2021/02/04 17:04:00 [debug  ] gate Run data: [33 0]
2021/02/04 17:04:11 [debug  ] gate Run data: [33 0]
2021/02/04 17:04:22 [debug  ] gate Run data: [33 0]
2021/02/04 17:04:33 [debug  ] gate Run data: [33 0]
2021/02/04 17:04:44 [debug  ] gate Run data: [33 0]
2021/02/04 17:04:55 [debug  ] gate Run data: [33 0]
2021/02/04 17:05:06 [debug  ] gate Run data: [33 0]
2021/02/04 17:05:17 [debug  ] gate Run data: [33 0]
2021/02/04 17:05:28 [debug  ] gate Run data: [33 0]
2021/02/04 17:05:39 [debug  ] gate Run data: [33 0]
2021/02/04 17:05:50 [debug  ] gate Run data: [33 0]
2021/02/04 17:06:01 [debug  ] gate Run data: [33 0]
2021/02/04 17:06:12 [debug  ] gate Run data: [33 0]
2021/02/04 17:06:23 [debug  ] gate Run data: [33 0]
2021/02/04 17:06:34 [debug  ] gate Run data: [33 0]
2021/02/04 17:06:45 [debug  ] gate Run data: [33 0]
2021/02/04 17:06:56 [debug  ] gate Run data: [33 0]
2021/02/04 17:07:07 [debug  ] gate Run data: [33 0]
2021/02/04 17:07:18 [debug  ] gate Run data: [33 0]
2021/02/04 17:07:29 [debug  ] gate Run data: [33 0]
2021/02/04 17:07:40 [debug  ] gate Run data: [33 0]
2021/02/04 17:07:51 [debug  ] gate Run data: [33 0]
2021/02/04 17:08:02 [debug  ] gate Run data: [33 0]
2021/02/04 17:08:13 [debug  ] gate Run data: [33 0]
2021/02/04 17:08:24 [debug  ] gate Run data: [33 0]
2021/02/04 17:08:28 [debug  ] Info, UpdateRank
2021/02/04 17:08:28 [debug  ] Info, sort guild ,GuildRankTime:%!(EXTRA int64=12920090830000, string= rank num:, int32=21)
2021/02/04 17:08:35 [debug  ] gate Run data: [33 0]
2021/02/04 17:08:46 [debug  ] gate Run data: [33 0]
2021/02/04 17:08:57 [debug  ] gate Run data: [33 0]
2021/02/04 17:09:08 [debug  ] gate Run data: [33 0]
2021/02/04 17:09:19 [debug  ] gate Run data: [33 0]
2021/02/04 17:09:30 [debug  ] gate Run data: [33 0]
2021/02/04 17:09:41 [debug  ] gate Run data: [33 0]
2021/02/04 17:09:52 [debug  ] gate Run data: [33 0]
2021/02/04 17:10:03 [debug  ] gate Run data: [33 0]
2021/02/04 17:10:14 [debug  ] gate Run data: [33 0]
2021/02/04 17:10:25 [debug  ] gate Run data: [33 0]
2021/02/04 17:10:36 [debug  ] gate Run data: [33 0]
2021/02/04 17:10:47 [debug  ] gate Run data: [33 0]
2021/02/04 17:10:58 [debug  ] gate Run data: [33 0]
2021/02/04 17:11:09 [debug  ] gate Run data: [33 0]
2021/02/04 17:11:20 [debug  ] gate Run data: [33 0]
2021/02/04 17:11:31 [debug  ] gate Run data: [33 0]
2021/02/04 17:11:42 [debug  ] gate Run data: [33 0]
2021/02/04 17:11:53 [debug  ] gate Run data: [33 0]
2021/02/04 17:12:04 [debug  ] gate Run data: [33 0]
2021/02/04 17:12:15 [debug  ] gate Run data: [33 0]
2021/02/04 17:12:20 [debug  ] rpcNewAgent
2021/02/04 17:12:20 [debug  ] gate Run data: [38 0 8 1 16 2 24 1 34 0]
2021/02/04 17:12:20 [debug  ] gate Run data: [39 1 10 8 100 102 97 115 102 97 115 102 18 5 101 97 102 97 115 26 7 97 115 100 102 115 97 102]
2021/02/04 17:12:20 [debug  ] server_main/game/internal.handleDeviceLoginNewR
2021/02/04 17:12:20 [release] player 12908986780000 login repeat
2021/02/04 17:12:20 [release] on player 12908986780000 logout
2021/02/04 17:12:20 [debug  ] player 12908986780000 login
2021/02/04 17:12:20 [debug  ] gate read message: read tcp 192.168.15.132:17183->192.168.15.132:50730: use of closed network connection
2021/02/04 17:12:20 [debug  ] rpcCloseAgent
2021/02/04 17:12:20 [debug  ] gate Run data: [52 0 8 1 18 0 26 0 34 0 42 0 50 0 58 0 66 0 72 1]
2021/02/04 17:12:20 [debug  ] handlePlayerLoginR msg size: 19
2021/02/04 17:12:22 [debug  ] gate Run data: [39 1 10 8 100 102 97 115 102 97 115 102 18 5 101 97 102 97 115 26 7 97 115 100 102 115 97 102]
2021/02/04 17:12:22 [debug  ] server_main/game/internal.handleDeviceLoginNewR
2021/02/04 17:12:22 [error  ] repeat login
2021/02/04 17:12:22 [debug  ] gate Run data: [52 0 8 1 18 0 26 0 34 0 42 0 50 0 58 0 66 0 72 1]
2021/02/04 17:12:22 [debug  ] handlePlayerLoginR msg size: 19
2021/02/04 17:12:22 [debug  ] gate Run data: [54 0]
2021/02/04 17:12:22 [debug  ] gate Run data: [56 0]
2021/02/04 17:12:22 [debug  ] gate Run data: [29 1 8 1 18 2 103 103 24 0]
2021/02/04 17:12:32 [debug  ] gate Run data: [33 0]
2021/02/04 17:12:34 [debug  ] gate read message: read tcp 192.168.15.132:17183->192.168.15.132:52425: wsarecv: An existing connection was forcibly closed by the remote host.
2021/02/04 17:12:34 [debug  ] rpcCloseAgent
2021/02/04 17:12:34 [debug  ] player 12908986780000 disconnect
2021/02/04 17:12:34 [release] on player 12908986780000 logout
2021/02/04 17:13:28 [debug  ] Info, UpdateRank
2021/02/04 17:13:28 [debug  ] Info, sort guild ,GuildRankTime:%!(EXTRA int64=12920120830000, string= rank num:, int32=21)
2021/02/04 17:18:28 [debug  ] Info, UpdateRank
2021/02/04 17:18:28 [debug  ] Info, sort guild ,GuildRankTime:%!(EXTRA int64=12920150830000, string= rank num:, int32=21)
2021/02/04 17:23:28 [debug  ] Info, sort guild ,GuildRankTime:%!(EXTRA int64=12920180830000, string= rank num:, int32=21)
2021/02/04 17:23:28 [debug  ] Info, UpdateRank
2021/02/04 17:28:28 [debug  ] Info, sort guild ,GuildRankTime:%!(EXTRA int64=12920210830000, string= rank num:, int32=21)
2021/02/04 17:28:28 [debug  ] Info, UpdateRank
2021/02/04 17:33:28 [debug  ] Info, UpdateRank
2021/02/04 17:33:28 [debug  ] Info, sort guild ,GuildRankTime:%!(EXTRA int64=12920240830000, string= rank num:, int32=21)
2021/02/04 17:38:28 [debug  ] Info, UpdateRank
2021/02/04 17:38:28 [debug  ] Info, sort guild ,GuildRankTime:%!(EXTRA int64=12920270830000, string= rank num:, int32=21)
2021/02/04 17:41:56 [debug  ] rpcNewAgent
2021/02/04 17:43:28 [debug  ] Info, sort guild ,GuildRankTime:%!(EXTRA int64=12920300830000, string= rank num:, int32=21)
2021/02/04 17:43:28 [debug  ] Info, UpdateRank
2021/02/04 17:44:57 [debug  ] Close agent cause heartbeat timeout
2021/02/04 17:44:57 [debug  ] gate read message: read tcp [::1]:17183->[::1]:54721: use of closed network connection
2021/02/04 17:44:57 [debug  ] rpcCloseAgent
2021/02/04 17:48:28 [debug  ] Info, sort guild ,GuildRankTime:%!(EXTRA int64=12920330830000, string= rank num:, int32=21)
2021/02/04 17:48:28 [debug  ] Info, UpdateRank
2021/02/04 17:49:48 [debug  ] rpcNewAgent
2021/02/04 17:49:48 [debug  ] gate Run data: [38 0 8 1 16 2 24 1 34 0]
2021/02/04 17:49:48 [debug  ] gate Run data: [39 1 10 8 100 102 97 115 102 97 115 102 18 5 101 97 102 97 115 26 7 97 115 100 102 115 97 102]
2021/02/04 17:49:48 [debug  ] server_main/game/internal.handleDeviceLoginNewR
2021/02/04 17:49:48 [debug  ] player 12908986780000 login
2021/02/04 17:49:48 [debug  ] gate Run data: [52 0 8 1 18 0 26 0 34 0 42 0 50 0 58 0 66 0 72 1]
2021/02/04 17:49:48 [debug  ] handlePlayerLoginR msg size: 19
2021/02/04 17:49:50 [debug  ] gate Run data: [39 1 10 8 100 102 97 115 102 97 115 102 18 5 101 97 102 97 115 26 7 97 115 100 102 115 97 102]
2021/02/04 17:49:50 [debug  ] server_main/game/internal.handleDeviceLoginNewR
2021/02/04 17:49:50 [error  ] repeat login
2021/02/04 17:49:50 [debug  ] gate Run data: [52 0 8 1 18 0 26 0 34 0 42 0 50 0 58 0 66 0 72 1]
2021/02/04 17:49:50 [debug  ] handlePlayerLoginR msg size: 19
2021/02/04 17:49:50 [debug  ] gate Run data: [54 0]
2021/02/04 17:49:50 [debug  ] gate Run data: [56 0]
2021/02/04 17:49:50 [debug  ] gate Run data: [29 1 8 1 18 2 103 103 24 0]
2021/02/04 17:50:00 [debug  ] gate Run data: [33 0]
2021/02/04 17:50:10 [debug  ] gate Run data: [33 0]
2021/02/04 17:50:20 [debug  ] gate Run data: [33 0]
2021/02/04 17:50:30 [debug  ] gate Run data: [33 0]
2021/02/04 17:50:40 [debug  ] gate Run data: [33 0]
2021/02/04 17:50:50 [debug  ] gate Run data: [33 0]
2021/02/04 17:51:00 [debug  ] gate Run data: [33 0]
2021/02/04 17:51:10 [debug  ] gate Run data: [33 0]
2021/02/04 17:51:20 [debug  ] gate Run data: [33 0]
2021/02/04 17:51:30 [debug  ] gate Run data: [33 0]
2021/02/04 17:51:40 [debug  ] gate Run data: [33 0]
2021/02/04 17:51:50 [debug  ] gate Run data: [33 0]
2021/02/04 17:52:00 [debug  ] gate Run data: [33 0]
2021/02/04 17:52:10 [debug  ] gate Run data: [33 0]
2021/02/04 17:52:20 [debug  ] gate Run data: [33 0]
2021/02/04 17:52:30 [debug  ] gate Run data: [33 0]
2021/02/04 17:52:40 [debug  ] gate Run data: [33 0]
2021/02/04 17:52:50 [debug  ] gate Run data: [33 0]
2021/02/04 17:53:00 [debug  ] gate Run data: [33 0]
2021/02/04 17:53:10 [debug  ] gate Run data: [33 0]
2021/02/04 17:53:20 [debug  ] gate Run data: [33 0]
2021/02/04 17:53:28 [debug  ] Info, UpdateRank
2021/02/04 17:53:28 [debug  ] Info, sort guild ,GuildRankTime:%!(EXTRA int64=12920360830000, string= rank num:, int32=21)
2021/02/04 17:53:30 [debug  ] gate Run data: [33 0]
2021/02/04 17:53:40 [debug  ] gate Run data: [33 0]
2021/02/04 17:53:50 [debug  ] gate Run data: [33 0]
2021/02/04 17:54:00 [debug  ] gate Run data: [33 0]
2021/02/04 17:54:10 [debug  ] gate Run data: [33 0]
2021/02/04 17:54:20 [debug  ] gate Run data: [33 0]
2021/02/04 17:54:30 [debug  ] gate Run data: [33 0]
2021/02/04 17:54:40 [debug  ] gate Run data: [33 0]
2021/02/04 17:54:50 [debug  ] gate Run data: [33 0]
2021/02/04 17:55:00 [debug  ] gate Run data: [33 0]
2021/02/04 17:55:10 [debug  ] gate Run data: [33 0]
2021/02/04 17:55:20 [debug  ] gate Run data: [33 0]
2021/02/04 17:55:30 [debug  ] gate Run data: [33 0]
2021/02/04 17:55:40 [debug  ] gate Run data: [33 0]
2021/02/04 17:55:50 [debug  ] gate Run data: [33 0]
2021/02/04 17:56:00 [debug  ] gate Run data: [33 0]
2021/02/04 17:56:10 [debug  ] gate Run data: [33 0]
2021/02/04 17:56:20 [debug  ] gate Run data: [33 0]
2021/02/04 17:56:30 [debug  ] gate Run data: [33 0]
2021/02/04 17:56:40 [debug  ] gate Run data: [33 0]
2021/02/04 17:56:50 [debug  ] gate Run data: [33 0]
2021/02/04 17:57:00 [debug  ] gate Run data: [33 0]
2021/02/04 17:57:10 [debug  ] gate Run data: [33 0]
2021/02/04 17:57:20 [debug  ] gate Run data: [33 0]
2021/02/04 17:57:30 [debug  ] gate Run data: [33 0]
2021/02/04 17:57:40 [debug  ] gate Run data: [33 0]
2021/02/04 17:57:50 [debug  ] gate Run data: [33 0]
2021/02/04 17:58:01 [debug  ] gate Run data: [33 0]
2021/02/04 17:58:12 [debug  ] gate Run data: [33 0]
2021/02/04 17:58:23 [debug  ] gate Run data: [33 0]
2021/02/04 17:58:28 [debug  ] Info, sort guild ,GuildRankTime:%!(EXTRA int64=12920390830000, string= rank num:, int32=21)
2021/02/04 17:58:28 [debug  ] Info, UpdateRank
2021/02/04 17:58:34 [debug  ] gate Run data: [33 0]
2021/02/04 17:58:45 [debug  ] gate Run data: [33 0]
2021/02/04 17:58:56 [debug  ] gate Run data: [33 0]
2021/02/04 17:59:07 [debug  ] gate Run data: [33 0]
2021/02/04 17:59:18 [debug  ] gate Run data: [33 0]
2021/02/04 17:59:29 [debug  ] gate Run data: [33 0]
2021/02/04 17:59:40 [debug  ] gate Run data: [33 0]
2021/02/04 17:59:51 [debug  ] gate Run data: [33 0]
2021/02/04 18:00:02 [debug  ] gate Run data: [33 0]
2021/02/04 18:00:13 [debug  ] gate Run data: [33 0]
2021/02/04 18:00:24 [debug  ] gate Run data: [33 0]
2021/02/04 18:00:35 [debug  ] gate Run data: [33 0]
2021/02/04 18:00:46 [debug  ] gate Run data: [33 0]
2021/02/04 18:00:57 [debug  ] gate Run data: [33 0]
2021/02/04 18:01:08 [debug  ] gate Run data: [33 0]
2021/02/04 18:01:19 [debug  ] gate Run data: [33 0]
2021/02/04 18:01:30 [debug  ] gate Run data: [33 0]
2021/02/04 18:01:41 [debug  ] gate Run data: [33 0]
2021/02/04 18:01:52 [debug  ] gate Run data: [33 0]
2021/02/04 18:02:03 [debug  ] gate Run data: [33 0]
2021/02/04 18:02:14 [debug  ] gate Run data: [33 0]
2021/02/04 18:02:25 [debug  ] gate Run data: [33 0]
2021/02/04 18:02:36 [debug  ] gate Run data: [33 0]
2021/02/04 18:02:47 [debug  ] gate Run data: [33 0]
2021/02/04 18:02:58 [debug  ] gate Run data: [33 0]
2021/02/04 18:03:09 [debug  ] gate Run data: [33 0]
2021/02/04 18:03:20 [debug  ] gate Run data: [33 0]
2021/02/04 18:03:28 [debug  ] Info, UpdateRank
2021/02/04 18:03:28 [debug  ] Info, sort guild ,GuildRankTime:%!(EXTRA int64=12920420830000, string= rank num:, int32=21)
2021/02/04 18:03:31 [debug  ] gate Run data: [33 0]
2021/02/04 18:03:42 [debug  ] gate Run data: [33 0]
2021/02/04 18:03:53 [debug  ] gate Run data: [33 0]
2021/02/04 18:04:04 [debug  ] gate Run data: [33 0]
2021/02/04 18:04:15 [debug  ] gate Run data: [33 0]
2021/02/04 18:04:26 [debug  ] gate Run data: [33 0]
2021/02/04 18:04:37 [debug  ] gate Run data: [33 0]
2021/02/04 18:04:51 [debug  ] gate Run data: [33 0]
2021/02/04 18:05:01 [debug  ] gate Run data: [33 0]
2021/02/04 18:05:12 [debug  ] gate Run data: [33 0]
2021/02/04 18:05:17 [debug  ] rpcNewAgent
2021/02/04 18:05:17 [debug  ] gate Run data: [38 0 8 1 16 2 24 1 34 0]
2021/02/04 18:05:17 [debug  ] gate Run data: [39 1 10 8 100 102 97 115 102 97 115 102 18 5 101 97 102 97 115 26 7 97 115 100 102 115 97 102]
2021/02/04 18:05:17 [debug  ] server_main/game/internal.handleDeviceLoginNewR
2021/02/04 18:05:17 [release] player 12908986780000 login repeat
2021/02/04 18:05:17 [release] on player 12908986780000 logout
2021/02/04 18:05:17 [debug  ] player 12908986780000 login
2021/02/04 18:05:17 [debug  ] gate read message: read tcp 192.168.15.132:17183->192.168.15.132:55294: use of closed network connection
2021/02/04 18:05:17 [debug  ] gate Run data: [52 0 8 1 18 0 26 0 34 0 42 0 50 0 58 0 66 0 72 1]
2021/02/04 18:05:17 [debug  ] rpcCloseAgent
2021/02/04 18:05:17 [debug  ] handlePlayerLoginR msg size: 19
2021/02/04 18:05:27 [debug  ] gate Run data: [33 0]
2021/02/04 18:05:36 [debug  ] gate Run data: [39 1 10 8 100 102 97 115 102 97 115 102 18 5 101 97 102 97 115 26 7 97 115 100 102 115 97 102]
2021/02/04 18:05:36 [debug  ] server_main/game/internal.handleDeviceLoginNewR
2021/02/04 18:05:36 [error  ] repeat login
2021/02/04 18:05:36 [debug  ] gate Run data: [52 0 8 1 18 0 26 0 34 0 42 0 50 0 58 0 66 0 72 1]
2021/02/04 18:05:36 [debug  ] handlePlayerLoginR msg size: 19
2021/02/04 18:05:36 [debug  ] gate Run data: [54 0]
2021/02/04 18:05:36 [debug  ] gate Run data: [56 0]
2021/02/04 18:05:36 [debug  ] gate Run data: [29 1 8 1 18 2 103 103 24 0]
2021/02/04 18:05:46 [debug  ] gate Run data: [33 0]
2021/02/04 18:05:56 [debug  ] gate Run data: [33 0]
2021/02/04 18:06:06 [debug  ] gate Run data: [33 0]
2021/02/04 18:06:16 [debug  ] gate Run data: [33 0]
2021/02/04 18:06:26 [debug  ] gate Run data: [33 0]
2021/02/04 18:06:36 [debug  ] gate Run data: [33 0]
2021/02/04 18:06:46 [debug  ] gate Run data: [33 0]
2021/02/04 18:06:56 [debug  ] gate Run data: [33 0]
2021/02/04 18:07:06 [debug  ] gate Run data: [33 0]
2021/02/04 18:07:16 [debug  ] gate Run data: [33 0]
2021/02/04 18:07:26 [debug  ] gate Run data: [33 0]
2021/02/04 18:07:36 [debug  ] gate Run data: [33 0]
2021/02/04 18:07:46 [debug  ] gate Run data: [33 0]
2021/02/04 18:07:56 [debug  ] gate Run data: [33 0]
2021/02/04 18:08:06 [debug  ] gate Run data: [33 0]
2021/02/04 18:08:16 [debug  ] gate Run data: [33 0]
2021/02/04 18:08:26 [debug  ] gate Run data: [33 0]
2021/02/04 18:08:28 [debug  ] Info, sort guild ,GuildRankTime:%!(EXTRA int64=12920450830000, string= rank num:, int32=21)
2021/02/04 18:08:28 [debug  ] Info, UpdateRank
2021/02/04 18:08:36 [debug  ] gate Run data: [33 0]
2021/02/04 18:08:46 [debug  ] gate Run data: [33 0]
2021/02/04 18:08:56 [debug  ] gate Run data: [33 0]
2021/02/04 18:09:06 [debug  ] gate Run data: [33 0]
2021/02/04 18:09:16 [debug  ] gate Run data: [33 0]
2021/02/04 18:09:26 [debug  ] gate Run data: [33 0]
2021/02/04 18:09:36 [debug  ] gate Run data: [33 0]
2021/02/04 18:09:46 [debug  ] gate Run data: [33 0]
2021/02/04 18:09:56 [debug  ] gate Run data: [33 0]
2021/02/04 18:10:06 [debug  ] gate Run data: [33 0]
2021/02/04 18:10:16 [debug  ] gate Run data: [33 0]
2021/02/04 18:10:26 [debug  ] gate Run data: [33 0]
2021/02/04 18:10:36 [debug  ] gate Run data: [33 0]
2021/02/04 18:10:46 [debug  ] gate Run data: [33 0]
2021/02/04 18:10:56 [debug  ] gate Run data: [33 0]
2021/02/04 18:11:07 [debug  ] gate Run data: [33 0]
2021/02/04 18:11:18 [debug  ] gate Run data: [33 0]
2021/02/04 18:11:29 [debug  ] gate Run data: [33 0]
2021/02/04 18:11:40 [debug  ] gate Run data: [33 0]
2021/02/04 18:11:51 [debug  ] gate Run data: [33 0]
2021/02/04 18:12:02 [debug  ] gate Run data: [33 0]
2021/02/04 18:12:13 [debug  ] gate Run data: [33 0]
2021/02/04 18:12:24 [debug  ] gate Run data: [33 0]
2021/02/04 18:12:35 [debug  ] gate Run data: [33 0]
2021/02/04 18:12:46 [debug  ] gate Run data: [33 0]
2021/02/04 18:12:57 [debug  ] gate Run data: [33 0]
2021/02/04 18:13:08 [debug  ] gate Run data: [33 0]
2021/02/04 18:13:19 [debug  ] gate Run data: [33 0]
2021/02/04 18:13:28 [debug  ] Info, UpdateRank
2021/02/04 18:13:28 [debug  ] Info, sort guild ,GuildRankTime:%!(EXTRA int64=12920480830000, string= rank num:, int32=21)
2021/02/04 18:13:30 [debug  ] gate Run data: [33 0]
2021/02/04 18:13:41 [debug  ] gate Run data: [33 0]
2021/02/04 18:13:52 [debug  ] gate Run data: [33 0]
2021/02/04 18:14:03 [debug  ] gate Run data: [33 0]
2021/02/04 18:14:14 [debug  ] gate Run data: [33 0]
2021/02/04 18:14:25 [debug  ] gate Run data: [33 0]
2021/02/04 18:14:36 [debug  ] gate Run data: [33 0]
2021/02/04 18:14:47 [debug  ] gate Run data: [33 0]
2021/02/04 18:14:58 [debug  ] gate Run data: [33 0]
2021/02/04 18:15:09 [debug  ] gate Run data: [33 0]
2021/02/04 18:15:20 [debug  ] gate Run data: [33 0]
2021/02/04 18:15:31 [debug  ] gate Run data: [33 0]
2021/02/04 18:15:42 [debug  ] gate Run data: [33 0]
2021/02/04 18:15:53 [debug  ] gate Run data: [33 0]
2021/02/04 18:16:04 [debug  ] gate Run data: [33 0]
2021/02/04 18:16:15 [debug  ] gate Run data: [33 0]
2021/02/04 18:16:26 [debug  ] gate Run data: [33 0]
2021/02/04 18:16:37 [debug  ] gate Run data: [33 0]
2021/02/04 18:16:48 [debug  ] gate Run data: [33 0]
2021/02/04 18:16:59 [debug  ] gate Run data: [33 0]
2021/02/04 18:17:10 [debug  ] gate Run data: [33 0]
2021/02/04 18:17:21 [debug  ] gate Run data: [33 0]
2021/02/04 18:17:32 [debug  ] gate Run data: [33 0]
2021/02/04 18:17:43 [debug  ] gate Run data: [33 0]
2021/02/04 18:17:54 [debug  ] gate Run data: [33 0]
2021/02/04 18:18:05 [debug  ] gate Run data: [33 0]
2021/02/04 18:18:16 [debug  ] gate Run data: [33 0]
2021/02/04 18:18:27 [debug  ] gate Run data: [33 0]
2021/02/04 18:18:28 [debug  ] Info, sort guild ,GuildRankTime:%!(EXTRA int64=12920510840000, string= rank num:, int32=21)
2021/02/04 18:18:28 [debug  ] Info, UpdateRank
2021/02/04 18:18:38 [debug  ] gate Run data: [33 0]
2021/02/04 18:18:49 [debug  ] gate Run data: [33 0]
2021/02/04 18:18:59 [debug  ] gate Run data: [33 0]
2021/02/04 18:19:10 [debug  ] gate Run data: [33 0]
2021/02/04 18:19:21 [debug  ] gate Run data: [33 0]
2021/02/04 18:19:32 [debug  ] gate Run data: [33 0]
2021/02/04 18:19:43 [debug  ] gate Run data: [33 0]
2021/02/04 18:19:54 [debug  ] gate Run data: [33 0]
2021/02/04 18:20:05 [debug  ] gate Run data: [33 0]
2021/02/04 18:20:16 [debug  ] gate Run data: [33 0]
2021/02/04 18:20:27 [debug  ] gate Run data: [33 0]
2021/02/04 18:20:37 [debug  ] gate Run data: [33 0]
2021/02/04 18:20:48 [debug  ] gate Run data: [33 0]
2021/02/04 18:20:59 [debug  ] gate Run data: [33 0]
2021/02/04 18:21:10 [debug  ] gate Run data: [33 0]
2021/02/04 18:21:21 [debug  ] gate Run data: [33 0]
2021/02/04 18:21:32 [debug  ] gate Run data: [33 0]
2021/02/04 18:21:43 [debug  ] gate Run data: [33 0]
2021/02/04 18:21:54 [debug  ] gate Run data: [33 0]
2021/02/04 18:22:05 [debug  ] gate Run data: [33 0]
2021/02/04 18:22:16 [debug  ] gate Run data: [33 0]
2021/02/04 18:22:27 [debug  ] gate Run data: [33 0]
2021/02/04 18:22:38 [debug  ] gate Run data: [33 0]
2021/02/04 18:22:49 [debug  ] gate Run data: [33 0]
2021/02/04 18:23:00 [debug  ] gate Run data: [33 0]
2021/02/04 18:23:11 [debug  ] gate Run data: [33 0]
2021/02/04 18:23:22 [debug  ] gate Run data: [33 0]
2021/02/04 18:23:28 [debug  ] Info, sort guild ,GuildRankTime:%!(EXTRA int64=12920540840000, string= rank num:, int32=21)
2021/02/04 18:23:28 [debug  ] Info, UpdateRank
2021/02/04 18:23:33 [debug  ] gate Run data: [33 0]
2021/02/04 18:23:44 [debug  ] gate Run data: [33 0]
2021/02/04 18:23:55 [debug  ] gate Run data: [33 0]
2021/02/04 18:24:05 [debug  ] gate Run data: [33 0]
2021/02/04 18:24:16 [debug  ] gate Run data: [33 0]
2021/02/04 18:24:27 [debug  ] gate Run data: [33 0]
2021/02/04 18:24:38 [debug  ] gate Run data: [33 0]
2021/02/04 18:24:49 [debug  ] gate Run data: [33 0]
2021/02/04 18:25:00 [debug  ] gate Run data: [33 0]
2021/02/04 18:25:11 [debug  ] gate Run data: [33 0]
2021/02/04 18:25:22 [debug  ] gate Run data: [33 0]
2021/02/04 18:25:33 [debug  ] gate Run data: [33 0]
2021/02/04 18:25:44 [debug  ] gate Run data: [33 0]
2021/02/04 18:25:55 [debug  ] gate Run data: [33 0]
2021/02/04 18:26:06 [debug  ] gate Run data: [33 0]
2021/02/04 18:26:17 [debug  ] gate Run data: [33 0]
2021/02/04 18:26:28 [debug  ] gate Run data: [33 0]
2021/02/04 18:26:39 [debug  ] gate Run data: [33 0]
2021/02/04 18:26:50 [debug  ] gate Run data: [33 0]
2021/02/04 18:27:01 [debug  ] gate Run data: [33 0]
2021/02/04 18:27:12 [debug  ] gate Run data: [33 0]
2021/02/04 18:27:23 [debug  ] gate Run data: [33 0]
2021/02/04 18:27:34 [debug  ] gate Run data: [33 0]
2021/02/04 18:27:45 [debug  ] gate Run data: [33 0]
2021/02/04 18:27:56 [debug  ] gate Run data: [33 0]
2021/02/04 18:28:07 [debug  ] gate Run data: [33 0]
2021/02/04 18:28:18 [debug  ] gate Run data: [33 0]
2021/02/04 18:28:28 [debug  ] Info, sort guild ,GuildRankTime:%!(EXTRA int64=12920570840000, string= rank num:, int32=21)
2021/02/04 18:28:28 [debug  ] Info, UpdateRank
2021/02/04 18:28:29 [debug  ] gate Run data: [33 0]
2021/02/04 18:28:40 [debug  ] gate Run data: [33 0]
2021/02/04 18:28:51 [debug  ] gate Run data: [33 0]
2021/02/04 18:29:02 [debug  ] gate Run data: [33 0]
2021/02/04 18:29:13 [debug  ] gate Run data: [33 0]
2021/02/04 18:29:24 [debug  ] gate Run data: [33 0]
2021/02/04 18:29:35 [debug  ] gate Run data: [33 0]
2021/02/04 18:29:46 [debug  ] gate Run data: [33 0]
2021/02/04 18:29:57 [debug  ] gate Run data: [33 0]
2021/02/04 18:30:08 [debug  ] gate Run data: [33 0]
2021/02/04 18:30:19 [debug  ] gate Run data: [33 0]
2021/02/04 18:30:30 [debug  ] gate Run data: [33 0]
2021/02/04 18:30:41 [debug  ] gate Run data: [33 0]
2021/02/04 18:30:52 [debug  ] gate Run data: [33 0]
2021/02/04 18:31:03 [debug  ] gate Run data: [33 0]
2021/02/04 18:31:14 [debug  ] gate Run data: [33 0]
2021/02/04 18:31:25 [debug  ] gate Run data: [33 0]
2021/02/04 18:31:36 [debug  ] gate Run data: [33 0]
2021/02/04 18:31:47 [debug  ] gate Run data: [33 0]
2021/02/04 18:31:58 [debug  ] gate Run data: [33 0]
2021/02/04 18:32:09 [debug  ] gate Run data: [33 0]
2021/02/04 18:32:20 [debug  ] gate Run data: [33 0]
2021/02/04 18:32:31 [debug  ] gate Run data: [33 0]
2021/02/04 18:32:42 [debug  ] gate Run data: [33 0]
2021/02/04 18:32:53 [debug  ] gate Run data: [33 0]
2021/02/04 18:33:04 [debug  ] gate Run data: [33 0]
2021/02/04 18:33:15 [debug  ] gate Run data: [33 0]
2021/02/04 18:33:26 [debug  ] gate Run data: [33 0]
2021/02/04 18:33:28 [debug  ] Info, sort guild ,GuildRankTime:%!(EXTRA int64=12920600840000, string= rank num:, int32=21)
2021/02/04 18:33:28 [debug  ] Info, UpdateRank
2021/02/04 18:33:37 [debug  ] gate Run data: [33 0]
2021/02/04 18:33:48 [debug  ] gate Run data: [33 0]
2021/02/04 18:33:59 [debug  ] gate Run data: [33 0]
2021/02/04 18:34:10 [debug  ] gate Run data: [33 0]
2021/02/04 18:34:21 [debug  ] gate Run data: [33 0]
2021/02/04 18:34:32 [debug  ] gate Run data: [33 0]
2021/02/04 18:34:43 [debug  ] gate Run data: [33 0]
2021/02/04 18:34:54 [debug  ] gate Run data: [33 0]
2021/02/04 18:35:05 [debug  ] gate Run data: [33 0]
2021/02/04 18:35:16 [debug  ] gate Run data: [33 0]
2021/02/04 18:35:27 [debug  ] gate Run data: [33 0]
2021/02/04 18:35:38 [debug  ] gate Run data: [33 0]
2021/02/04 18:35:49 [debug  ] gate Run data: [33 0]
2021/02/04 18:36:00 [debug  ] gate Run data: [33 0]
2021/02/04 18:36:11 [debug  ] gate Run data: [33 0]
2021/02/04 18:36:22 [debug  ] gate Run data: [33 0]
2021/02/04 18:36:33 [debug  ] gate Run data: [33 0]
2021/02/04 18:36:44 [debug  ] gate Run data: [33 0]
2021/02/04 18:36:55 [debug  ] gate Run data: [33 0]
2021/02/04 18:37:06 [debug  ] gate Run data: [33 0]
2021/02/04 18:37:17 [debug  ] gate Run data: [33 0]
2021/02/04 18:37:28 [debug  ] gate Run data: [33 0]
2021/02/04 18:37:39 [debug  ] gate Run data: [33 0]
2021/02/04 18:37:50 [debug  ] gate Run data: [33 0]
2021/02/04 18:38:01 [debug  ] gate Run data: [33 0]
2021/02/04 18:38:12 [debug  ] gate Run data: [33 0]
2021/02/04 18:38:23 [debug  ] gate Run data: [33 0]
2021/02/04 18:38:28 [debug  ] Info, sort guild ,GuildRankTime:%!(EXTRA int64=12920630840000, string= rank num:, int32=21)
2021/02/04 18:38:28 [debug  ] Info, UpdateRank
2021/02/04 18:38:34 [debug  ] gate Run data: [33 0]
2021/02/04 18:38:45 [debug  ] gate Run data: [33 0]
2021/02/04 18:38:56 [debug  ] gate Run data: [33 0]
2021/02/04 18:39:07 [debug  ] gate Run data: [33 0]
2021/02/04 18:39:18 [debug  ] gate Run data: [33 0]
2021/02/04 18:39:29 [debug  ] gate Run data: [33 0]
2021/02/04 18:39:40 [debug  ] gate Run data: [33 0]
2021/02/04 18:39:51 [debug  ] gate Run data: [33 0]
2021/02/04 18:40:02 [debug  ] gate Run data: [33 0]
2021/02/04 18:40:13 [debug  ] gate Run data: [33 0]
2021/02/04 18:40:24 [debug  ] gate Run data: [33 0]
2021/02/04 18:40:35 [debug  ] gate Run data: [33 0]
2021/02/04 18:40:46 [debug  ] gate Run data: [33 0]
2021/02/04 18:40:57 [debug  ] gate Run data: [33 0]
2021/02/04 18:41:08 [debug  ] gate Run data: [33 0]
2021/02/04 18:41:19 [debug  ] gate Run data: [33 0]
2021/02/04 18:41:30 [debug  ] gate Run data: [33 0]
2021/02/04 18:41:41 [debug  ] gate Run data: [33 0]
2021/02/04 18:41:52 [debug  ] gate Run data: [33 0]
2021/02/04 18:42:03 [debug  ] gate Run data: [33 0]
2021/02/04 18:42:14 [debug  ] gate Run data: [33 0]
2021/02/04 18:42:25 [debug  ] gate Run data: [33 0]
2021/02/04 18:42:36 [debug  ] gate Run data: [33 0]
2021/02/04 18:42:47 [debug  ] gate Run data: [33 0]
2021/02/04 18:42:58 [debug  ] gate Run data: [33 0]
2021/02/04 18:43:09 [debug  ] gate Run data: [33 0]
2021/02/04 18:43:20 [debug  ] gate Run data: [33 0]
2021/02/04 18:43:28 [debug  ] Info, UpdateRank
2021/02/04 18:43:28 [debug  ] Info, sort guild ,GuildRankTime:%!(EXTRA int64=12920660840000, string= rank num:, int32=21)
2021/02/04 18:43:31 [debug  ] gate Run data: [33 0]
2021/02/04 18:43:42 [debug  ] gate Run data: [33 0]
2021/02/04 18:43:53 [debug  ] gate Run data: [33 0]
2021/02/04 18:44:04 [debug  ] gate Run data: [33 0]
2021/02/04 18:44:15 [debug  ] gate Run data: [33 0]
2021/02/04 18:44:26 [debug  ] gate Run data: [33 0]
2021/02/04 18:44:37 [debug  ] gate Run data: [33 0]
2021/02/04 18:44:48 [debug  ] gate Run data: [33 0]
2021/02/04 18:44:59 [debug  ] gate Run data: [33 0]
2021/02/04 18:45:10 [debug  ] gate Run data: [33 0]
2021/02/04 18:45:21 [debug  ] gate Run data: [33 0]
2021/02/04 18:45:32 [debug  ] gate Run data: [33 0]
2021/02/04 18:45:43 [debug  ] gate Run data: [33 0]
2021/02/04 18:45:54 [debug  ] gate Run data: [33 0]
2021/02/04 18:46:05 [debug  ] gate Run data: [33 0]
2021/02/04 18:46:16 [debug  ] gate Run data: [33 0]
2021/02/04 18:46:27 [debug  ] gate Run data: [33 0]
2021/02/04 18:46:38 [debug  ] gate Run data: [33 0]
2021/02/04 18:46:49 [debug  ] gate Run data: [33 0]
2021/02/04 18:47:00 [debug  ] gate Run data: [33 0]
2021/02/04 18:47:11 [debug  ] gate Run data: [33 0]
2021/02/04 18:47:22 [debug  ] gate Run data: [33 0]
2021/02/04 18:47:33 [debug  ] gate Run data: [33 0]
2021/02/04 18:47:44 [debug  ] gate Run data: [33 0]
2021/02/04 18:47:55 [debug  ] gate Run data: [33 0]
2021/02/04 18:48:06 [debug  ] gate Run data: [33 0]
2021/02/04 18:48:17 [debug  ] gate Run data: [33 0]
2021/02/04 18:48:28 [debug  ] gate Run data: [33 0]
2021/02/04 18:48:28 [debug  ] Info, UpdateRank
2021/02/04 18:48:28 [debug  ] Info, sort guild ,GuildRankTime:%!(EXTRA int64=12920690840000, string= rank num:, int32=21)
2021/02/04 18:48:39 [debug  ] gate Run data: [33 0]
2021/02/04 18:48:49 [debug  ] rpcNewAgent
2021/02/04 18:48:49 [debug  ] gate Run data: [33 0 8 1]
2021/02/04 18:48:50 [debug  ] gate Run data: [33 0]
2021/02/04 18:48:59 [debug  ] gate Run data: [33 0]
2021/02/04 18:49:01 [debug  ] gate Run data: [33 0]
2021/02/04 18:49:09 [debug  ] gate Run data: [33 0]
2021/02/04 18:49:12 [debug  ] gate Run data: [33 0]
2021/02/04 18:49:19 [debug  ] gate Run data: [33 0]
2021/02/04 18:49:23 [debug  ] gate Run data: [33 0]
2021/02/04 18:49:29 [debug  ] gate Run data: [33 0]
2021/02/04 18:49:34 [debug  ] gate Run data: [33 0]
2021/02/04 18:49:39 [debug  ] gate Run data: [33 0]
2021/02/04 18:49:45 [debug  ] gate Run data: [33 0]
2021/02/04 18:49:49 [debug  ] gate Run data: [33 0]
2021/02/04 18:49:55 [debug  ] gate Run data: [33 0]
2021/02/04 18:49:59 [debug  ] gate Run data: [33 0]
2021/02/04 18:50:06 [debug  ] gate Run data: [33 0]
2021/02/04 18:50:09 [debug  ] gate Run data: [33 0]
2021/02/04 18:50:17 [debug  ] gate Run data: [33 0]
2021/02/04 18:50:19 [debug  ] gate Run data: [33 0]
2021/02/04 18:50:28 [debug  ] gate Run data: [33 0]
2021/02/04 18:50:29 [debug  ] gate Run data: [33 0]
2021/02/04 18:50:39 [debug  ] gate Run data: [33 0]
2021/02/04 18:50:39 [debug  ] gate Run data: [33 0]
2021/02/04 18:50:49 [debug  ] gate Run data: [33 0]
2021/02/04 18:50:50 [debug  ] gate Run data: [33 0]
2021/02/04 18:50:59 [debug  ] gate Run data: [33 0]
2021/02/04 18:51:01 [debug  ] gate Run data: [33 0]
2021/02/04 18:51:09 [debug  ] gate Run data: [33 0]
2021/02/04 18:51:12 [debug  ] gate Run data: [33 0]
2021/02/04 18:51:19 [debug  ] gate Run data: [33 0]
2021/02/04 18:51:23 [debug  ] gate Run data: [33 0]
2021/02/04 18:51:29 [debug  ] gate Run data: [33 0]
2021/02/04 18:51:34 [debug  ] gate Run data: [33 0]
2021/02/04 18:51:39 [debug  ] gate Run data: [33 0]
2021/02/04 18:51:45 [debug  ] gate Run data: [33 0]
2021/02/04 18:51:49 [debug  ] gate Run data: [33 0]
2021/02/04 18:51:56 [debug  ] gate Run data: [33 0]
2021/02/04 18:51:59 [debug  ] gate Run data: [33 0]
2021/02/04 18:52:07 [debug  ] gate Run data: [33 0]
2021/02/04 18:52:09 [debug  ] gate Run data: [33 0]
2021/02/04 18:52:18 [debug  ] gate Run data: [33 0]
2021/02/04 18:52:19 [debug  ] gate Run data: [33 0]
2021/02/04 18:52:29 [debug  ] gate Run data: [33 0]
2021/02/04 18:52:29 [debug  ] gate Run data: [33 0]
2021/02/04 18:52:39 [debug  ] gate Run data: [33 0]
2021/02/04 18:52:40 [debug  ] gate Run data: [33 0]
2021/02/04 18:52:49 [debug  ] gate Run data: [33 0]
2021/02/04 18:52:51 [debug  ] gate Run data: [33 0]
2021/02/04 18:52:59 [debug  ] gate Run data: [33 0]
2021/02/04 18:53:02 [debug  ] gate Run data: [33 0]
2021/02/04 18:53:09 [debug  ] gate Run data: [33 0]
2021/02/04 18:53:13 [debug  ] gate Run data: [33 0]
2021/02/04 18:53:19 [debug  ] gate Run data: [33 0]
2021/02/04 18:53:24 [debug  ] gate Run data: [33 0]
2021/02/04 18:53:28 [debug  ] Info, sort guild ,GuildRankTime:%!(EXTRA int64=12920720840000, string= rank num:, int32=21)
2021/02/04 18:53:28 [debug  ] Info, UpdateRank
2021/02/04 18:53:29 [debug  ] gate Run data: [33 0]
2021/02/04 18:53:35 [debug  ] gate Run data: [33 0]
2021/02/04 18:53:39 [debug  ] gate Run data: [33 0]
2021/02/04 18:53:46 [debug  ] gate Run data: [33 0]
2021/02/04 18:53:49 [debug  ] gate Run data: [33 0]
2021/02/04 18:53:57 [debug  ] gate Run data: [33 0]
2021/02/04 18:53:59 [debug  ] gate Run data: [33 0]
2021/02/04 18:54:08 [debug  ] gate Run data: [33 0]
2021/02/04 18:54:09 [debug  ] gate Run data: [33 0]
2021/02/04 18:54:16 [debug  ] gate read message: websocket: close 1001 (going away)
2021/02/04 18:54:16 [debug  ] rpcCloseAgent
2021/02/04 18:54:16 [debug  ] player 12908986780000 disconnect
2021/02/04 18:54:16 [release] on player 12908986780000 logout
2021/02/04 18:54:19 [debug  ] gate read message: websocket: close 1001 (going away)
2021/02/04 18:54:19 [debug  ] rpcCloseAgent
2021/02/04 18:54:40 [debug  ] rpcNewAgent
2021/02/04 18:54:40 [debug  ] gate Run data: [38 0 8 1 16 2 24 1 34 0]
2021/02/04 18:54:40 [debug  ] gate Run data: [39 1 10 8 100 102 97 115 102 97 115 102 18 5 101 97 102 97 115 26 7 97 115 100 102 115 97 102]
2021/02/04 18:54:40 [debug  ] server_main/game/internal.handleDeviceLoginNewR
2021/02/04 18:54:40 [debug  ] player 12908986780000 login
2021/02/04 18:54:40 [debug  ] gate Run data: [52 0 8 1 18 0 26 0 34 0 42 0 50 0 58 0 66 0 72 1]
2021/02/04 18:54:40 [debug  ] handlePlayerLoginR msg size: 19
2021/02/04 18:54:41 [debug  ] gate Run data: [39 1 10 8 100 102 97 115 102 97 115 102 18 5 101 97 102 97 115 26 7 97 115 100 102 115 97 102]
2021/02/04 18:54:41 [debug  ] server_main/game/internal.handleDeviceLoginNewR
2021/02/04 18:54:41 [error  ] repeat login
2021/02/04 18:54:41 [debug  ] gate Run data: [52 0 8 1 18 0 26 0 34 0 42 0 50 0 58 0 66 0 72 1]
2021/02/04 18:54:41 [debug  ] handlePlayerLoginR msg size: 19
2021/02/04 18:54:41 [debug  ] gate Run data: [54 0]
2021/02/04 18:54:41 [debug  ] gate Run data: [56 0]
2021/02/04 18:54:41 [debug  ] gate Run data: [29 1 8 1 18 2 103 103 24 0]
2021/02/04 18:54:51 [debug  ] gate Run data: [33 0]
2021/02/04 18:55:01 [debug  ] gate Run data: [33 0]
2021/02/04 18:55:11 [debug  ] gate Run data: [33 0]
2021/02/04 18:55:21 [debug  ] gate Run data: [33 0]
2021/02/04 18:55:31 [debug  ] gate Run data: [33 0]
2021/02/04 18:55:41 [debug  ] gate Run data: [33 0]
2021/02/04 18:55:51 [debug  ] gate Run data: [33 0]
2021/02/04 18:56:01 [debug  ] gate Run data: [33 0]
2021/02/04 18:56:11 [debug  ] gate Run data: [33 0]
2021/02/04 18:56:21 [debug  ] gate Run data: [33 0]
2021/02/04 18:56:31 [debug  ] gate Run data: [33 0]
2021/02/04 18:56:41 [debug  ] gate Run data: [33 0]
2021/02/04 18:56:51 [debug  ] gate Run data: [33 0]
2021/02/04 18:57:01 [debug  ] gate Run data: [33 0]
2021/02/04 18:57:11 [debug  ] gate Run data: [33 0]
2021/02/04 18:57:21 [debug  ] gate Run data: [33 0]
2021/02/04 18:57:31 [debug  ] gate Run data: [33 0]
2021/02/04 18:57:41 [debug  ] gate Run data: [33 0]
2021/02/04 18:57:51 [debug  ] gate Run data: [33 0]
2021/02/04 18:58:02 [debug  ] gate Run data: [33 0]
2021/02/04 18:58:13 [debug  ] gate Run data: [33 0]
2021/02/04 18:58:24 [debug  ] gate Run data: [33 0]
2021/02/04 18:58:27 [debug  ] rpcNewAgent
2021/02/04 18:58:28 [debug  ] Info, sort guild ,GuildRankTime:%!(EXTRA int64=12920750840000, string= rank num:, int32=21)
2021/02/04 18:58:28 [debug  ] Info, UpdateRank
2021/02/04 18:58:35 [debug  ] gate Run data: [33 0]
2021/02/04 18:58:46 [debug  ] gate Run data: [33 0]
2021/02/04 18:58:57 [debug  ] gate Run data: [33 0]
2021/02/04 18:59:08 [debug  ] gate Run data: [33 0]
2021/02/04 18:59:19 [debug  ] gate Run data: [33 0]
2021/02/04 18:59:30 [debug  ] gate Run data: [33 0]
2021/02/04 18:59:41 [debug  ] gate Run data: [33 0]
2021/02/04 18:59:52 [debug  ] gate Run data: [33 0]
2021/02/04 19:00:03 [debug  ] gate Run data: [33 0]
2021/02/04 19:00:14 [debug  ] gate Run data: [33 0]
2021/02/04 19:00:25 [debug  ] gate Run data: [33 0]
2021/02/04 19:00:36 [debug  ] gate Run data: [33 0]
2021/02/04 19:00:47 [debug  ] gate Run data: [33 0]
2021/02/04 19:00:58 [debug  ] gate Run data: [33 0]
2021/02/04 19:01:09 [debug  ] gate Run data: [33 0]
2021/02/04 19:01:15 [debug  ] rpcNewAgent
2021/02/04 19:01:15 [debug  ] gate Run data: [38 0 8 1 16 2 24 1 34 0]
2021/02/04 19:01:15 [debug  ] gate Run data: [39 1 10 8 100 102 97 115 102 97 115 102 18 5 101 97 102 97 115 26 7 97 115 100 102 115 97 102]
2021/02/04 19:01:15 [debug  ] server_main/game/internal.handleDeviceLoginNewR
2021/02/04 19:01:15 [release] player 12908986780000 login repeat
2021/02/04 19:01:15 [release] on player 12908986780000 logout
2021/02/04 19:01:15 [debug  ] gate read message: read tcp 192.168.15.132:17183->192.168.15.132:59412: use of closed network connection
2021/02/04 19:01:15 [debug  ] player 12908986780000 login
2021/02/04 19:01:15 [debug  ] rpcCloseAgent
2021/02/04 19:01:15 [debug  ] gate Run data: [52 0 8 1 18 0 26 0 34 0 42 0 50 0 58 0 66 0 72 1]
2021/02/04 19:01:15 [debug  ] handlePlayerLoginR msg size: 19
2021/02/04 19:01:17 [debug  ] gate Run data: [39 1 10 8 100 102 97 115 102 97 115 102 18 5 101 97 102 97 115 26 7 97 115 100 102 115 97 102]
2021/02/04 19:01:17 [debug  ] server_main/game/internal.handleDeviceLoginNewR
2021/02/04 19:01:17 [error  ] repeat login
2021/02/04 19:01:17 [debug  ] gate Run data: [52 0 8 1 18 0 26 0 34 0 42 0 50 0 58 0 66 0 72 1]
2021/02/04 19:01:17 [debug  ] handlePlayerLoginR msg size: 19
2021/02/04 19:01:17 [debug  ] gate Run data: [54 0]
2021/02/04 19:01:17 [debug  ] gate Run data: [56 0]
2021/02/04 19:01:17 [debug  ] gate Run data: [29 1 8 1 18 2 103 103 24 0]
2021/02/04 19:01:27 [debug  ] gate Run data: [33 0]
2021/02/04 19:01:27 [debug  ] Close agent cause heartbeat timeout
2021/02/04 19:01:27 [debug  ] gate read message: read tcp [::1]:17183->[::1]:59656: use of closed network connection
2021/02/04 19:01:27 [debug  ] rpcCloseAgent
2021/02/04 19:01:37 [debug  ] gate Run data: [33 0]
2021/02/04 19:01:47 [debug  ] gate Run data: [33 0]
2021/02/04 19:01:57 [debug  ] gate Run data: [33 0]
2021/02/04 19:02:08 [debug  ] gate Run data: [33 0]
2021/02/04 19:02:19 [debug  ] gate Run data: [33 0]
2021/02/04 19:02:19 [debug  ] rpcNewAgent
2021/02/04 19:02:30 [debug  ] gate Run data: [33 0]
2021/02/04 19:02:41 [debug  ] gate Run data: [33 0]
2021/02/04 19:02:52 [debug  ] gate Run data: [33 0]
2021/02/04 19:03:03 [debug  ] gate Run data: [33 0]
2021/02/04 19:03:14 [debug  ] gate Run data: [33 0]
2021/02/04 19:03:25 [debug  ] gate Run data: [33 0]
2021/02/04 19:03:28 [debug  ] Info, sort guild ,GuildRankTime:%!(EXTRA int64=12920780840000, string= rank num:, int32=21)
2021/02/04 19:03:28 [debug  ] Info, UpdateRank
2021/02/04 19:03:36 [debug  ] gate Run data: [33 0]
2021/02/04 19:03:47 [debug  ] gate Run data: [33 0]
2021/02/04 19:03:58 [debug  ] gate Run data: [33 0]
2021/02/04 19:04:09 [debug  ] gate Run data: [33 0]
2021/02/04 19:04:20 [debug  ] gate Run data: [33 0]
2021/02/04 19:04:31 [debug  ] gate Run data: [33 0]
2021/02/04 19:04:42 [debug  ] gate Run data: [33 0]
2021/02/04 19:04:53 [debug  ] gate Run data: [33 0]
2021/02/04 19:05:04 [debug  ] gate Run data: [33 0]
2021/02/04 19:05:15 [debug  ] gate Run data: [33 0]
2021/02/04 19:05:20 [debug  ] Close agent cause heartbeat timeout
2021/02/04 19:05:20 [debug  ] gate read message: read tcp [::1]:17183->[::1]:59912: use of closed network connection
2021/02/04 19:05:20 [debug  ] rpcCloseAgent
2021/02/04 19:05:26 [debug  ] gate Run data: [33 0]
2021/02/04 19:05:37 [debug  ] gate Run data: [33 0]
2021/02/04 19:05:48 [debug  ] gate Run data: [33 0]
2021/02/04 19:05:58 [debug  ] gate Run data: [33 0]
2021/02/04 19:06:09 [debug  ] gate Run data: [33 0]
2021/02/04 19:06:20 [debug  ] gate Run data: [33 0]
2021/02/04 19:06:31 [debug  ] gate Run data: [33 0]
2021/02/04 19:06:42 [debug  ] gate Run data: [33 0]
2021/02/04 19:06:53 [debug  ] gate Run data: [33 0]
2021/02/04 19:07:04 [debug  ] gate Run data: [33 0]
2021/02/04 19:07:15 [debug  ] gate Run data: [33 0]
2021/02/04 19:07:26 [debug  ] gate Run data: [33 0]
2021/02/04 19:07:37 [debug  ] gate Run data: [33 0]
2021/02/04 19:07:47 [debug  ] gate Run data: [33 0]
2021/02/04 19:07:48 [debug  ] gate read message: websocket: close 1001 (going away)
2021/02/04 19:07:48 [debug  ] rpcCloseAgent
2021/02/04 19:07:48 [debug  ] player 12908986780000 disconnect
2021/02/04 19:07:48 [release] on player 12908986780000 logout
2021/02/04 19:07:52 [debug  ] rpcNewAgent
2021/02/04 19:07:52 [debug  ] gate Run data: [38 0 8 1 16 2 24 1 34 0]
2021/02/04 19:07:52 [debug  ] gate Run data: [39 1 10 8 100 102 97 115 102 97 115 102 18 5 101 97 102 97 115 26 7 97 115 100 102 115 97 102]
2021/02/04 19:07:52 [debug  ] server_main/game/internal.handleDeviceLoginNewR
2021/02/04 19:07:52 [debug  ] player 12908986780000 login
2021/02/04 19:07:52 [debug  ] gate Run data: [52 0 8 1 18 0 26 0 34 0 42 0 50 0 58 0 66 0 72 1]
2021/02/04 19:07:52 [debug  ] handlePlayerLoginR msg size: 19
2021/02/04 19:08:02 [debug  ] gate Run data: [33 0]
2021/02/04 19:08:12 [debug  ] gate Run data: [33 0]
2021/02/04 19:08:22 [debug  ] gate Run data: [33 0]
2021/02/04 19:08:28 [debug  ] Info, sort guild ,GuildRankTime:%!(EXTRA int64=12920810840000, string= rank num:, int32=21)
2021/02/04 19:08:28 [debug  ] Info, UpdateRank
2021/02/04 19:08:32 [debug  ] gate Run data: [33 0]
2021/02/04 19:08:42 [debug  ] gate Run data: [33 0]
2021/02/04 19:08:52 [debug  ] gate Run data: [33 0]
2021/02/04 19:09:02 [debug  ] gate Run data: [33 0]
2021/02/04 19:09:12 [debug  ] gate Run data: [33 0]
2021/02/04 19:09:22 [debug  ] gate Run data: [33 0]
2021/02/04 19:09:32 [debug  ] gate Run data: [33 0]
2021/02/04 19:09:42 [debug  ] gate Run data: [33 0]
2021/02/04 19:09:52 [debug  ] gate Run data: [33 0]
2021/02/04 19:10:02 [debug  ] gate Run data: [33 0]
2021/02/04 19:10:12 [debug  ] gate Run data: [33 0]
2021/02/04 19:10:22 [debug  ] gate Run data: [33 0]
2021/02/04 19:10:32 [debug  ] gate Run data: [33 0]
2021/02/04 19:10:42 [debug  ] gate Run data: [33 0]
2021/02/04 19:10:52 [debug  ] gate Run data: [33 0]
2021/02/04 19:11:02 [debug  ] gate Run data: [33 0]
2021/02/04 19:11:12 [debug  ] gate Run data: [33 0]
2021/02/04 19:11:22 [debug  ] gate Run data: [33 0]
2021/02/04 19:11:32 [debug  ] gate Run data: [33 0]
2021/02/04 19:11:42 [debug  ] gate Run data: [33 0]
2021/02/04 19:11:52 [debug  ] gate Run data: [33 0]
2021/02/04 19:12:02 [debug  ] gate Run data: [33 0]
2021/02/04 19:12:12 [debug  ] gate Run data: [33 0]
2021/02/04 19:12:21 [debug  ] gate read message: websocket: close 1001 (going away)
2021/02/04 19:12:21 [debug  ] rpcCloseAgent
2021/02/04 19:12:21 [debug  ] player 12908986780000 disconnect
2021/02/04 19:12:21 [release] on player 12908986780000 logout
2021/02/04 19:12:35 [debug  ] rpcNewAgent
2021/02/04 19:12:35 [debug  ] gate Run data: [38 0 8 1 16 2 24 1 34 0]
2021/02/04 19:12:35 [debug  ] gate Run data: [39 1 10 8 100 102 97 115 102 97 115 102 18 5 101 97 102 97 115 26 7 97 115 100 102 115 97 102]
2021/02/04 19:12:35 [debug  ] server_main/game/internal.handleDeviceLoginNewR
2021/02/04 19:12:35 [debug  ] player 12908986780000 login
2021/02/04 19:12:35 [debug  ] gate Run data: [52 0 8 1 18 0 26 0 34 0 42 0 50 0 58 0 66 0 72 1]
2021/02/04 19:12:35 [debug  ] handlePlayerLoginR msg size: 19
2021/02/04 19:12:37 [debug  ] gate Run data: [39 1 10 8 100 102 97 115 102 97 115 102 18 5 101 97 102 97 115 26 7 97 115 100 102 115 97 102]
2021/02/04 19:12:37 [debug  ] server_main/game/internal.handleDeviceLoginNewR
2021/02/04 19:12:37 [error  ] repeat login
2021/02/04 19:12:37 [debug  ] gate Run data: [52 0 8 1 18 0 26 0 34 0 42 0 50 0 58 0 66 0 72 1]
2021/02/04 19:12:37 [debug  ] handlePlayerLoginR msg size: 19
2021/02/04 19:12:37 [debug  ] gate Run data: [54 0]
2021/02/04 19:12:37 [debug  ] gate Run data: [56 0]
2021/02/04 19:12:37 [debug  ] gate Run data: [29 1 8 1 18 2 103 103 24 0]
2021/02/04 19:12:47 [debug  ] gate Run data: [33 0]
2021/02/04 19:12:57 [debug  ] gate Run data: [33 0]
2021/02/04 19:13:07 [debug  ] gate Run data: [33 0]
2021/02/04 19:13:17 [debug  ] gate Run data: [33 0]
2021/02/04 19:13:27 [debug  ] gate Run data: [33 0]
2021/02/04 19:13:28 [debug  ] Info, sort guild ,GuildRankTime:%!(EXTRA int64=12920840840000, string= rank num:, int32=21)
2021/02/04 19:13:28 [debug  ] Info, UpdateRank
2021/02/04 19:13:37 [debug  ] gate Run data: [33 0]
2021/02/04 19:13:47 [debug  ] gate Run data: [33 0]
2021/02/04 19:13:57 [debug  ] gate Run data: [33 0]
2021/02/04 19:14:07 [debug  ] gate Run data: [33 0]
2021/02/04 19:14:17 [debug  ] gate Run data: [33 0]
2021/02/04 19:14:27 [debug  ] gate Run data: [33 0]
2021/02/04 19:14:37 [debug  ] gate Run data: [33 0]
2021/02/04 19:14:47 [debug  ] gate Run data: [33 0]
2021/02/04 19:14:57 [debug  ] gate Run data: [33 0]
2021/02/04 19:15:07 [debug  ] gate Run data: [33 0]
2021/02/04 19:15:17 [debug  ] gate Run data: [33 0]
2021/02/04 19:15:27 [debug  ] gate Run data: [33 0]
2021/02/04 19:15:37 [debug  ] gate Run data: [33 0]
2021/02/04 19:15:47 [debug  ] gate Run data: [33 0]
2021/02/04 19:15:57 [debug  ] gate Run data: [33 0]
2021/02/04 19:16:07 [debug  ] gate Run data: [33 0]
2021/02/04 19:16:17 [debug  ] gate Run data: [33 0]
2021/02/04 19:16:27 [debug  ] gate Run data: [33 0]
2021/02/04 19:16:37 [debug  ] gate Run data: [33 0]
2021/02/04 19:16:47 [debug  ] gate Run data: [33 0]
2021/02/04 19:16:57 [debug  ] gate Run data: [33 0]
2021/02/04 19:17:08 [debug  ] gate Run data: [33 0]
2021/02/04 19:17:19 [debug  ] gate Run data: [33 0]
2021/02/04 19:17:30 [debug  ] gate Run data: [33 0]
2021/02/04 19:17:41 [debug  ] gate Run data: [33 0]
2021/02/04 19:17:52 [debug  ] gate Run data: [33 0]
2021/02/04 19:18:03 [debug  ] gate Run data: [33 0]
2021/02/04 19:18:14 [debug  ] gate Run data: [33 0]
2021/02/04 19:18:19 [debug  ] rpcNewAgent
2021/02/04 19:18:19 [debug  ] gate Run data: [38 0 8 1 16 2 24 1 34 0]
2021/02/04 19:18:19 [debug  ] gate Run data: [39 1 10 8 100 102 97 115 102 97 115 102 18 5 101 97 102 97 115 26 7 97 115 100 102 115 97 102]
2021/02/04 19:18:19 [debug  ] server_main/game/internal.handleDeviceLoginNewR
2021/02/04 19:18:19 [release] player 12908986780000 login repeat
2021/02/04 19:18:19 [release] on player 12908986780000 logout
2021/02/04 19:18:19 [debug  ] player 12908986780000 login
2021/02/04 19:18:19 [debug  ] gate read message: read tcp 192.168.15.132:17183->192.168.15.132:60603: use of closed network connection
2021/02/04 19:18:19 [debug  ] rpcCloseAgent
2021/02/04 19:18:19 [debug  ] gate Run data: [52 0 8 1 18 0 26 0 34 0 42 0 50 0 58 0 66 0 72 1]
2021/02/04 19:18:19 [debug  ] handlePlayerLoginR msg size: 19
2021/02/04 19:18:20 [debug  ] gate Run data: [39 1 10 8 100 102 97 115 102 97 115 102 18 5 101 97 102 97 115 26 7 97 115 100 102 115 97 102]
2021/02/04 19:18:20 [debug  ] server_main/game/internal.handleDeviceLoginNewR
2021/02/04 19:18:20 [error  ] repeat login
2021/02/04 19:18:20 [debug  ] gate Run data: [52 0 8 1 18 0 26 0 34 0 42 0 50 0 58 0 66 0 72 1]
2021/02/04 19:18:20 [debug  ] handlePlayerLoginR msg size: 19
2021/02/04 19:18:20 [debug  ] gate Run data: [54 0]
2021/02/04 19:18:20 [debug  ] gate Run data: [56 0]
2021/02/04 19:18:20 [debug  ] gate Run data: [29 1 8 1 18 2 103 103 24 0]
2021/02/04 19:18:28 [debug  ] Info, sort guild ,GuildRankTime:%!(EXTRA int64=12920870840000, string= rank num:, int32=21)
2021/02/04 19:18:28 [debug  ] Info, UpdateRank
2021/02/04 19:18:30 [debug  ] gate Run data: [33 0]
2021/02/04 19:18:40 [debug  ] gate Run data: [33 0]
2021/02/04 19:18:50 [debug  ] gate Run data: [33 0]
2021/02/04 19:19:01 [debug  ] gate Run data: [33 0]
2021/02/04 19:19:11 [debug  ] gate Run data: [33 0]
2021/02/04 19:19:21 [debug  ] gate Run data: [33 0]
2021/02/04 19:19:31 [debug  ] gate Run data: [33 0]
2021/02/04 19:19:41 [debug  ] gate Run data: [33 0]
2021/02/04 19:19:51 [debug  ] gate Run data: [33 0]
2021/02/04 19:20:01 [debug  ] gate Run data: [33 0]
2021/02/04 19:20:11 [debug  ] gate Run data: [33 0]
2021/02/04 19:20:21 [debug  ] gate Run data: [33 0]
2021/02/04 19:20:31 [debug  ] gate Run data: [33 0]
2021/02/04 19:20:41 [debug  ] gate Run data: [33 0]
2021/02/04 19:20:51 [debug  ] gate Run data: [33 0]
2021/02/04 19:21:01 [debug  ] gate Run data: [33 0]
2021/02/04 19:21:11 [debug  ] gate Run data: [33 0]
2021/02/04 19:21:21 [debug  ] gate Run data: [33 0]
2021/02/04 19:21:31 [debug  ] gate Run data: [33 0]
2021/02/04 19:21:42 [debug  ] gate Run data: [33 0]
2021/02/04 19:21:53 [debug  ] gate Run data: [33 0]
2021/02/04 19:22:04 [debug  ] gate Run data: [33 0]
2021/02/04 19:22:15 [debug  ] gate Run data: [33 0]
2021/02/04 19:22:26 [debug  ] gate Run data: [33 0]
2021/02/04 19:22:37 [debug  ] gate Run data: [33 0]
2021/02/04 19:22:48 [debug  ] gate Run data: [33 0]
2021/02/04 19:22:59 [debug  ] gate Run data: [33 0]
2021/02/04 19:23:10 [debug  ] gate Run data: [33 0]
2021/02/04 19:23:21 [debug  ] gate Run data: [33 0]
2021/02/04 19:23:28 [debug  ] Info, UpdateRank
2021/02/04 19:23:28 [debug  ] Info, sort guild ,GuildRankTime:%!(EXTRA int64=12920900840000, string= rank num:, int32=21)
2021/02/04 19:23:32 [debug  ] gate Run data: [33 0]
2021/02/04 19:23:43 [debug  ] gate Run data: [33 0]
2021/02/04 19:23:54 [debug  ] gate Run data: [33 0]
2021/02/04 19:24:05 [debug  ] gate Run data: [33 0]
2021/02/04 19:24:16 [debug  ] gate Run data: [33 0]
2021/02/04 19:24:27 [debug  ] gate Run data: [33 0]
2021/02/04 19:24:38 [debug  ] gate Run data: [33 0]
2021/02/04 19:24:49 [debug  ] gate Run data: [33 0]
2021/02/04 19:25:00 [debug  ] gate Run data: [33 0]
2021/02/04 19:25:11 [debug  ] gate Run data: [33 0]
2021/02/04 19:25:22 [debug  ] gate Run data: [33 0]
2021/02/04 19:25:32 [debug  ] gate Run data: [33 0]
2021/02/04 19:25:43 [debug  ] gate Run data: [33 0]
2021/02/04 19:25:48 [debug  ] rpcNewAgent
2021/02/04 19:25:48 [debug  ] gate Run data: [38 0 8 1 16 2 24 1 34 0]
2021/02/04 19:25:48 [debug  ] gate Run data: [39 1 10 8 100 102 97 115 102 97 115 102 18 5 101 97 102 97 115 26 7 97 115 100 102 115 97 102]
2021/02/04 19:25:48 [debug  ] server_main/game/internal.handleDeviceLoginNewR
2021/02/04 19:25:48 [release] player 12908986780000 login repeat
2021/02/04 19:25:48 [release] on player 12908986780000 logout
2021/02/04 19:25:48 [debug  ] player 12908986780000 login
2021/02/04 19:25:48 [debug  ] gate read message: read tcp 192.168.15.132:17183->192.168.15.132:60957: use of closed network connection
2021/02/04 19:25:48 [debug  ] rpcCloseAgent
2021/02/04 19:25:48 [debug  ] gate Run data: [52 0 8 1 18 0 26 0 34 0 42 0 50 0 58 0 66 0 72 1]
2021/02/04 19:25:48 [debug  ] handlePlayerLoginR msg size: 19
2021/02/04 19:25:50 [debug  ] gate Run data: [39 1 10 8 100 102 97 115 102 97 115 102 18 5 101 97 102 97 115 26 7 97 115 100 102 115 97 102]
2021/02/04 19:25:50 [debug  ] server_main/game/internal.handleDeviceLoginNewR
2021/02/04 19:25:50 [error  ] repeat login
2021/02/04 19:25:50 [debug  ] gate Run data: [52 0 8 1 18 0 26 0 34 0 42 0 50 0 58 0 66 0 72 1]
2021/02/04 19:25:50 [debug  ] handlePlayerLoginR msg size: 19
2021/02/04 19:25:50 [debug  ] gate Run data: [54 0]
2021/02/04 19:25:50 [debug  ] gate Run data: [56 0]
2021/02/04 19:25:50 [debug  ] gate Run data: [29 1 8 1 18 2 103 103 24 0]
2021/02/04 19:25:53 [debug  ] gate read message: websocket: close 1001 (going away)
2021/02/04 19:25:53 [debug  ] rpcCloseAgent
2021/02/04 19:25:53 [debug  ] player 12908986780000 disconnect
2021/02/04 19:25:53 [release] on player 12908986780000 logout
2021/02/04 19:28:28 [debug  ] Info, UpdateRank
2021/02/04 19:28:28 [debug  ] Info, sort guild ,GuildRankTime:%!(EXTRA int64=12920930840000, string= rank num:, int32=21)
2021/02/04 19:33:28 [debug  ] Info, UpdateRank
2021/02/04 19:33:28 [debug  ] Info, sort guild ,GuildRankTime:%!(EXTRA int64=12920960840000, string= rank num:, int32=21)
2021/02/04 19:38:18 [debug  ] rpcNewAgent
2021/02/04 19:38:18 [debug  ] gate Run data: [38 0 8 1 16 2 24 1 34 0]
2021/02/04 19:38:18 [debug  ] gate Run data: [39 1 10 8 100 102 97 115 102 97 115 102 18 5 101 97 102 97 115 26 7 97 115 100 102 115 97 102]
2021/02/04 19:38:18 [debug  ] server_main/game/internal.handleDeviceLoginNewR
2021/02/04 19:38:18 [debug  ] player 12908986780000 login
2021/02/04 19:38:18 [debug  ] gate Run data: [52 0 8 1 18 0 26 0 34 0 42 0 50 0 58 0 66 0 72 1]
2021/02/04 19:38:18 [debug  ] handlePlayerLoginR msg size: 19
2021/02/04 19:38:19 [debug  ] gate Run data: [39 1 10 8 100 102 97 115 102 97 115 102 18 5 101 97 102 97 115 26 7 97 115 100 102 115 97 102]
2021/02/04 19:38:19 [debug  ] server_main/game/internal.handleDeviceLoginNewR
2021/02/04 19:38:19 [error  ] repeat login
2021/02/04 19:38:19 [debug  ] gate Run data: [52 0 8 1 18 0 26 0 34 0 42 0 50 0 58 0 66 0 72 1]
2021/02/04 19:38:19 [debug  ] handlePlayerLoginR msg size: 19
2021/02/04 19:38:19 [debug  ] gate Run data: [54 0]
2021/02/04 19:38:19 [debug  ] gate Run data: [56 0]
2021/02/04 19:38:19 [debug  ] gate Run data: [29 1 8 1 18 2 103 103 24 0]
2021/02/04 19:38:28 [debug  ] Info, sort guild ,GuildRankTime:%!(EXTRA int64=12920990840000, string= rank num:, int32=21)
2021/02/04 19:38:28 [debug  ] Info, UpdateRank
2021/02/04 19:38:29 [debug  ] gate Run data: [33 0]
2021/02/04 19:38:55 [release] Leaf 1.1.2 starting up
2021/02/04 19:38:55 [release] db OnInit
2021/02/04 19:38:55 [release] game OnInit
2021/02/04 19:38:55 [debug  ] Lua load conf/xshare.lua finished
2021/02/04 19:38:55 [debug  ] KLuaCMD5: e9d83e7646e443aff2f8f69b311cf7b4
2021/02/04 19:38:55 [debug  ] KChannelString bk
2021/02/04 19:38:55 [error  ] Lua GetIntArray err: KHeroReturnBackConsumeVrmb
2021/02/04 19:38:55 [error  ] Lua GetIntMap err: KArtifactFragmentNumReq
2021/02/04 19:38:55 [error  ] Lua GetIntMap err: KArtifactQualityUpMoneyReq
2021/02/04 19:38:55 [debug  ] KIFixMD5: 
2021/02/04 19:38:55 [debug  ] KRUZMD5: 
2021/02/04 19:38:55 [debug  ] Heartbeat timeout is 180
2021/02/04 19:38:55 [debug  ] game init handler
2021/02/04 19:38:55 [debug  ] 2 star total weight: 6
2021/02/04 19:38:55 [debug  ] 3 star total weight: 66
2021/02/04 19:38:55 [debug  ] 4 star total weight: 66
2021/02/04 19:38:55 [debug  ] 5 star total weight: 211
2021/02/04 19:38:55 [debug  ] 1 star total weight: 6
2021/02/04 19:38:55 [debug  ] ActivityMgr LoadAllActivity
2021/02/04 19:38:55 [debug  ] >>>>Start Loading DeviceUsers
2021/02/04 19:38:55 [debug  ] Start Load DeviceUsers
2021/02/04 19:38:55 [debug  ] End Load All DeviceUsers (Loaded:2728)
2021/02/04 19:38:55 [debug  ] >>>>Finish Loading DeviceUsers
2021/02/04 19:38:55 [debug  ] >>>>Start Loading Accounts
2021/02/04 19:38:55 [debug  ] Start Load Accounts
2021/02/04 19:38:55 [debug  ] End Load All Accounts (Loaded:2798)
2021/02/04 19:38:55 [debug  ] >>>>Finish Loading Accounts
2021/02/04 19:38:55 [debug  ] >>>>Start Loading InitPlayers
2021/02/04 19:38:55 [debug  ] Start Preload Players
2021/02/04 19:38:56 [debug  ] End Preload Player UseTime:1s
2021/02/04 19:38:56 [debug  ] Start Load All Players 2117
2021/02/04 19:39:01 [debug  ] 1000 Players Loaded UseTime:5s
2021/02/04 19:39:07 [debug  ] 2000 Players Loaded UseTime:11s
2021/02/04 19:39:07 [debug  ] End Load All Player (Loaded:2117) UseTime:11s
2021/02/04 19:39:07 [debug  ] >>>>Finish Loading InitPlayers
2021/02/04 19:39:07 [debug  ] >>>>Start Loading BanPlayers
2021/02/04 19:39:07 [debug  ] >>>>Finish Loading BanPlayers
2021/02/04 19:39:07 [debug  ] >>>>Start Loading LoadOrderNear
2021/02/04 19:39:07 [debug  ] Start Load Orders
2021/02/04 19:39:07 [debug  ] End Preload Order UseTime:0s
2021/02/04 19:39:07 [debug  ] >>>>Finish Loading LoadOrderNear
2021/02/04 19:39:07 [debug  ] >>>>Start Loading LoadAllGlobalMail
2021/02/04 19:39:07 [debug  ] >>>>Finish Loading LoadAllGlobalMail
2021/02/04 19:39:07 [debug  ] >>>>Start Loading LoadAllGiftCode
2021/02/04 19:39:07 [debug  ] >>>>Finish Loading LoadAllGiftCode
2021/02/04 19:39:07 [debug  ] >>>>Start Check PlayerData
2021/02/04 19:39:07 [debug  ] 1000 Players Data Checked:0s
2021/02/04 19:39:07 [debug  ] 2000 Players Data Checked:0s
2021/02/04 19:39:07 [debug  ] >>>>Finish Check PlayerData
2021/02/04 19:39:07 [debug  ] >>>>Start Init Rank Data
2021/02/04 19:39:07 [debug  ] >>>>Finish Init Rank Data
2021/02/04 19:39:07 [debug  ] LoadGuildAll: begin
2021/02/04 19:39:08 [debug  ] LoadGuildAll: end. num=21
2021/02/04 19:39:08 [debug  ] LoadGuildNotice: begin
2021/02/04 19:39:08 [debug  ] LoadGuildNotice: end. num=34
2021/02/04 19:39:08 [debug  ] Info, sort guild ,GuildRankTime:%!(EXTRA int64=12920994870000, string= rank num:, int32=21)
2021/02/04 19:39:08 [release] BokePayControllerOnInit
2021/02/04 19:39:08 [debug  ] ActivityMgr.InitRank: begin
2021/02/04 19:39:08 [debug  ] ActivityMgr.InitRank: end
2021/02/04 19:39:08 [debug  ] Next Daily Update Time: 2021-02-05 00:00:00 +0800 CST
2021/02/04 19:39:08 [debug  ] Next Weekly Update Time: 2021-02-08 00:00:00 +0800 CST
2021/02/04 19:39:08 [debug  ] Next Monthly Update Time: 2021-03-01 00:00:00 +0800 CST
2021/02/04 19:39:08 [release] gate OnInit
2021/02/04 19:39:08 [release] login OnInit
2021/02/04 19:39:08 [release] Create WSServer :17183
2021/02/04 19:39:08 [release] Create TCPServer :17173
2021/02/04 19:42:02 [debug  ] rpcNewAgent
2021/02/04 19:42:02 [debug  ] gate Run data: [38 0 8 1 16 2 24 1 34 0]
2021/02/04 19:42:02 [debug  ] gate Run data: [39 1 10 8 100 102 97 115 102 97 115 102 18 5 101 97 102 97 115 26 7 97 115 100 102 115 97 102]
2021/02/04 19:42:02 [debug  ] server_main/game/internal.handleDeviceLoginNewR
2021/02/04 19:42:02 [debug  ] player 12908986780000 login
2021/02/04 19:42:02 [debug  ] gate Run data: [52 0 8 1 18 0 26 0 34 0 42 0 50 0 58 0 66 0 72 1]
2021/02/04 19:42:02 [debug  ] handlePlayerLoginR msg size: 19
2021/02/04 19:42:04 [debug  ] gate Run data: [39 1 10 8 100 102 97 115 102 97 115 102 18 5 101 97 102 97 115 26 7 97 115 100 102 115 97 102]
2021/02/04 19:42:04 [debug  ] server_main/game/internal.handleDeviceLoginNewR
2021/02/04 19:42:04 [error  ] repeat login
2021/02/04 19:42:04 [debug  ] gate Run data: [52 0 8 1 18 0 26 0 34 0 42 0 50 0 58 0 66 0 72 1]
2021/02/04 19:42:04 [debug  ] handlePlayerLoginR msg size: 19
2021/02/04 19:42:04 [debug  ] gate Run data: [54 0]
2021/02/04 19:42:04 [debug  ] gate Run data: [56 0]
2021/02/04 19:42:04 [debug  ] gate Run data: [29 1 8 1 18 2 103 103 24 0]
2021/02/04 19:42:14 [debug  ] gate Run data: [33 0]
2021/02/04 19:42:30 [release] Leaf 1.1.2 starting up
2021/02/04 19:42:30 [release] db OnInit
2021/02/04 19:42:30 [release] game OnInit
2021/02/04 19:42:30 [debug  ] Lua load conf/xshare.lua finished
2021/02/04 19:42:30 [debug  ] KLuaCMD5: e9d83e7646e443aff2f8f69b311cf7b4
2021/02/04 19:42:30 [debug  ] KChannelString bk
2021/02/04 19:42:30 [error  ] Lua GetIntArray err: KHeroReturnBackConsumeVrmb
2021/02/04 19:42:30 [error  ] Lua GetIntMap err: KArtifactFragmentNumReq
2021/02/04 19:42:30 [error  ] Lua GetIntMap err: KArtifactQualityUpMoneyReq
2021/02/04 19:42:30 [debug  ] KIFixMD5: 
2021/02/04 19:42:30 [debug  ] KRUZMD5: 
2021/02/04 19:42:30 [debug  ] Heartbeat timeout is 180
2021/02/04 19:42:30 [debug  ] game init handler
2021/02/04 19:42:30 [debug  ] 3 star total weight: 66
2021/02/04 19:42:30 [debug  ] 4 star total weight: 66
2021/02/04 19:42:30 [debug  ] 5 star total weight: 211
2021/02/04 19:42:30 [debug  ] 1 star total weight: 6
2021/02/04 19:42:30 [debug  ] 2 star total weight: 6
2021/02/04 19:42:30 [debug  ] ActivityMgr LoadAllActivity
2021/02/04 19:42:30 [debug  ] >>>>Start Loading DeviceUsers
2021/02/04 19:42:30 [debug  ] Start Load DeviceUsers
2021/02/04 19:42:30 [debug  ] End Load All DeviceUsers (Loaded:2728)
2021/02/04 19:42:30 [debug  ] >>>>Finish Loading DeviceUsers
2021/02/04 19:42:30 [debug  ] >>>>Start Loading Accounts
2021/02/04 19:42:30 [debug  ] Start Load Accounts
2021/02/04 19:42:30 [debug  ] End Load All Accounts (Loaded:2798)
2021/02/04 19:42:30 [debug  ] >>>>Finish Loading Accounts
2021/02/04 19:42:30 [debug  ] >>>>Start Loading InitPlayers
2021/02/04 19:42:30 [debug  ] Start Preload Players
2021/02/04 19:42:31 [debug  ] End Preload Player UseTime:1s
2021/02/04 19:42:31 [debug  ] Start Load All Players 2117
2021/02/04 19:42:36 [debug  ] 1000 Players Loaded UseTime:5s
2021/02/04 19:42:42 [debug  ] 2000 Players Loaded UseTime:11s
2021/02/04 19:42:42 [debug  ] End Load All Player (Loaded:2117) UseTime:11s
2021/02/04 19:42:42 [debug  ] >>>>Finish Loading InitPlayers
2021/02/04 19:42:42 [debug  ] >>>>Start Loading BanPlayers
2021/02/04 19:42:42 [debug  ] >>>>Finish Loading BanPlayers
2021/02/04 19:42:42 [debug  ] >>>>Start Loading LoadOrderNear
2021/02/04 19:42:42 [debug  ] Start Load Orders
2021/02/04 19:42:42 [debug  ] End Preload Order UseTime:0s
2021/02/04 19:42:42 [debug  ] >>>>Finish Loading LoadOrderNear
2021/02/04 19:42:42 [debug  ] >>>>Start Loading LoadAllGlobalMail
2021/02/04 19:42:42 [debug  ] >>>>Finish Loading LoadAllGlobalMail
2021/02/04 19:42:42 [debug  ] >>>>Start Loading LoadAllGiftCode
2021/02/04 19:42:42 [debug  ] >>>>Finish Loading LoadAllGiftCode
2021/02/04 19:42:42 [debug  ] >>>>Start Check PlayerData
2021/02/04 19:42:42 [debug  ] 1000 Players Data Checked:0s
2021/02/04 19:42:42 [debug  ] 2000 Players Data Checked:0s
2021/02/04 19:42:42 [debug  ] >>>>Finish Check PlayerData
2021/02/04 19:42:42 [debug  ] >>>>Start Init Rank Data
2021/02/04 19:42:43 [debug  ] >>>>Finish Init Rank Data
2021/02/04 19:42:43 [debug  ] LoadGuildAll: begin
2021/02/04 19:42:45 [debug  ] LoadGuildAll: end. num=21
2021/02/04 19:42:45 [debug  ] LoadGuildNotice: begin
2021/02/04 19:42:45 [debug  ] LoadGuildNotice: end. num=34
2021/02/04 19:42:45 [debug  ] Info, sort guild ,GuildRankTime:%!(EXTRA int64=12921016580000, string= rank num:, int32=21)
2021/02/04 19:42:45 [release] BokePayControllerOnInit
2021/02/04 19:42:45 [debug  ] ActivityMgr.InitRank: begin
2021/02/04 19:42:45 [debug  ] ActivityMgr.InitRank: end
2021/02/04 19:42:45 [debug  ] Next Daily Update Time: 2021-02-05 00:00:00 +0800 CST
2021/02/04 19:42:45 [debug  ] Next Weekly Update Time: 2021-02-08 00:00:00 +0800 CST
2021/02/04 19:42:45 [debug  ] Next Monthly Update Time: 2021-03-01 00:00:00 +0800 CST
2021/02/04 19:42:45 [release] gate OnInit
2021/02/04 19:42:45 [release] login OnInit
2021/02/04 19:42:45 [release] Create WSServer :17183
2021/02/04 19:42:45 [release] Create TCPServer :17173
2021/02/04 19:43:13 [debug  ] rpcNewAgent
2021/02/04 19:43:13 [debug  ] gate Run data: [38 0 8 1 16 2 24 1 34 0]
2021/02/04 19:43:13 [debug  ] gate Run data: [39 1 10 8 100 102 97 115 102 97 115 102 18 5 101 97 102 97 115 26 7 97 115 100 102 115 97 102]
2021/02/04 19:43:13 [debug  ] server_main/game/internal.handleDeviceLoginNewR
2021/02/04 19:43:13 [debug  ] player 12908986780000 login
2021/02/04 19:43:14 [debug  ] gate Run data: [52 0 8 1 18 0 26 0 34 0 42 0 50 0 58 0 66 0 72 1]
2021/02/04 19:43:14 [debug  ] handlePlayerLoginR msg size: 19
2021/02/04 19:43:15 [debug  ] gate Run data: [39 1 10 8 100 102 97 115 102 97 115 102 18 5 101 97 102 97 115 26 7 97 115 100 102 115 97 102]
2021/02/04 19:43:15 [debug  ] server_main/game/internal.handleDeviceLoginNewR
2021/02/04 19:43:15 [error  ] repeat login
2021/02/04 19:43:15 [debug  ] gate Run data: [52 0 8 1 18 0 26 0 34 0 42 0 50 0 58 0 66 0 72 1]
2021/02/04 19:43:15 [debug  ] handlePlayerLoginR msg size: 19
2021/02/04 19:43:15 [debug  ] gate Run data: [54 0]
2021/02/04 19:43:15 [debug  ] gate Run data: [56 0]
2021/02/04 19:43:15 [debug  ] gate Run data: [29 1 8 1 18 2 103 103 24 0]
2021/02/04 21:35:55 [release] Leaf 1.1.2 starting up
2021/02/04 21:35:55 [release] db OnInit
2021/02/04 21:35:55 [release] game OnInit
2021/02/04 21:35:55 [debug  ] Lua load conf/xshare.lua finished
2021/02/04 21:35:55 [debug  ] KLuaCMD5: e9d83e7646e443aff2f8f69b311cf7b4
2021/02/04 21:35:55 [debug  ] KChannelString bk
2021/02/04 21:35:55 [error  ] Lua GetIntArray err: KHeroReturnBackConsumeVrmb
2021/02/04 21:35:55 [error  ] Lua GetIntMap err: KArtifactFragmentNumReq
2021/02/04 21:35:55 [error  ] Lua GetIntMap err: KArtifactQualityUpMoneyReq
2021/02/04 21:35:55 [debug  ] KIFixMD5: 
2021/02/04 21:35:55 [debug  ] KRUZMD5: 
2021/02/04 21:35:55 [debug  ] Heartbeat timeout is 180
2021/02/04 21:35:55 [debug  ] game init handler
2021/02/04 21:35:55 [debug  ] 3 star total weight: 66
2021/02/04 21:35:55 [debug  ] 4 star total weight: 66
2021/02/04 21:35:55 [debug  ] 5 star total weight: 211
2021/02/04 21:35:55 [debug  ] 1 star total weight: 6
2021/02/04 21:35:55 [debug  ] 2 star total weight: 6
2021/02/04 21:35:55 [debug  ] ActivityMgr LoadAllActivity
2021/02/04 21:35:55 [debug  ] >>>>Start Loading DeviceUsers
2021/02/04 21:35:55 [debug  ] Start Load DeviceUsers
2021/02/04 21:35:55 [debug  ] End Load All DeviceUsers (Loaded:2728)
2021/02/04 21:35:55 [debug  ] >>>>Finish Loading DeviceUsers
2021/02/04 21:35:55 [debug  ] >>>>Start Loading Accounts
2021/02/04 21:35:55 [debug  ] Start Load Accounts
2021/02/04 21:35:55 [debug  ] End Load All Accounts (Loaded:2798)
2021/02/04 21:35:55 [debug  ] >>>>Finish Loading Accounts
2021/02/04 21:35:55 [debug  ] >>>>Start Loading InitPlayers
2021/02/04 21:35:55 [debug  ] Start Preload Players
2021/02/04 21:35:56 [debug  ] End Preload Player UseTime:1s
2021/02/04 21:35:56 [debug  ] Start Load All Players 2117
2021/02/04 21:36:01 [debug  ] 1000 Players Loaded UseTime:5s
2021/02/04 21:36:06 [debug  ] 2000 Players Loaded UseTime:10s
2021/02/04 21:36:07 [debug  ] End Load All Player (Loaded:2117) UseTime:11s
2021/02/04 21:36:07 [debug  ] >>>>Finish Loading InitPlayers
2021/02/04 21:36:07 [debug  ] >>>>Start Loading BanPlayers
2021/02/04 21:36:07 [debug  ] >>>>Finish Loading BanPlayers
2021/02/04 21:36:07 [debug  ] >>>>Start Loading LoadOrderNear
2021/02/04 21:36:07 [debug  ] Start Load Orders
2021/02/04 21:36:07 [debug  ] End Preload Order UseTime:0s
2021/02/04 21:36:07 [debug  ] >>>>Finish Loading LoadOrderNear
2021/02/04 21:36:07 [debug  ] >>>>Start Loading LoadAllGlobalMail
2021/02/04 21:36:07 [debug  ] >>>>Finish Loading LoadAllGlobalMail
2021/02/04 21:36:07 [debug  ] >>>>Start Loading LoadAllGiftCode
2021/02/04 21:36:07 [debug  ] >>>>Finish Loading LoadAllGiftCode
2021/02/04 21:36:07 [debug  ] >>>>Start Check PlayerData
2021/02/04 21:36:07 [debug  ] 1000 Players Data Checked:0s
2021/02/04 21:36:07 [debug  ] 2000 Players Data Checked:0s
2021/02/04 21:36:07 [debug  ] >>>>Finish Check PlayerData
2021/02/04 21:36:07 [debug  ] >>>>Start Init Rank Data
2021/02/04 21:36:07 [debug  ] >>>>Finish Init Rank Data
2021/02/04 21:36:07 [debug  ] LoadGuildAll: begin
2021/02/04 21:36:09 [debug  ] LoadGuildAll: end. num=21
2021/02/04 21:36:09 [debug  ] LoadGuildNotice: begin
2021/02/04 21:36:09 [debug  ] LoadGuildNotice: end. num=34
2021/02/04 21:36:10 [debug  ] Info, sort guild ,GuildRankTime:%!(EXTRA int64=12921697000000, string= rank num:, int32=21)
2021/02/04 21:36:10 [release] BokePayControllerOnInit
2021/02/04 21:36:10 [debug  ] ActivityMgr.InitRank: begin
2021/02/04 21:36:10 [debug  ] ActivityMgr.InitRank: end
2021/02/04 21:36:10 [debug  ] Next Daily Update Time: 2021-02-05 00:00:00 +0800 CST
2021/02/04 21:36:10 [debug  ] Next Weekly Update Time: 2021-02-08 00:00:00 +0800 CST
2021/02/04 21:36:10 [debug  ] Next Monthly Update Time: 2021-03-01 00:00:00 +0800 CST
2021/02/04 21:36:10 [release] gate OnInit
2021/02/04 21:36:10 [release] login OnInit
2021/02/04 21:36:10 [release] Create WSServer :17183
2021/02/04 21:36:10 [release] Create TCPServer :17173
2021/02/04 21:36:10 [debug  ] rpcNewAgent
2021/02/04 21:36:10 [debug  ] gate Run data: [38 0 8 1 16 2 24 1 34 0]
2021/02/04 21:36:10 [debug  ] gate Run data: [33 0 8 1]
2021/02/04 21:36:10 [debug  ] gate Run data: [33 0 8 1]
2021/02/04 21:36:10 [debug  ] gate Run data: [33 0 8 1]
2021/02/04 21:36:10 [debug  ] gate Run data: [33 0 8 1]
2021/02/04 21:36:10 [debug  ] gate Run data: [33 0 8 1]
2021/02/04 21:36:10 [debug  ] gate Run data: [33 0 8 1]
2021/02/04 21:36:10 [debug  ] gate Run data: [39 1 10 8 100 102 97 115 102 97 115 102 18 5 101 97 102 97 115 26 7 97 115 100 102 115 97 102]
2021/02/04 21:36:10 [debug  ] server_main/game/internal.handleDeviceLoginNewR
2021/02/04 21:36:10 [debug  ] player 12908986780000 login
2021/02/04 21:36:10 [debug  ] gate Run data: [52 0 8 1 18 0 26 0 34 0 42 0 50 0 58 0 66 0 72 1]
2021/02/04 21:36:10 [debug  ] handlePlayerLoginR msg size: 19
2021/02/04 21:36:12 [debug  ] gate Run data: [39 1 10 8 100 102 97 115 102 97 115 102 18 5 101 97 102 97 115 26 7 97 115 100 102 115 97 102]
2021/02/04 21:36:12 [debug  ] server_main/game/internal.handleDeviceLoginNewR
2021/02/04 21:36:12 [error  ] repeat login
2021/02/04 21:36:12 [debug  ] gate Run data: [52 0 8 1 18 0 26 0 34 0 42 0 50 0 58 0 66 0 72 1]
2021/02/04 21:36:12 [debug  ] handlePlayerLoginR msg size: 19
2021/02/04 21:36:12 [debug  ] gate Run data: [54 0]
2021/02/04 21:36:12 [debug  ] gate Run data: [56 0]
2021/02/04 21:36:12 [debug  ] gate Run data: [29 1 8 1 18 2 103 103 24 0]
2021/02/04 21:36:22 [debug  ] gate Run data: [33 0]
2021/02/04 21:36:32 [debug  ] gate Run data: [33 0]
2021/02/04 21:36:42 [debug  ] gate Run data: [33 0]
2021/02/04 21:36:52 [debug  ] gate Run data: [33 0]
2021/02/04 21:37:02 [debug  ] gate Run data: [33 0]
2021/02/04 21:37:12 [debug  ] gate Run data: [33 0]
2021/02/04 21:37:22 [debug  ] gate Run data: [33 0]
2021/02/04 21:37:32 [debug  ] gate Run data: [33 0]
2021/02/04 21:37:42 [debug  ] gate Run data: [33 0]
2021/02/04 21:37:52 [debug  ] gate Run data: [33 0]
2021/02/04 21:38:02 [debug  ] gate Run data: [33 0]
2021/02/04 21:38:12 [debug  ] gate Run data: [33 0]
2021/02/04 21:38:22 [debug  ] gate Run data: [33 0]
2021/02/04 21:38:32 [debug  ] gate Run data: [33 0]
2021/02/04 21:38:42 [debug  ] gate Run data: [33 0]
2021/02/04 21:38:52 [debug  ] gate Run data: [33 0]
2021/02/04 21:39:02 [debug  ] gate Run data: [33 0]
2021/02/04 21:39:12 [debug  ] gate Run data: [33 0]
2021/02/04 21:39:22 [debug  ] gate Run data: [33 0]
2021/02/04 21:39:32 [debug  ] gate Run data: [33 0]
2021/02/04 21:39:42 [debug  ] gate Run data: [33 0]
2021/02/04 21:39:52 [debug  ] gate Run data: [33 0]
2021/02/04 21:40:02 [debug  ] gate Run data: [33 0]
2021/02/04 21:40:12 [debug  ] gate Run data: [33 0]
2021/02/04 21:40:22 [debug  ] gate Run data: [33 0]
2021/02/04 21:40:32 [debug  ] gate Run data: [33 0]
2021/02/04 21:40:42 [debug  ] gate Run data: [33 0]
2021/02/04 21:40:52 [debug  ] gate Run data: [33 0]
2021/02/04 21:41:02 [debug  ] gate Run data: [33 0]
2021/02/04 21:41:10 [debug  ] Info, sort guild ,GuildRankTime:%!(EXTRA int64=12921727000000, string= rank num:, int32=21)
2021/02/04 21:41:10 [debug  ] Info, UpdateRank
2021/02/04 21:41:12 [debug  ] gate Run data: [33 0]
2021/02/04 21:41:22 [debug  ] gate Run data: [33 0]
2021/02/04 21:41:32 [debug  ] gate Run data: [33 0]
2021/02/04 21:41:42 [debug  ] gate Run data: [33 0]
2021/02/04 21:41:52 [debug  ] gate Run data: [33 0]
2021/02/04 21:42:02 [debug  ] gate Run data: [33 0]
2021/02/04 21:42:12 [debug  ] gate Run data: [33 0]
2021/02/04 21:42:18 [debug  ] gate read message: websocket: close 1001 (going away)
2021/02/04 21:42:18 [debug  ] rpcCloseAgent
2021/02/04 21:42:18 [debug  ] player 12908986780000 disconnect
2021/02/04 21:42:18 [release] on player 12908986780000 logout
2021/02/04 21:42:19 [debug  ] rpcNewAgent
2021/02/04 21:42:19 [debug  ] gate Run data: [38 0 8 1 16 2 24 1 34 0]
2021/02/04 21:42:19 [debug  ] gate Run data: [39 1 10 8 100 102 97 115 102 97 115 102 18 5 101 97 102 97 115 26 7 97 115 100 102 115 97 102]
2021/02/04 21:42:19 [debug  ] server_main/game/internal.handleDeviceLoginNewR
2021/02/04 21:42:19 [debug  ] player 12908986780000 login
2021/02/04 21:42:19 [debug  ] gate Run data: [52 0 8 1 18 0 26 0 34 0 42 0 50 0 58 0 66 0 72 1]
2021/02/04 21:42:19 [debug  ] handlePlayerLoginR msg size: 19
2021/02/04 21:42:21 [debug  ] gate Run data: [39 1 10 8 100 102 97 115 102 97 115 102 18 5 101 97 102 97 115 26 7 97 115 100 102 115 97 102]
2021/02/04 21:42:21 [debug  ] server_main/game/internal.handleDeviceLoginNewR
2021/02/04 21:42:21 [error  ] repeat login
2021/02/04 21:42:21 [debug  ] gate Run data: [52 0 8 1 18 0 26 0 34 0 42 0 50 0 58 0 66 0 72 1]
2021/02/04 21:42:21 [debug  ] handlePlayerLoginR msg size: 19
2021/02/04 21:42:21 [debug  ] gate Run data: [54 0]
2021/02/04 21:42:21 [debug  ] gate Run data: [56 0]
2021/02/04 21:42:21 [debug  ] gate Run data: [29 1 8 1 18 2 103 103 24 0]
2021/02/04 21:42:28 [debug  ] gate read message: read tcp 192.168.15.132:17183->192.168.15.132:53064: wsarecv: An existing connection was forcibly closed by the remote host.
2021/02/04 21:42:28 [debug  ] rpcCloseAgent
2021/02/04 21:42:28 [debug  ] player 12908986780000 disconnect
2021/02/04 21:42:28 [release] on player 12908986780000 logout
2021/02/04 21:46:10 [debug  ] Info, UpdateRank
2021/02/04 21:46:10 [debug  ] Info, sort guild ,GuildRankTime:%!(EXTRA int64=12921757000000, string= rank num:, int32=21)
2021/02/04 21:51:10 [debug  ] Info, sort guild ,GuildRankTime:%!(EXTRA int64=12921787000000, string= rank num:, int32=21)
2021/02/04 21:51:10 [debug  ] Info, UpdateRank
2021/02/04 21:52:30 [debug  ] rpcNewAgent
2021/02/04 21:52:30 [debug  ] gate Run data: [38 0 8 1 16 2 24 1 34 0]
2021/02/04 21:52:30 [debug  ] gate Run data: [33 0 8 1]
2021/02/04 21:52:30 [debug  ] gate Run data: [33 0 8 1]
2021/02/04 21:52:30 [debug  ] gate Run data: [39 1 10 8 100 102 97 115 102 97 115 102 18 5 101 97 102 97 115 26 7 97 115 100 102 115 97 102]
2021/02/04 21:52:30 [debug  ] server_main/game/internal.handleDeviceLoginNewR
2021/02/04 21:52:30 [debug  ] player 12908986780000 login
2021/02/04 21:52:30 [debug  ] gate Run data: [52 0 8 1 18 0 26 0 34 0 42 0 50 0 58 0 66 0 72 1]
2021/02/04 21:52:30 [debug  ] handlePlayerLoginR msg size: 19
2021/02/04 21:52:31 [debug  ] gate Run data: [39 1 10 8 100 102 97 115 102 97 115 102 18 5 101 97 102 97 115 26 7 97 115 100 102 115 97 102]
2021/02/04 21:52:31 [debug  ] server_main/game/internal.handleDeviceLoginNewR
2021/02/04 21:52:31 [error  ] repeat login
2021/02/04 21:52:31 [debug  ] gate Run data: [52 0 8 1 18 0 26 0 34 0 42 0 50 0 58 0 66 0 72 1]
2021/02/04 21:52:31 [debug  ] handlePlayerLoginR msg size: 19
2021/02/04 21:52:31 [debug  ] gate Run data: [54 0]
2021/02/04 21:52:31 [debug  ] gate Run data: [56 0]
2021/02/04 21:52:31 [debug  ] gate Run data: [29 1 8 1 18 2 103 103 24 0]
2021/02/04 21:52:41 [debug  ] gate Run data: [33 0]
2021/02/04 21:52:44 [debug  ] gate read message: websocket: close 1001 (going away)
2021/02/04 21:52:44 [debug  ] rpcCloseAgent
2021/02/04 21:52:44 [debug  ] player 12908986780000 disconnect
2021/02/04 21:52:44 [release] on player 12908986780000 logout
2021/02/04 21:56:10 [debug  ] Info, sort guild ,GuildRankTime:%!(EXTRA int64=12921817000000, string= rank num:, int32=21)
2021/02/04 21:56:10 [debug  ] Info, UpdateRank
2021/02/04 22:01:10 [debug  ] Info, sort guild ,GuildRankTime:%!(EXTRA int64=12921847000000, string= rank num:, int32=21)
2021/02/04 22:01:10 [debug  ] Info, UpdateRank
2021/02/04 22:06:10 [debug  ] Info, sort guild ,GuildRankTime:%!(EXTRA int64=12921877000000, string= rank num:, int32=21)
2021/02/04 22:06:10 [debug  ] Info, UpdateRank
2021/02/04 22:11:10 [debug  ] Info, UpdateRank
2021/02/04 22:11:10 [debug  ] Info, sort guild ,GuildRankTime:%!(EXTRA int64=12921907000000, string= rank num:, int32=21)
2021/02/04 22:11:41 [debug  ] rpcNewAgent
2021/02/04 22:14:41 [debug  ] Close agent cause heartbeat timeout
2021/02/04 22:14:41 [debug  ] gate read message: read tcp [::1]:17183->[::1]:56508: use of closed network connection
2021/02/04 22:14:41 [debug  ] rpcCloseAgent
2021/02/04 22:16:10 [debug  ] Info, sort guild ,GuildRankTime:%!(EXTRA int64=12921937000000, string= rank num:, int32=21)
2021/02/04 22:16:10 [debug  ] Info, UpdateRank
2021/02/04 22:21:10 [debug  ] Info, sort guild ,GuildRankTime:%!(EXTRA int64=12921967000000, string= rank num:, int32=21)
2021/02/04 22:21:10 [debug  ] Info, UpdateRank
2021/02/04 22:26:10 [debug  ] Info, sort guild ,GuildRankTime:%!(EXTRA int64=12921997000000, string= rank num:, int32=21)
2021/02/04 22:26:10 [debug  ] Info, UpdateRank
2021/02/04 22:31:10 [debug  ] Info, UpdateRank
2021/02/04 22:31:10 [debug  ] Info, sort guild ,GuildRankTime:%!(EXTRA int64=12922027000000, string= rank num:, int32=21)
2021/02/04 22:36:10 [debug  ] Info, sort guild ,GuildRankTime:%!(EXTRA int64=12922057000000, string= rank num:, int32=21)
2021/02/04 22:36:10 [debug  ] Info, UpdateRank
2021/02/04 22:41:10 [debug  ] Info, sort guild ,GuildRankTime:%!(EXTRA int64=12922087000000, string= rank num:, int32=21)
2021/02/04 22:41:10 [debug  ] Info, UpdateRank
2021/02/04 22:46:10 [debug  ] Info, UpdateRank
2021/02/04 22:46:10 [debug  ] Info, sort guild ,GuildRankTime:%!(EXTRA int64=12922117010000, string= rank num:, int32=21)
2021/02/04 22:51:10 [debug  ] Info, UpdateRank
2021/02/04 22:51:10 [debug  ] Info, sort guild ,GuildRankTime:%!(EXTRA int64=12922147010000, string= rank num:, int32=21)
2021/02/04 22:56:10 [debug  ] Info, sort guild ,GuildRankTime:%!(EXTRA int64=12922177010000, string= rank num:, int32=21)
2021/02/04 22:56:10 [debug  ] Info, UpdateRank
2021/02/04 23:01:10 [debug  ] Info, UpdateRank
2021/02/04 23:01:10 [debug  ] Info, sort guild ,GuildRankTime:%!(EXTRA int64=12922207010000, string= rank num:, int32=21)
2021/02/04 23:06:10 [debug  ] Info, sort guild ,GuildRankTime:%!(EXTRA int64=12922237010000, string= rank num:, int32=21)
2021/02/04 23:06:10 [debug  ] Info, UpdateRank
2021/02/04 23:11:10 [debug  ] Info, UpdateRank
2021/02/04 23:11:10 [debug  ] Info, sort guild ,GuildRankTime:%!(EXTRA int64=12922267010000, string= rank num:, int32=21)
2021/02/04 23:16:10 [debug  ] Info, sort guild ,GuildRankTime:%!(EXTRA int64=12922297010000, string= rank num:, int32=21)
2021/02/04 23:16:10 [debug  ] Info, UpdateRank
2021/02/04 23:21:10 [debug  ] Info, sort guild ,GuildRankTime:%!(EXTRA int64=12922327010000, string= rank num:, int32=21)
2021/02/04 23:21:10 [debug  ] Info, UpdateRank
2021/02/04 23:26:10 [debug  ] Info, UpdateRank
2021/02/04 23:26:10 [debug  ] Info, sort guild ,GuildRankTime:%!(EXTRA int64=12922357010000, string= rank num:, int32=21)
2021/02/04 23:28:11 [debug  ] rpcNewAgent
2021/02/04 23:31:10 [debug  ] Info, sort guild ,GuildRankTime:%!(EXTRA int64=12922387010000, string= rank num:, int32=21)
2021/02/04 23:31:10 [debug  ] Info, UpdateRank
2021/02/04 23:31:13 [debug  ] Close agent cause heartbeat timeout
2021/02/04 23:31:13 [debug  ] gate read message: read tcp [::1]:17183->[::1]:61018: use of closed network connection
2021/02/04 23:31:13 [debug  ] rpcCloseAgent
2021/02/04 23:32:04 [debug  ] rpcNewAgent
2021/02/04 23:35:05 [debug  ] Close agent cause heartbeat timeout
2021/02/04 23:35:05 [debug  ] gate read message: read tcp [::1]:17183->[::1]:61243: use of closed network connection
2021/02/04 23:35:05 [debug  ] rpcCloseAgent
2021/02/04 23:36:10 [debug  ] Info, UpdateRank
2021/02/04 23:36:10 [debug  ] Info, sort guild ,GuildRankTime:%!(EXTRA int64=12922417010000, string= rank num:, int32=21)
2021/02/04 23:41:10 [debug  ] Info, UpdateRank
2021/02/04 23:41:10 [debug  ] Info, sort guild ,GuildRankTime:%!(EXTRA int64=12922447010000, string= rank num:, int32=21)
2021/02/04 23:46:10 [debug  ] Info, sort guild ,GuildRankTime:%!(EXTRA int64=12922477010000, string= rank num:, int32=21)
2021/02/04 23:46:10 [debug  ] Info, UpdateRank
2021/02/04 23:51:10 [debug  ] Info, UpdateRank
2021/02/04 23:51:10 [debug  ] Info, sort guild ,GuildRankTime:%!(EXTRA int64=12922507020000, string= rank num:, int32=21)
2021/02/04 23:56:10 [debug  ] Info, sort guild ,GuildRankTime:%!(EXTRA int64=12922537020000, string= rank num:, int32=21)
2021/02/04 23:56:10 [debug  ] Info, UpdateRank
2021/02/05 00:00:00 [debug  ] DoDailyUpdatePlayers
2021/02/05 00:00:00 [debug  ] Next Daily Update Time: 2021-02-06 00:00:00 +0800 CST
2021/02/05 00:00:00 [release] ActivityMgr.ServerActivityUpdate:2服
2021/02/05 00:00:00 [release] ActivityMgr.ServerActivityUpdate:4服
2021/02/05 00:00:00 [release] ActivityMgr.ServerActivityUpdate:5服
2021/02/05 00:00:00 [release] ActivityMgr.ServerActivityUpdate:8服
2021/02/05 00:00:00 [release] ActivityMgr.ServerActivityUpdate:9服
2021/02/05 00:00:00 [release] ActivityMgr.ServerActivityUpdate:1服
2021/02/05 00:00:00 [release] ActivityMgr.ServerActivityUpdate:3服
2021/02/05 00:00:00 [release] ActivityMgr.ServerActivityUpdate:6服
2021/02/05 00:00:00 [release] ActivityMgr.ServerActivityUpdate:7服
2021/02/05 00:00:00 [release] ActivityMgr.ServerActivityUpdate:10服
2021/02/05 00:00:00 [debug  ] ActivityUpdateCheck
2021/02/05 00:01:10 [debug  ] Info, UpdateRank
2021/02/05 00:01:10 [debug  ] Info, sort guild ,GuildRankTime:%!(EXTRA int64=12922567020000, string= rank num:, int32=21)
2021/02/05 00:06:10 [debug  ] Info, UpdateRank
2021/02/05 00:06:10 [debug  ] Info, sort guild ,GuildRankTime:%!(EXTRA int64=12922597020000, string= rank num:, int32=21)
2021/02/05 00:11:10 [debug  ] Info, sort guild ,GuildRankTime:%!(EXTRA int64=12922627020000, string= rank num:, int32=21)
2021/02/05 00:11:10 [debug  ] Info, UpdateRank
2021/02/05 00:16:10 [debug  ] Info, UpdateRank
2021/02/05 00:16:10 [debug  ] Info, sort guild ,GuildRankTime:%!(EXTRA int64=12922657020000, string= rank num:, int32=21)
2021/02/05 00:21:10 [debug  ] Info, UpdateRank
2021/02/05 00:21:10 [debug  ] Info, sort guild ,GuildRankTime:%!(EXTRA int64=12922687020000, string= rank num:, int32=21)
2021/02/05 00:26:10 [debug  ] Info, sort guild ,GuildRankTime:%!(EXTRA int64=12922717020000, string= rank num:, int32=21)
2021/02/05 00:26:10 [debug  ] Info, UpdateRank
2021/02/05 00:28:02 [debug  ] rpcNewAgent
2021/02/05 00:31:04 [debug  ] Close agent cause heartbeat timeout
2021/02/05 00:31:04 [debug  ] gate read message: read tcp [::1]:17183->[::1]:64558: use of closed network connection
2021/02/05 00:31:04 [debug  ] rpcCloseAgent
2021/02/05 00:31:10 [debug  ] Info, sort guild ,GuildRankTime:%!(EXTRA int64=12922747020000, string= rank num:, int32=21)
2021/02/05 00:31:10 [debug  ] Info, UpdateRank
2021/02/05 00:36:10 [debug  ] Info, UpdateRank
2021/02/05 00:36:10 [debug  ] Info, sort guild ,GuildRankTime:%!(EXTRA int64=12922777020000, string= rank num:, int32=21)
2021/02/05 00:41:10 [debug  ] Info, UpdateRank
2021/02/05 00:41:10 [debug  ] Info, sort guild ,GuildRankTime:%!(EXTRA int64=12922807020000, string= rank num:, int32=21)
2021/02/05 00:46:10 [debug  ] Info, UpdateRank
2021/02/05 00:46:10 [debug  ] Info, sort guild ,GuildRankTime:%!(EXTRA int64=12922837020000, string= rank num:, int32=21)
2021/02/05 00:51:10 [debug  ] Info, UpdateRank
2021/02/05 00:51:10 [debug  ] Info, sort guild ,GuildRankTime:%!(EXTRA int64=12922867020000, string= rank num:, int32=21)
2021/02/05 00:56:10 [debug  ] Info, UpdateRank
2021/02/05 00:56:10 [debug  ] Info, sort guild ,GuildRankTime:%!(EXTRA int64=12922897020000, string= rank num:, int32=21)
2021/02/05 01:01:10 [debug  ] Info, UpdateRank
2021/02/05 01:01:10 [debug  ] Info, sort guild ,GuildRankTime:%!(EXTRA int64=12922927020000, string= rank num:, int32=21)
2021/02/05 01:06:10 [debug  ] Info, UpdateRank
2021/02/05 01:06:10 [debug  ] Info, sort guild ,GuildRankTime:%!(EXTRA int64=12922957020000, string= rank num:, int32=21)
2021/02/05 01:11:10 [debug  ] Info, UpdateRank
2021/02/05 01:11:10 [debug  ] Info, sort guild ,GuildRankTime:%!(EXTRA int64=12922987020000, string= rank num:, int32=21)
2021/02/05 01:16:10 [debug  ] Info, sort guild ,GuildRankTime:%!(EXTRA int64=12923017020000, string= rank num:, int32=21)
2021/02/05 01:16:10 [debug  ] Info, UpdateRank
2021/02/05 01:21:10 [debug  ] Info, sort guild ,GuildRankTime:%!(EXTRA int64=12923047030000, string= rank num:, int32=21)
2021/02/05 01:21:10 [debug  ] Info, UpdateRank
2021/02/05 01:26:10 [debug  ] Info, sort guild ,GuildRankTime:%!(EXTRA int64=12923077030000, string= rank num:, int32=21)
2021/02/05 01:26:10 [debug  ] Info, UpdateRank
2021/02/05 01:31:10 [debug  ] Info, sort guild ,GuildRankTime:%!(EXTRA int64=12923107030000, string= rank num:, int32=21)
2021/02/05 01:31:10 [debug  ] Info, UpdateRank
2021/02/05 01:36:10 [debug  ] Info, UpdateRank
2021/02/05 01:36:10 [debug  ] Info, sort guild ,GuildRankTime:%!(EXTRA int64=12923137030000, string= rank num:, int32=21)
2021/02/05 01:41:10 [debug  ] Info, sort guild ,GuildRankTime:%!(EXTRA int64=12923167030000, string= rank num:, int32=21)
2021/02/05 01:41:10 [debug  ] Info, UpdateRank
2021/02/05 01:44:33 [debug  ] rpcNewAgent
2021/02/05 01:46:10 [debug  ] Info, sort guild ,GuildRankTime:%!(EXTRA int64=12923197030000, string= rank num:, int32=21)
2021/02/05 01:46:10 [debug  ] Info, UpdateRank
2021/02/05 01:47:34 [debug  ] Close agent cause heartbeat timeout
2021/02/05 01:47:34 [debug  ] gate read message: read tcp [::1]:17183->[::1]:52667: use of closed network connection
2021/02/05 01:47:34 [debug  ] rpcCloseAgent
2021/02/05 01:48:26 [debug  ] rpcNewAgent
2021/02/05 01:51:10 [debug  ] Info, UpdateRank
2021/02/05 01:51:10 [debug  ] Info, sort guild ,GuildRankTime:%!(EXTRA int64=12923227030000, string= rank num:, int32=21)
2021/02/05 01:51:26 [debug  ] Close agent cause heartbeat timeout
2021/02/05 01:51:26 [debug  ] gate read message: read tcp [::1]:17183->[::1]:52888: use of closed network connection
2021/02/05 01:51:26 [debug  ] rpcCloseAgent
2021/02/05 01:56:10 [debug  ] Info, sort guild ,GuildRankTime:%!(EXTRA int64=12923257030000, string= rank num:, int32=21)
2021/02/05 01:56:10 [debug  ] Info, UpdateRank
2021/02/05 02:01:10 [debug  ] Info, sort guild ,GuildRankTime:%!(EXTRA int64=12923287030000, string= rank num:, int32=21)
2021/02/05 02:01:10 [debug  ] Info, UpdateRank
2021/02/05 02:06:10 [debug  ] Info, UpdateRank
2021/02/05 02:06:10 [debug  ] Info, sort guild ,GuildRankTime:%!(EXTRA int64=12923317040000, string= rank num:, int32=21)
2021/02/05 02:11:10 [debug  ] Info, sort guild ,GuildRankTime:%!(EXTRA int64=12923347040000, string= rank num:, int32=21)
2021/02/05 02:11:10 [debug  ] Info, UpdateRank
2021/02/05 02:16:10 [debug  ] Info, UpdateRank
2021/02/05 02:16:10 [debug  ] Info, sort guild ,GuildRankTime:%!(EXTRA int64=12923377040000, string= rank num:, int32=21)
2021/02/05 02:21:10 [debug  ] Info, sort guild ,GuildRankTime:%!(EXTRA int64=12923407040000, string= rank num:, int32=21)
2021/02/05 02:21:10 [debug  ] Info, UpdateRank
2021/02/05 02:26:10 [debug  ] Info, UpdateRank
2021/02/05 02:26:10 [debug  ] Info, sort guild ,GuildRankTime:%!(EXTRA int64=12923437040000, string= rank num:, int32=21)
2021/02/05 02:31:10 [debug  ] Info, UpdateRank
2021/02/05 02:31:10 [debug  ] Info, sort guild ,GuildRankTime:%!(EXTRA int64=12923467040000, string= rank num:, int32=21)
2021/02/05 02:36:10 [debug  ] Info, sort guild ,GuildRankTime:%!(EXTRA int64=12923497040000, string= rank num:, int32=21)
2021/02/05 02:36:10 [debug  ] Info, UpdateRank
2021/02/05 02:41:10 [debug  ] Info, sort guild ,GuildRankTime:%!(EXTRA int64=12923527050000, string= rank num:, int32=21)
2021/02/05 02:41:10 [debug  ] Info, UpdateRank
2021/02/05 02:44:24 [debug  ] rpcNewAgent
2021/02/05 02:46:10 [debug  ] Info, sort guild ,GuildRankTime:%!(EXTRA int64=12923557050000, string= rank num:, int32=21)
2021/02/05 02:46:10 [debug  ] Info, UpdateRank
2021/02/05 02:47:26 [debug  ] Close agent cause heartbeat timeout
2021/02/05 02:47:26 [debug  ] gate read message: read tcp [::1]:17183->[::1]:56115: use of closed network connection
2021/02/05 02:47:26 [debug  ] rpcCloseAgent
2021/02/05 02:51:10 [debug  ] Info, sort guild ,GuildRankTime:%!(EXTRA int64=12923587050000, string= rank num:, int32=21)
2021/02/05 02:51:10 [debug  ] Info, UpdateRank
2021/02/05 02:56:10 [debug  ] Info, UpdateRank
2021/02/05 02:56:10 [debug  ] Info, sort guild ,GuildRankTime:%!(EXTRA int64=12923617050000, string= rank num:, int32=21)
2021/02/05 03:01:10 [debug  ] Info, sort guild ,GuildRankTime:%!(EXTRA int64=12923647050000, string= rank num:, int32=21)
2021/02/05 03:01:10 [debug  ] Info, UpdateRank
2021/02/05 03:06:10 [debug  ] Info, sort guild ,GuildRankTime:%!(EXTRA int64=12923677050000, string= rank num:, int32=21)
2021/02/05 03:06:10 [debug  ] Info, UpdateRank
2021/02/05 03:11:10 [debug  ] Info, sort guild ,GuildRankTime:%!(EXTRA int64=12923707050000, string= rank num:, int32=21)
2021/02/05 03:11:10 [debug  ] Info, UpdateRank
2021/02/05 03:16:10 [debug  ] Info, UpdateRank
2021/02/05 03:16:10 [debug  ] Info, sort guild ,GuildRankTime:%!(EXTRA int64=12923737050000, string= rank num:, int32=21)
2021/02/05 03:21:10 [debug  ] Info, sort guild ,GuildRankTime:%!(EXTRA int64=12923767050000, string= rank num:, int32=21)
2021/02/05 03:21:10 [debug  ] Info, UpdateRank
2021/02/05 03:26:10 [debug  ] Info, UpdateRank
2021/02/05 03:26:10 [debug  ] Info, sort guild ,GuildRankTime:%!(EXTRA int64=12923797050000, string= rank num:, int32=21)
2021/02/05 03:31:10 [debug  ] Info, sort guild ,GuildRankTime:%!(EXTRA int64=12923827050000, string= rank num:, int32=21)
2021/02/05 03:31:10 [debug  ] Info, UpdateRank
2021/02/05 03:36:10 [debug  ] Info, UpdateRank
2021/02/05 03:36:10 [debug  ] Info, sort guild ,GuildRankTime:%!(EXTRA int64=12923857050000, string= rank num:, int32=21)
2021/02/05 03:41:10 [debug  ] Info, UpdateRank
2021/02/05 03:41:10 [debug  ] Info, sort guild ,GuildRankTime:%!(EXTRA int64=12923887050000, string= rank num:, int32=21)
2021/02/05 03:46:10 [debug  ] Info, UpdateRank
2021/02/05 03:46:10 [debug  ] Info, sort guild ,GuildRankTime:%!(EXTRA int64=12923917050000, string= rank num:, int32=21)
2021/02/05 03:51:10 [debug  ] Info, UpdateRank
2021/02/05 03:51:10 [debug  ] Info, sort guild ,GuildRankTime:%!(EXTRA int64=12923947050000, string= rank num:, int32=21)
2021/02/05 03:56:10 [debug  ] Info, UpdateRank
2021/02/05 03:56:10 [debug  ] Info, sort guild ,GuildRankTime:%!(EXTRA int64=12923977050000, string= rank num:, int32=21)
2021/02/05 04:00:54 [debug  ] rpcNewAgent
2021/02/05 04:01:10 [debug  ] Info, sort guild ,GuildRankTime:%!(EXTRA int64=12924007050000, string= rank num:, int32=21)
2021/02/05 04:01:10 [debug  ] Info, UpdateRank
2021/02/05 04:03:54 [debug  ] Close agent cause heartbeat timeout
2021/02/05 04:03:54 [debug  ] gate read message: read tcp [::1]:17183->[::1]:60636: use of closed network connection
2021/02/05 04:03:54 [debug  ] rpcCloseAgent
2021/02/05 04:04:47 [debug  ] rpcNewAgent
2021/02/05 04:06:10 [debug  ] Info, sort guild ,GuildRankTime:%!(EXTRA int64=12924037050000, string= rank num:, int32=21)
2021/02/05 04:06:10 [debug  ] Info, UpdateRank
2021/02/05 04:07:49 [debug  ] Close agent cause heartbeat timeout
2021/02/05 04:07:49 [debug  ] gate read message: read tcp [::1]:17183->[::1]:60878: use of closed network connection
2021/02/05 04:07:49 [debug  ] rpcCloseAgent
2021/02/05 04:11:10 [debug  ] Info, sort guild ,GuildRankTime:%!(EXTRA int64=12924067050000, string= rank num:, int32=21)
2021/02/05 04:11:10 [debug  ] Info, UpdateRank
2021/02/05 04:16:10 [debug  ] Info, UpdateRank
2021/02/05 04:16:10 [debug  ] Info, sort guild ,GuildRankTime:%!(EXTRA int64=12924097060000, string= rank num:, int32=21)
2021/02/05 04:21:10 [debug  ] Info, UpdateRank
2021/02/05 04:21:10 [debug  ] Info, sort guild ,GuildRankTime:%!(EXTRA int64=12924127060000, string= rank num:, int32=21)
2021/02/05 04:26:10 [debug  ] Info, UpdateRank
2021/02/05 04:26:10 [debug  ] Info, sort guild ,GuildRankTime:%!(EXTRA int64=12924157060000, string= rank num:, int32=21)
2021/02/05 04:31:10 [debug  ] Info, UpdateRank
2021/02/05 04:31:10 [debug  ] Info, sort guild ,GuildRankTime:%!(EXTRA int64=12924187060000, string= rank num:, int32=21)
2021/02/05 04:36:10 [debug  ] Info, UpdateRank
2021/02/05 04:36:10 [debug  ] Info, sort guild ,GuildRankTime:%!(EXTRA int64=12924217060000, string= rank num:, int32=21)
2021/02/05 04:41:10 [debug  ] Info, UpdateRank
2021/02/05 04:41:10 [debug  ] Info, sort guild ,GuildRankTime:%!(EXTRA int64=12924247060000, string= rank num:, int32=21)
2021/02/05 04:46:10 [debug  ] Info, UpdateRank
2021/02/05 04:46:10 [debug  ] Info, sort guild ,GuildRankTime:%!(EXTRA int64=12924277060000, string= rank num:, int32=21)
2021/02/05 04:51:10 [debug  ] Info, sort guild ,GuildRankTime:%!(EXTRA int64=12924307060000, string= rank num:, int32=21)
2021/02/05 04:51:10 [debug  ] Info, UpdateRank
2021/02/05 04:56:10 [debug  ] Info, UpdateRank
2021/02/05 04:56:10 [debug  ] Info, sort guild ,GuildRankTime:%!(EXTRA int64=12924337060000, string= rank num:, int32=21)
2021/02/05 05:00:46 [debug  ] rpcNewAgent
2021/02/05 05:01:10 [debug  ] Info, sort guild ,GuildRankTime:%!(EXTRA int64=12924367060000, string= rank num:, int32=21)
2021/02/05 05:01:10 [debug  ] Info, UpdateRank
2021/02/05 05:03:47 [debug  ] Close agent cause heartbeat timeout
2021/02/05 05:03:47 [debug  ] gate read message: read tcp [::1]:17183->[::1]:64099: use of closed network connection
2021/02/05 05:03:47 [debug  ] rpcCloseAgent
2021/02/05 05:06:10 [debug  ] Info, UpdateRank
2021/02/05 05:06:10 [debug  ] Info, sort guild ,GuildRankTime:%!(EXTRA int64=12924397060000, string= rank num:, int32=21)
2021/02/05 05:11:10 [debug  ] Info, UpdateRank
2021/02/05 05:11:10 [debug  ] Info, sort guild ,GuildRankTime:%!(EXTRA int64=12924427060000, string= rank num:, int32=21)
2021/02/05 05:16:10 [debug  ] Info, UpdateRank
2021/02/05 05:16:10 [debug  ] Info, sort guild ,GuildRankTime:%!(EXTRA int64=12924457060000, string= rank num:, int32=21)
2021/02/05 05:21:10 [debug  ] Info, sort guild ,GuildRankTime:%!(EXTRA int64=12924487060000, string= rank num:, int32=21)
2021/02/05 05:21:10 [debug  ] Info, UpdateRank
2021/02/05 05:26:10 [debug  ] Info, sort guild ,GuildRankTime:%!(EXTRA int64=12924517060000, string= rank num:, int32=21)
2021/02/05 05:26:10 [debug  ] Info, UpdateRank
2021/02/05 05:31:10 [debug  ] Info, sort guild ,GuildRankTime:%!(EXTRA int64=12924547060000, string= rank num:, int32=21)
2021/02/05 05:31:10 [debug  ] Info, UpdateRank
2021/02/05 05:36:10 [debug  ] Info, sort guild ,GuildRankTime:%!(EXTRA int64=12924577060000, string= rank num:, int32=21)
2021/02/05 05:36:10 [debug  ] Info, UpdateRank
2021/02/05 05:41:10 [debug  ] Info, sort guild ,GuildRankTime:%!(EXTRA int64=12924607060000, string= rank num:, int32=21)
2021/02/05 05:41:10 [debug  ] Info, UpdateRank
2021/02/05 05:46:10 [debug  ] Info, sort guild ,GuildRankTime:%!(EXTRA int64=12924637060000, string= rank num:, int32=21)
2021/02/05 05:46:10 [debug  ] Info, UpdateRank
2021/02/05 05:51:10 [debug  ] Info, sort guild ,GuildRankTime:%!(EXTRA int64=12924667070000, string= rank num:, int32=21)
2021/02/05 05:51:10 [debug  ] Info, UpdateRank
2021/02/05 05:56:10 [debug  ] Info, UpdateRank
2021/02/05 05:56:10 [debug  ] Info, sort guild ,GuildRankTime:%!(EXTRA int64=12924697070000, string= rank num:, int32=21)
2021/02/05 06:01:10 [debug  ] Info, sort guild ,GuildRankTime:%!(EXTRA int64=12924727070000, string= rank num:, int32=21)
2021/02/05 06:01:10 [debug  ] Info, UpdateRank
2021/02/05 06:06:10 [debug  ] Info, UpdateRank
2021/02/05 06:06:10 [debug  ] Info, sort guild ,GuildRankTime:%!(EXTRA int64=12924757070000, string= rank num:, int32=21)
2021/02/05 06:11:10 [debug  ] Info, UpdateRank
2021/02/05 06:11:10 [debug  ] Info, sort guild ,GuildRankTime:%!(EXTRA int64=12924787070000, string= rank num:, int32=21)
2021/02/05 06:16:10 [debug  ] Info, UpdateRank
2021/02/05 06:16:10 [debug  ] Info, sort guild ,GuildRankTime:%!(EXTRA int64=12924817070000, string= rank num:, int32=21)
2021/02/05 06:17:15 [debug  ] rpcNewAgent
2021/02/05 06:20:15 [debug  ] Close agent cause heartbeat timeout
2021/02/05 06:20:15 [debug  ] gate read message: read tcp [::1]:17183->[::1]:52141: use of closed network connection
2021/02/05 06:20:15 [debug  ] rpcCloseAgent
2021/02/05 06:21:09 [debug  ] rpcNewAgent
2021/02/05 06:21:10 [debug  ] Info, UpdateRank
2021/02/05 06:21:10 [debug  ] Info, sort guild ,GuildRankTime:%!(EXTRA int64=12924847070000, string= rank num:, int32=21)
2021/02/05 06:24:10 [debug  ] Close agent cause heartbeat timeout
2021/02/05 06:24:10 [debug  ] gate read message: read tcp [::1]:17183->[::1]:52376: use of closed network connection
2021/02/05 06:24:10 [debug  ] rpcCloseAgent
2021/02/05 06:26:10 [debug  ] Info, UpdateRank
2021/02/05 06:26:10 [debug  ] Info, sort guild ,GuildRankTime:%!(EXTRA int64=12924877070000, string= rank num:, int32=21)
2021/02/05 06:31:10 [debug  ] Info, UpdateRank
2021/02/05 06:31:10 [debug  ] Info, sort guild ,GuildRankTime:%!(EXTRA int64=12924907070000, string= rank num:, int32=21)
2021/02/05 06:36:10 [debug  ] Info, UpdateRank
2021/02/05 06:36:10 [debug  ] Info, sort guild ,GuildRankTime:%!(EXTRA int64=12924937070000, string= rank num:, int32=21)
2021/02/05 06:41:10 [debug  ] Info, UpdateRank
2021/02/05 06:41:10 [debug  ] Info, sort guild ,GuildRankTime:%!(EXTRA int64=12924967070000, string= rank num:, int32=21)
2021/02/05 06:46:10 [debug  ] Info, UpdateRank
2021/02/05 06:46:10 [debug  ] Info, sort guild ,GuildRankTime:%!(EXTRA int64=12924997070000, string= rank num:, int32=21)
2021/02/05 06:51:10 [debug  ] Info, sort guild ,GuildRankTime:%!(EXTRA int64=12925027070000, string= rank num:, int32=21)
2021/02/05 06:51:10 [debug  ] Info, UpdateRank
2021/02/05 06:56:10 [debug  ] Info, UpdateRank
2021/02/05 06:56:10 [debug  ] Info, sort guild ,GuildRankTime:%!(EXTRA int64=12925057070000, string= rank num:, int32=21)
2021/02/05 07:01:10 [debug  ] Info, sort guild ,GuildRankTime:%!(EXTRA int64=12925087070000, string= rank num:, int32=21)
2021/02/05 07:01:10 [debug  ] Info, UpdateRank
2021/02/05 07:06:10 [debug  ] Info, UpdateRank
2021/02/05 07:06:10 [debug  ] Info, sort guild ,GuildRankTime:%!(EXTRA int64=12925117070000, string= rank num:, int32=21)
2021/02/05 07:11:10 [debug  ] Info, UpdateRank
2021/02/05 07:11:10 [debug  ] Info, sort guild ,GuildRankTime:%!(EXTRA int64=12925147070000, string= rank num:, int32=21)
2021/02/05 07:16:10 [debug  ] Info, UpdateRank
2021/02/05 07:16:10 [debug  ] Info, sort guild ,GuildRankTime:%!(EXTRA int64=12925177070000, string= rank num:, int32=21)
2021/02/05 07:17:08 [debug  ] rpcNewAgent
2021/02/05 07:20:09 [debug  ] Close agent cause heartbeat timeout
2021/02/05 07:20:09 [debug  ] gate read message: read tcp [::1]:17183->[::1]:55662: use of closed network connection
2021/02/05 07:20:09 [debug  ] rpcCloseAgent
2021/02/05 07:21:10 [debug  ] Info, UpdateRank
2021/02/05 07:21:10 [debug  ] Info, sort guild ,GuildRankTime:%!(EXTRA int64=12925207070000, string= rank num:, int32=21)
2021/02/05 07:26:10 [debug  ] Info, UpdateRank
2021/02/05 07:26:10 [debug  ] Info, sort guild ,GuildRankTime:%!(EXTRA int64=12925237070000, string= rank num:, int32=21)
2021/02/05 07:31:10 [debug  ] Info, sort guild ,GuildRankTime:%!(EXTRA int64=12925267080000, string= rank num:, int32=21)
2021/02/05 07:31:10 [debug  ] Info, UpdateRank
2021/02/05 07:36:10 [debug  ] Info, UpdateRank
2021/02/05 07:36:10 [debug  ] Info, sort guild ,GuildRankTime:%!(EXTRA int64=12925297080000, string= rank num:, int32=21)
2021/02/05 07:41:10 [debug  ] Info, UpdateRank
2021/02/05 07:41:10 [debug  ] Info, sort guild ,GuildRankTime:%!(EXTRA int64=12925327080000, string= rank num:, int32=21)
2021/02/05 07:46:10 [debug  ] Info, sort guild ,GuildRankTime:%!(EXTRA int64=12925357080000, string= rank num:, int32=21)
2021/02/05 07:46:10 [debug  ] Info, UpdateRank
2021/02/05 07:51:10 [debug  ] Info, sort guild ,GuildRankTime:%!(EXTRA int64=12925387080000, string= rank num:, int32=21)
2021/02/05 07:51:10 [debug  ] Info, UpdateRank
2021/02/05 07:56:10 [debug  ] Info, UpdateRank
2021/02/05 07:56:10 [debug  ] Info, sort guild ,GuildRankTime:%!(EXTRA int64=12925417080000, string= rank num:, int32=21)
2021/02/05 08:01:10 [debug  ] Info, sort guild ,GuildRankTime:%!(EXTRA int64=12925447080000, string= rank num:, int32=21)
2021/02/05 08:01:10 [debug  ] Info, UpdateRank
2021/02/05 08:06:10 [debug  ] Info, sort guild ,GuildRankTime:%!(EXTRA int64=12925477080000, string= rank num:, int32=21)
2021/02/05 08:06:10 [debug  ] Info, UpdateRank
2021/02/05 08:11:10 [debug  ] Info, sort guild ,GuildRankTime:%!(EXTRA int64=12925507080000, string= rank num:, int32=21)
2021/02/05 08:11:10 [debug  ] Info, UpdateRank
2021/02/05 08:16:10 [debug  ] Info, sort guild ,GuildRankTime:%!(EXTRA int64=12925537080000, string= rank num:, int32=21)
2021/02/05 08:16:10 [debug  ] Info, UpdateRank
2021/02/05 08:21:10 [debug  ] Info, sort guild ,GuildRankTime:%!(EXTRA int64=12925567090000, string= rank num:, int32=21)
2021/02/05 08:21:10 [debug  ] Info, UpdateRank
2021/02/05 08:26:10 [debug  ] Info, sort guild ,GuildRankTime:%!(EXTRA int64=12925597090000, string= rank num:, int32=21)
2021/02/05 08:26:10 [debug  ] Info, UpdateRank
2021/02/05 08:31:10 [debug  ] Info, sort guild ,GuildRankTime:%!(EXTRA int64=12925627090000, string= rank num:, int32=21)
2021/02/05 08:31:10 [debug  ] Info, UpdateRank
2021/02/05 08:33:36 [debug  ] rpcNewAgent
2021/02/05 08:36:10 [debug  ] Info, sort guild ,GuildRankTime:%!(EXTRA int64=12925657090000, string= rank num:, int32=21)
2021/02/05 08:36:10 [debug  ] Info, UpdateRank
2021/02/05 08:36:37 [debug  ] Close agent cause heartbeat timeout
2021/02/05 08:36:37 [debug  ] gate read message: read tcp [::1]:17183->[::1]:60174: use of closed network connection
2021/02/05 08:36:37 [debug  ] rpcCloseAgent
2021/02/05 08:37:30 [debug  ] rpcNewAgent
2021/02/05 08:40:31 [debug  ] Close agent cause heartbeat timeout
2021/02/05 08:40:31 [debug  ] gate read message: read tcp [::1]:17183->[::1]:60405: use of closed network connection
2021/02/05 08:40:31 [debug  ] rpcCloseAgent
2021/02/05 08:41:10 [debug  ] Info, UpdateRank
2021/02/05 08:41:10 [debug  ] Info, sort guild ,GuildRankTime:%!(EXTRA int64=12925687090000, string= rank num:, int32=21)
2021/02/05 08:46:10 [debug  ] Info, sort guild ,GuildRankTime:%!(EXTRA int64=12925717090000, string= rank num:, int32=21)
2021/02/05 08:46:10 [debug  ] Info, UpdateRank
2021/02/05 08:51:10 [debug  ] Info, sort guild ,GuildRankTime:%!(EXTRA int64=12925747090000, string= rank num:, int32=21)
2021/02/05 08:51:10 [debug  ] Info, UpdateRank
2021/02/05 08:56:10 [debug  ] Info, sort guild ,GuildRankTime:%!(EXTRA int64=12925777090000, string= rank num:, int32=21)
2021/02/05 08:56:10 [debug  ] Info, UpdateRank
2021/02/05 09:01:10 [debug  ] Info, sort guild ,GuildRankTime:%!(EXTRA int64=12925807090000, string= rank num:, int32=21)
2021/02/05 09:01:10 [debug  ] Info, UpdateRank
2021/02/05 09:06:10 [debug  ] Info, UpdateRank
2021/02/05 09:06:10 [debug  ] Info, sort guild ,GuildRankTime:%!(EXTRA int64=12925837090000, string= rank num:, int32=21)
2021/02/05 09:11:10 [debug  ] Info, UpdateRank
2021/02/05 09:11:10 [debug  ] Info, sort guild ,GuildRankTime:%!(EXTRA int64=12925867090000, string= rank num:, int32=21)
2021/02/05 09:16:10 [debug  ] Info, sort guild ,GuildRankTime:%!(EXTRA int64=12925897090000, string= rank num:, int32=21)
2021/02/05 09:16:10 [debug  ] Info, UpdateRank
2021/02/05 09:21:10 [debug  ] Info, UpdateRank
2021/02/05 09:21:10 [debug  ] Info, sort guild ,GuildRankTime:%!(EXTRA int64=12925927090000, string= rank num:, int32=21)
2021/02/05 09:26:10 [debug  ] Info, sort guild ,GuildRankTime:%!(EXTRA int64=12925957090000, string= rank num:, int32=21)
2021/02/05 09:26:10 [debug  ] Info, UpdateRank
2021/02/05 09:31:10 [debug  ] Info, sort guild ,GuildRankTime:%!(EXTRA int64=12925987090000, string= rank num:, int32=21)
2021/02/05 09:31:10 [debug  ] Info, UpdateRank
2021/02/05 09:32:12 [debug  ] rpcNewAgent
2021/02/05 09:32:13 [debug  ] gate Run data: [38 0 8 1 16 2 24 1 34 0]
2021/02/05 09:32:13 [debug  ] gate Run data: [39 1 10 8 100 102 97 115 102 97 115 102 18 5 101 97 102 97 115 26 7 97 115 100 102 115 97 102]
2021/02/05 09:32:13 [debug  ] server_main/game/internal.handleDeviceLoginNewR
2021/02/05 09:32:13 [debug  ] player 12908986780000 login
2021/02/05 09:32:13 [debug  ] gate Run data: [52 0 8 1 18 0 26 0 34 0 42 0 50 0 58 0 66 0 72 1]
2021/02/05 09:32:13 [debug  ] handlePlayerLoginR msg size: 19
2021/02/05 09:32:14 [debug  ] gate read message: websocket: close 1001 (going away)
2021/02/05 09:32:14 [debug  ] rpcCloseAgent
2021/02/05 09:32:14 [debug  ] player 12908986780000 disconnect
2021/02/05 09:32:14 [release] on player 12908986780000 logout
2021/02/05 09:33:30 [debug  ] rpcNewAgent
2021/02/05 09:36:10 [debug  ] Info, sort guild ,GuildRankTime:%!(EXTRA int64=12926017090000, string= rank num:, int32=21)
2021/02/05 09:36:10 [debug  ] Info, UpdateRank
2021/02/05 09:36:31 [debug  ] Close agent cause heartbeat timeout
2021/02/05 09:36:31 [debug  ] gate read message: read tcp [::1]:17183->[::1]:63980: use of closed network connection
2021/02/05 09:36:31 [debug  ] rpcCloseAgent
2021/02/05 09:41:10 [debug  ] Info, UpdateRank
2021/02/05 09:41:11 [debug  ] Info, sort guild ,GuildRankTime:%!(EXTRA int64=12926047100000, string= rank num:, int32=21)
2021/02/05 09:46:11 [debug  ] Info, sort guild ,GuildRankTime:%!(EXTRA int64=12926077100000, string= rank num:, int32=21)
2021/02/05 09:46:11 [debug  ] Info, UpdateRank
2021/02/05 09:51:11 [debug  ] Info, sort guild ,GuildRankTime:%!(EXTRA int64=12926107100000, string= rank num:, int32=21)
2021/02/05 09:51:11 [debug  ] Info, UpdateRank
2021/02/05 09:56:11 [debug  ] Info, UpdateRank
2021/02/05 09:56:11 [debug  ] Info, sort guild ,GuildRankTime:%!(EXTRA int64=12926137100000, string= rank num:, int32=21)
2021/02/05 10:01:11 [debug  ] Info, UpdateRank
2021/02/05 10:01:11 [debug  ] Info, sort guild ,GuildRankTime:%!(EXTRA int64=12926167100000, string= rank num:, int32=21)
2021/02/05 10:06:11 [debug  ] Info, UpdateRank
2021/02/05 10:06:11 [debug  ] Info, sort guild ,GuildRankTime:%!(EXTRA int64=12926197100000, string= rank num:, int32=21)
2021/02/05 10:11:11 [debug  ] Info, UpdateRank
2021/02/05 10:11:11 [debug  ] Info, sort guild ,GuildRankTime:%!(EXTRA int64=12926227100000, string= rank num:, int32=21)
2021/02/05 10:16:11 [debug  ] Info, UpdateRank
2021/02/05 10:16:11 [debug  ] Info, sort guild ,GuildRankTime:%!(EXTRA int64=12926257100000, string= rank num:, int32=21)
2021/02/05 10:21:11 [debug  ] Info, UpdateRank
2021/02/05 10:21:11 [debug  ] Info, sort guild ,GuildRankTime:%!(EXTRA int64=12926287100000, string= rank num:, int32=21)
2021/02/05 10:26:11 [debug  ] Info, UpdateRank
2021/02/05 10:26:11 [debug  ] Info, sort guild ,GuildRankTime:%!(EXTRA int64=12926317100000, string= rank num:, int32=21)
2021/02/05 10:31:11 [debug  ] Info, UpdateRank
2021/02/05 10:31:11 [debug  ] Info, sort guild ,GuildRankTime:%!(EXTRA int64=12926347100000, string= rank num:, int32=21)
2021/02/05 10:36:11 [debug  ] Info, UpdateRank
2021/02/05 10:36:11 [debug  ] Info, sort guild ,GuildRankTime:%!(EXTRA int64=12926377100000, string= rank num:, int32=21)
2021/02/05 10:41:11 [debug  ] Info, sort guild ,GuildRankTime:%!(EXTRA int64=12926407100000, string= rank num:, int32=21)
2021/02/05 10:41:11 [debug  ] Info, UpdateRank
2021/02/05 10:46:11 [debug  ] Info, UpdateRank
2021/02/05 10:46:11 [debug  ] Info, sort guild ,GuildRankTime:%!(EXTRA int64=12926437100000, string= rank num:, int32=21)
2021/02/05 10:49:57 [debug  ] rpcNewAgent
2021/02/05 10:51:11 [debug  ] Info, UpdateRank
2021/02/05 10:51:11 [debug  ] Info, sort guild ,GuildRankTime:%!(EXTRA int64=12926467100000, string= rank num:, int32=21)
2021/02/05 10:52:58 [debug  ] Close agent cause heartbeat timeout
2021/02/05 10:52:58 [debug  ] gate read message: read tcp [::1]:17183->[::1]:52192: use of closed network connection
2021/02/05 10:52:58 [debug  ] rpcCloseAgent
2021/02/05 10:53:52 [debug  ] rpcNewAgent
2021/02/05 10:56:11 [debug  ] Info, UpdateRank
2021/02/05 10:56:11 [debug  ] Info, sort guild ,GuildRankTime:%!(EXTRA int64=12926497100000, string= rank num:, int32=21)
2021/02/05 10:56:53 [debug  ] Close agent cause heartbeat timeout
2021/02/05 10:56:53 [debug  ] gate read message: read tcp [::1]:17183->[::1]:52434: use of closed network connection
2021/02/05 10:56:53 [debug  ] rpcCloseAgent
2021/02/05 11:01:11 [debug  ] Info, UpdateRank
2021/02/05 11:01:11 [debug  ] Info, sort guild ,GuildRankTime:%!(EXTRA int64=12926527100000, string= rank num:, int32=21)
2021/02/05 11:06:11 [debug  ] Info, UpdateRank
2021/02/05 11:06:11 [debug  ] Info, sort guild ,GuildRankTime:%!(EXTRA int64=12926557100000, string= rank num:, int32=21)
2021/02/05 11:11:11 [debug  ] Info, sort guild ,GuildRankTime:%!(EXTRA int64=12926587100000, string= rank num:, int32=21)
2021/02/05 11:11:11 [debug  ] Info, UpdateRank
2021/02/05 11:16:11 [debug  ] Info, UpdateRank
2021/02/05 11:16:11 [debug  ] Info, sort guild ,GuildRankTime:%!(EXTRA int64=12926617110000, string= rank num:, int32=21)
2021/02/05 11:21:11 [debug  ] Info, UpdateRank
2021/02/05 11:21:11 [debug  ] Info, sort guild ,GuildRankTime:%!(EXTRA int64=12926647110000, string= rank num:, int32=21)
2021/02/05 11:26:11 [debug  ] Info, UpdateRank
2021/02/05 11:26:11 [debug  ] Info, sort guild ,GuildRankTime:%!(EXTRA int64=12926677110000, string= rank num:, int32=21)
2021/02/05 11:31:11 [debug  ] Info, sort guild ,GuildRankTime:%!(EXTRA int64=12926707110000, string= rank num:, int32=21)
2021/02/05 11:31:11 [debug  ] Info, UpdateRank
2021/02/05 11:36:11 [debug  ] Info, UpdateRank
2021/02/05 11:36:11 [debug  ] Info, sort guild ,GuildRankTime:%!(EXTRA int64=12926737110000, string= rank num:, int32=21)
2021/02/05 11:41:11 [debug  ] Info, sort guild ,GuildRankTime:%!(EXTRA int64=12926767110000, string= rank num:, int32=21)
2021/02/05 11:41:11 [debug  ] Info, UpdateRank
2021/02/05 11:43:05 [debug  ] rpcNewAgent
2021/02/05 11:43:05 [debug  ] gate Run data: [38 0 8 1 16 2 24 1 34 0]
2021/02/05 11:43:05 [debug  ] gate Run data: [39 1 10 8 100 102 97 115 102 97 115 102 18 5 101 97 102 97 115 26 7 97 115 100 102 115 97 102]
2021/02/05 11:43:05 [debug  ] server_main/game/internal.handleDeviceLoginNewR
2021/02/05 11:43:05 [debug  ] player 12908986780000 login
2021/02/05 11:43:05 [debug  ] gate Run data: [52 0 8 1 18 0 26 0 34 0 42 0 50 0 58 0 66 0 72 1]
2021/02/05 11:43:05 [debug  ] handlePlayerLoginR msg size: 19
2021/02/05 11:43:07 [debug  ] gate read message: websocket: close 1001 (going away)
2021/02/05 11:43:07 [debug  ] rpcCloseAgent
2021/02/05 11:43:07 [debug  ] player 12908986780000 disconnect
2021/02/05 11:43:07 [release] on player 12908986780000 logout
2021/02/05 11:46:11 [debug  ] Info, UpdateRank
2021/02/05 11:46:11 [debug  ] Info, sort guild ,GuildRankTime:%!(EXTRA int64=12926797110000, string= rank num:, int32=21)
2021/02/05 11:49:51 [debug  ] rpcNewAgent
2021/02/05 11:51:11 [debug  ] Info, sort guild ,GuildRankTime:%!(EXTRA int64=12926827110000, string= rank num:, int32=21)
2021/02/05 11:51:11 [debug  ] Info, UpdateRank
2021/02/05 11:52:52 [debug  ] Close agent cause heartbeat timeout
2021/02/05 11:52:52 [debug  ] gate read message: read tcp [::1]:17183->[::1]:55935: use of closed network connection
2021/02/05 11:52:52 [debug  ] rpcCloseAgent
2021/02/05 11:54:58 [debug  ] rpcNewAgent
2021/02/05 11:54:58 [debug  ] gate Run data: [38 0 8 1 16 2 24 1 34 0]
2021/02/05 11:54:58 [debug  ] gate Run data: [39 1 10 8 100 102 97 115 102 97 115 102 18 5 101 97 102 97 115 26 7 97 115 100 102 115 97 102]
2021/02/05 11:54:58 [debug  ] server_main/game/internal.handleDeviceLoginNewR
2021/02/05 11:54:58 [debug  ] player 12908986780000 login
2021/02/05 11:54:58 [debug  ] gate Run data: [52 0 8 1 18 0 26 0 34 0 42 0 50 0 58 0 66 0 72 1]
2021/02/05 11:54:58 [debug  ] handlePlayerLoginR msg size: 19
2021/02/05 11:55:01 [debug  ] gate Run data: [39 1 10 8 100 102 97 115 102 97 115 102 18 5 101 97 102 97 115 26 7 97 115 100 102 115 97 102]
2021/02/05 11:55:01 [debug  ] server_main/game/internal.handleDeviceLoginNewR
2021/02/05 11:55:01 [error  ] repeat login
2021/02/05 11:55:01 [debug  ] gate Run data: [52 0 8 1 18 0 26 0 34 0 42 0 50 0 58 0 66 0 72 1]
2021/02/05 11:55:01 [debug  ] handlePlayerLoginR msg size: 19
2021/02/05 11:55:01 [debug  ] gate Run data: [54 0]
2021/02/05 11:55:01 [debug  ] gate Run data: [56 0]
2021/02/05 11:55:01 [debug  ] gate Run data: [29 1 8 1 18 2 103 103 24 0]
2021/02/05 11:55:11 [debug  ] gate Run data: [33 0]
2021/02/05 11:55:21 [debug  ] gate Run data: [33 0]
2021/02/05 11:55:31 [debug  ] gate Run data: [33 0]
2021/02/05 11:55:41 [debug  ] gate Run data: [33 0]
2021/02/05 11:55:51 [debug  ] gate Run data: [33 0]
2021/02/05 11:56:02 [debug  ] gate Run data: [33 0]
2021/02/05 11:56:11 [debug  ] Info, UpdateRank
2021/02/05 11:56:11 [debug  ] Info, sort guild ,GuildRankTime:%!(EXTRA int64=12926857110000, string= rank num:, int32=21)
2021/02/05 11:56:13 [debug  ] gate Run data: [33 0]
2021/02/05 11:56:24 [debug  ] gate Run data: [33 0]
2021/02/05 11:56:35 [debug  ] gate Run data: [33 0]
2021/02/05 11:56:46 [debug  ] gate Run data: [33 0]
2021/02/05 11:56:57 [debug  ] gate Run data: [33 0]
2021/02/05 11:57:08 [debug  ] gate Run data: [33 0]
2021/02/05 11:57:21 [debug  ] gate Run data: [33 0]
2021/02/05 11:57:32 [debug  ] gate Run data: [33 0]
2021/02/05 11:57:43 [debug  ] gate Run data: [33 0]
2021/02/05 11:57:54 [debug  ] gate Run data: [33 0]
2021/02/05 11:58:05 [debug  ] gate Run data: [33 0]
2021/02/05 11:58:16 [debug  ] gate Run data: [33 0]
2021/02/05 11:58:27 [debug  ] gate Run data: [33 0]
2021/02/05 11:58:38 [debug  ] gate Run data: [33 0]
2021/02/05 11:58:49 [debug  ] gate Run data: [33 0]
2021/02/05 11:59:00 [debug  ] gate Run data: [33 0]
2021/02/05 11:59:11 [debug  ] gate Run data: [33 0]
2021/02/05 11:59:22 [debug  ] gate Run data: [33 0]
2021/02/05 11:59:33 [debug  ] gate Run data: [33 0]
2021/02/05 11:59:44 [debug  ] gate Run data: [33 0]
2021/02/05 11:59:55 [debug  ] gate Run data: [33 0]
2021/02/05 12:00:06 [debug  ] gate Run data: [33 0]
2021/02/05 12:00:17 [debug  ] gate Run data: [33 0]
2021/02/05 12:00:28 [debug  ] gate Run data: [33 0]
2021/02/05 12:00:39 [debug  ] gate Run data: [33 0]
2021/02/05 12:00:50 [debug  ] gate Run data: [33 0]
2021/02/05 12:01:01 [debug  ] gate Run data: [33 0]
2021/02/05 12:01:11 [debug  ] Info, UpdateRank
2021/02/05 12:01:11 [debug  ] Info, sort guild ,GuildRankTime:%!(EXTRA int64=12926887110000, string= rank num:, int32=21)
2021/02/05 12:01:12 [debug  ] gate Run data: [33 0]
2021/02/05 12:01:23 [debug  ] gate Run data: [33 0]
2021/02/05 12:01:34 [debug  ] gate Run data: [33 0]
2021/02/05 12:01:45 [debug  ] gate Run data: [33 0]
2021/02/05 12:01:56 [debug  ] gate Run data: [33 0]
2021/02/05 12:02:07 [debug  ] gate Run data: [33 0]
2021/02/05 12:02:18 [debug  ] gate Run data: [33 0]
2021/02/05 12:02:29 [debug  ] gate Run data: [33 0]
2021/02/05 12:02:40 [debug  ] gate Run data: [33 0]
2021/02/05 12:02:51 [debug  ] gate Run data: [33 0]
2021/02/05 12:03:02 [debug  ] gate Run data: [33 0]
2021/02/05 12:03:13 [debug  ] gate Run data: [33 0]
2021/02/05 12:03:24 [debug  ] gate Run data: [33 0]
2021/02/05 12:03:30 [debug  ] rpcNewAgent
2021/02/05 12:03:30 [debug  ] gate Run data: [38 0 8 1 16 2 24 1 34 0]
2021/02/05 12:03:30 [debug  ] gate Run data: [39 1 10 8 100 102 97 115 102 97 115 102 18 5 101 97 102 97 115 26 7 97 115 100 102 115 97 102]
2021/02/05 12:03:30 [debug  ] server_main/game/internal.handleDeviceLoginNewR
2021/02/05 12:03:30 [release] player 12908986780000 login repeat
2021/02/05 12:03:30 [release] on player 12908986780000 logout
2021/02/05 12:03:30 [debug  ] gate read message: read tcp 192.168.15.132:17183->192.168.15.132:56298: use of closed network connection
2021/02/05 12:03:30 [debug  ] player 12908986780000 login
2021/02/05 12:03:30 [debug  ] rpcCloseAgent
2021/02/05 12:03:30 [debug  ] gate Run data: [52 0 8 1 18 0 26 0 34 0 42 0 50 0 58 0 66 0 72 1]
2021/02/05 12:03:30 [debug  ] handlePlayerLoginR msg size: 19
2021/02/05 12:03:40 [debug  ] gate Run data: [33 0]
