2021/02/02 19:19:08 [release] Leaf 1.1.2 starting up
2021/02/02 19:19:08 [release] db OnInit
2021/02/02 19:19:08 [release] game OnInit
2021/02/02 19:19:08 [debug  ] Lua load conf/xshare.lua finished
2021/02/02 19:19:08 [debug  ] KLuaCMD5: e9d83e7646e443aff2f8f69b311cf7b4
2021/02/02 19:19:08 [debug  ] KChannelString bk
2021/02/02 19:19:08 [error  ] Lua GetIntArray err: KHeroReturnBackConsumeVrmb
2021/02/02 19:19:08 [error  ] Lua GetIntMap err: KArtifactFragmentNumReq
2021/02/02 19:19:08 [error  ] Lua GetIntMap err: KArtifactQualityUpMoneyReq
2021/02/02 19:19:08 [debug  ] KIFixMD5: 
2021/02/02 19:19:08 [debug  ] KRUZMD5: 
2021/02/02 19:19:08 [debug  ] Heartbeat timeout is 180
2021/02/02 19:19:08 [debug  ] game init handler
2021/02/02 19:19:08 [debug  ] 3 star total weight: 66
2021/02/02 19:19:08 [debug  ] 4 star total weight: 66
2021/02/02 19:19:08 [debug  ] 5 star total weight: 211
2021/02/02 19:19:08 [debug  ] 1 star total weight: 6
2021/02/02 19:19:08 [debug  ] 2 star total weight: 6
2021/02/02 19:19:08 [debug  ] ActivityMgr LoadAllActivity
2021/02/02 19:19:08 [debug  ] >>>>Start Loading DeviceUsers
2021/02/02 19:19:08 [debug  ] Start Load DeviceUsers
2021/02/02 19:19:08 [debug  ] End Load All DeviceUsers (Loaded:2727)
2021/02/02 19:19:08 [debug  ] >>>>Finish Loading DeviceUsers
2021/02/02 19:19:08 [debug  ] >>>>Start Loading Accounts
2021/02/02 19:19:08 [debug  ] Start Load Accounts
2021/02/02 19:19:08 [debug  ] End Load All Accounts (Loaded:2798)
2021/02/02 19:19:08 [debug  ] >>>>Finish Loading Accounts
2021/02/02 19:19:08 [debug  ] >>>>Start Loading InitPlayers
2021/02/02 19:19:08 [debug  ] Start Preload Players
2021/02/02 19:19:09 [debug  ] End Preload Player UseTime:1s
2021/02/02 19:19:09 [debug  ] Start Load All Players 2116
2021/02/02 19:19:11 [release] SQL ERROR:C:/Cavalry/server/src/db/db_def.go:659%!(EXTRA *mysql.MySQLError=Error 1292: Incorrect datetime value: '0000-00-00' for column 'starter_pack_bought_at' at row 1)
2021/02/02 19:19:11 [release] SQL ERROR:C:/Cavalry/server/src/db/db_def.go:659%!(EXTRA *mysql.MySQLError=Error 1292: Incorrect datetime value: '0000-00-00' for column 'starter_pack_bought_at' at row 1)
2021/02/02 19:19:11 [release] SQL ERROR:C:/Cavalry/server/src/db/db_def.go:659%!(EXTRA *mysql.MySQLError=Error 1292: Incorrect datetime value: '0000-00-00' for column 'last_activity_summon_at' at row 1)
2021/02/02 19:19:11 [release] SQL ERROR:C:/Cavalry/server/src/db/db_def.go:659%!(EXTRA *mysql.MySQLError=Error 1292: Incorrect datetime value: '0000-00-00' for column 'starter_pack_bought_at' at row 1)
2021/02/02 19:19:11 [release] SQL ERROR:C:/Cavalry/server/src/db/db_def.go:659%!(EXTRA *mysql.MySQLError=Error 1292: Incorrect datetime value: '0000-00-00' for column 'starter_pack_bought_at' at row 1)
2021/02/02 19:19:11 [release] SQL ERROR:C:/Cavalry/server/src/db/db_def.go:659%!(EXTRA *mysql.MySQLError=Error 1292: Incorrect datetime value: '0000-00-00' for column 'starter_pack_bought_at' at row 1)
2021/02/02 19:19:11 [release] SQL ERROR:C:/Cavalry/server/src/db/db_def.go:659%!(EXTRA *mysql.MySQLError=Error 1292: Incorrect datetime value: '0000-00-00' for column 'last_activity_summon_at' at row 1)
2021/02/02 19:19:11 [release] SQL ERROR:C:/Cavalry/server/src/db/db_def.go:659%!(EXTRA *mysql.MySQLError=Error 1292: Incorrect datetime value: '0000-00-00' for column 'starter_pack_bought_at' at row 1)
2021/02/02 19:19:11 [release] SQL ERROR:C:/Cavalry/server/src/db/db_def.go:659%!(EXTRA *mysql.MySQLError=Error 1292: Incorrect datetime value: '0000-00-00' for column 'starter_pack_bought_at' at row 1)
2021/02/02 19:19:11 [release] SQL ERROR:C:/Cavalry/server/src/db/db_def.go:659%!(EXTRA *mysql.MySQLError=Error 1292: Incorrect datetime value: '0000-00-00' for column 'starter_pack_bought_at' at row 1)
2021/02/02 19:19:11 [release] SQL ERROR:C:/Cavalry/server/src/db/db_def.go:659%!(EXTRA *mysql.MySQLError=Error 1292: Incorrect datetime value: '0000-00-00' for column 'starter_pack_bought_at' at row 1)
2021/02/02 19:19:11 [release] SQL ERROR:C:/Cavalry/server/src/db/db_def.go:659%!(EXTRA *mysql.MySQLError=Error 1292: Incorrect datetime value: '0000-00-00' for column 'starter_pack_bought_at' at row 1)
2021/02/02 19:19:11 [release] SQL ERROR:C:/Cavalry/server/src/db/db_def.go:659%!(EXTRA *mysql.MySQLError=Error 1292: Incorrect datetime value: '0000-00-00' for column 'last_activity_summon_at' at row 1)
2021/02/02 19:19:11 [release] SQL ERROR:C:/Cavalry/server/src/db/db_def.go:659%!(EXTRA *mysql.MySQLError=Error 1292: Incorrect datetime value: '0000-00-00' for column 'starter_pack_bought_at' at row 1)
2021/02/02 19:19:11 [release] SQL ERROR:C:/Cavalry/server/src/db/db_def.go:659%!(EXTRA *mysql.MySQLError=Error 1292: Incorrect datetime value: '0000-00-00' for column 'starter_pack_bought_at' at row 1)
2021/02/02 19:19:11 [release] SQL ERROR:C:/Cavalry/server/src/db/db_def.go:659%!(EXTRA *mysql.MySQLError=Error 1292: Incorrect datetime value: '0000-00-00' for column 'starter_pack_bought_at' at row 1)
2021/02/02 19:19:11 [release] SQL ERROR:C:/Cavalry/server/src/db/db_def.go:659%!(EXTRA *mysql.MySQLError=Error 1292: Incorrect datetime value: '0000-00-00' for column 'starter_pack_bought_at' at row 1)
2021/02/02 19:19:11 [release] SQL ERROR:C:/Cavalry/server/src/db/db_def.go:659%!(EXTRA *mysql.MySQLError=Error 1292: Incorrect datetime value: '0000-00-00' for column 'last_activity_summon_at' at row 1)
2021/02/02 19:19:11 [release] SQL ERROR:C:/Cavalry/server/src/db/db_def.go:659%!(EXTRA *mysql.MySQLError=Error 1292: Incorrect datetime value: '0000-00-00' for column 'starter_pack_bought_at' at row 1)
2021/02/02 19:19:11 [release] SQL ERROR:C:/Cavalry/server/src/db/db_def.go:659%!(EXTRA *mysql.MySQLError=Error 1292: Incorrect datetime value: '0000-00-00' for column 'starter_pack_bought_at' at row 1)
2021/02/02 19:19:11 [release] SQL ERROR:C:/Cavalry/server/src/db/db_def.go:659%!(EXTRA *mysql.MySQLError=Error 1292: Incorrect datetime value: '0000-00-00' for column 'last_activity_summon_at' at row 1)
2021/02/02 19:19:11 [release] SQL ERROR:C:/Cavalry/server/src/db/db_def.go:659%!(EXTRA *mysql.MySQLError=Error 1292: Incorrect datetime value: '0000-00-00' for column 'starter_pack_bought_at' at row 1)
2021/02/02 19:19:11 [release] SQL ERROR:C:/Cavalry/server/src/db/db_def.go:659%!(EXTRA *mysql.MySQLError=Error 1292: Incorrect datetime value: '0000-00-00' for column 'starter_pack_bought_at' at row 1)
2021/02/02 19:19:11 [release] SQL ERROR:C:/Cavalry/server/src/db/db_def.go:659%!(EXTRA *mysql.MySQLError=Error 1292: Incorrect datetime value: '0000-00-00' for column 'starter_pack_bought_at' at row 1)
2021/02/02 19:19:11 [release] SQL ERROR:C:/Cavalry/server/src/db/db_def.go:659%!(EXTRA *mysql.MySQLError=Error 1292: Incorrect datetime value: '0000-00-00' for column 'starter_pack_bought_at' at row 1)
2021/02/02 19:19:11 [release] SQL ERROR:C:/Cavalry/server/src/db/db_def.go:659%!(EXTRA *mysql.MySQLError=Error 1292: Incorrect datetime value: '0000-00-00' for column 'starter_pack_bought_at' at row 1)
2021/02/02 19:19:11 [release] SQL ERROR:C:/Cavalry/server/src/db/db_def.go:659%!(EXTRA *mysql.MySQLError=Error 1292: Incorrect datetime value: '0000-00-00' for column 'starter_pack_bought_at' at row 1)
2021/02/02 19:19:11 [release] SQL ERROR:C:/Cavalry/server/src/db/db_def.go:659%!(EXTRA *mysql.MySQLError=Error 1292: Incorrect datetime value: '0000-00-00' for column 'starter_pack_bought_at' at row 1)
2021/02/02 19:19:11 [release] SQL ERROR:C:/Cavalry/server/src/db/db_def.go:659%!(EXTRA *mysql.MySQLError=Error 1292: Incorrect datetime value: '0000-00-00' for column 'starter_pack_bought_at' at row 1)
2021/02/02 19:19:11 [release] SQL ERROR:C:/Cavalry/server/src/db/db_def.go:659%!(EXTRA *mysql.MySQLError=Error 1292: Incorrect datetime value: '0000-00-00' for column 'starter_pack_bought_at' at row 1)
2021/02/02 19:19:11 [release] SQL ERROR:C:/Cavalry/server/src/db/db_def.go:659%!(EXTRA *mysql.MySQLError=Error 1292: Incorrect datetime value: '0000-00-00' for column 'last_activity_summon_at' at row 1)
2021/02/02 19:19:11 [release] SQL ERROR:C:/Cavalry/server/src/db/db_def.go:659%!(EXTRA *mysql.MySQLError=Error 1292: Incorrect datetime value: '0000-00-00' for column 'starter_pack_bought_at' at row 1)
2021/02/02 19:19:11 [release] SQL ERROR:C:/Cavalry/server/src/db/db_def.go:659%!(EXTRA *mysql.MySQLError=Error 1292: Incorrect datetime value: '0000-00-00' for column 'starter_pack_bought_at' at row 1)
2021/02/02 19:19:11 [release] SQL ERROR:C:/Cavalry/server/src/db/db_def.go:659%!(EXTRA *mysql.MySQLError=Error 1292: Incorrect datetime value: '0000-00-00' for column 'last_activity_summon_at' at row 1)
2021/02/02 19:19:11 [release] SQL ERROR:C:/Cavalry/server/src/db/db_def.go:659%!(EXTRA *mysql.MySQLError=Error 1292: Incorrect datetime value: '0000-00-00' for column 'starter_pack_bought_at' at row 1)
2021/02/02 19:19:11 [release] SQL ERROR:C:/Cavalry/server/src/db/db_def.go:659%!(EXTRA *mysql.MySQLError=Error 1292: Incorrect datetime value: '0000-00-00' for column 'starter_pack_bought_at' at row 1)
2021/02/02 19:19:11 [release] SQL ERROR:C:/Cavalry/server/src/db/db_def.go:659%!(EXTRA *mysql.MySQLError=Error 1292: Incorrect datetime value: '0000-00-00' for column 'starter_pack_bought_at' at row 1)
2021/02/02 19:19:11 [release] SQL ERROR:C:/Cavalry/server/src/db/db_def.go:659%!(EXTRA *mysql.MySQLError=Error 1292: Incorrect datetime value: '0000-00-00' for column 'starter_pack_bought_at' at row 1)
2021/02/02 19:19:11 [release] SQL ERROR:C:/Cavalry/server/src/db/db_def.go:659%!(EXTRA *mysql.MySQLError=Error 1292: Incorrect datetime value: '0000-00-00' for column 'starter_pack_bought_at' at row 1)
2021/02/02 19:19:11 [release] SQL ERROR:C:/Cavalry/server/src/db/db_def.go:659%!(EXTRA *mysql.MySQLError=Error 1292: Incorrect datetime value: '0000-00-00' for column 'starter_pack_bought_at' at row 1)
2021/02/02 19:19:11 [release] SQL ERROR:C:/Cavalry/server/src/db/db_def.go:659%!(EXTRA *mysql.MySQLError=Error 1292: Incorrect datetime value: '0000-00-00' for column 'starter_pack_bought_at' at row 1)
2021/02/02 19:19:11 [release] SQL ERROR:C:/Cavalry/server/src/db/db_def.go:659%!(EXTRA *mysql.MySQLError=Error 1292: Incorrect datetime value: '0000-00-00' for column 'last_activity_summon_at' at row 1)
2021/02/02 19:19:11 [release] SQL ERROR:C:/Cavalry/server/src/db/db_def.go:659%!(EXTRA *mysql.MySQLError=Error 1292: Incorrect datetime value: '0000-00-00' for column 'starter_pack_bought_at' at row 1)
2021/02/02 19:19:11 [release] SQL ERROR:C:/Cavalry/server/src/db/db_def.go:659%!(EXTRA *mysql.MySQLError=Error 1292: Incorrect datetime value: '0000-00-00' for column 'starter_pack_bought_at' at row 1)
2021/02/02 19:19:11 [release] SQL ERROR:C:/Cavalry/server/src/db/db_def.go:659%!(EXTRA *mysql.MySQLError=Error 1292: Incorrect datetime value: '0000-00-00' for column 'last_activity_summon_at' at row 1)
2021/02/02 19:19:11 [release] SQL ERROR:C:/Cavalry/server/src/db/db_def.go:659%!(EXTRA *mysql.MySQLError=Error 1292: Incorrect datetime value: '0000-00-00' for column 'starter_pack_bought_at' at row 1)
2021/02/02 19:19:11 [release] SQL ERROR:C:/Cavalry/server/src/db/db_def.go:659%!(EXTRA *mysql.MySQLError=Error 1292: Incorrect datetime value: '0000-00-00' for column 'starter_pack_bought_at' at row 1)
2021/02/02 19:19:11 [release] SQL ERROR:C:/Cavalry/server/src/db/db_def.go:659%!(EXTRA *mysql.MySQLError=Error 1292: Incorrect datetime value: '0000-00-00' for column 'starter_pack_bought_at' at row 1)
2021/02/02 19:19:11 [release] SQL ERROR:C:/Cavalry/server/src/db/db_def.go:659%!(EXTRA *mysql.MySQLError=Error 1292: Incorrect datetime value: '0000-00-00' for column 'starter_pack_bought_at' at row 1)
2021/02/02 19:19:11 [release] SQL ERROR:C:/Cavalry/server/src/db/db_def.go:659%!(EXTRA *mysql.MySQLError=Error 1292: Incorrect datetime value: '0000-00-00' for column 'starter_pack_bought_at' at row 1)
2021/02/02 19:19:11 [release] SQL ERROR:C:/Cavalry/server/src/db/db_def.go:659%!(EXTRA *mysql.MySQLError=Error 1292: Incorrect datetime value: '0000-00-00' for column 'last_activity_summon_at' at row 1)
2021/02/02 19:19:11 [release] SQL ERROR:C:/Cavalry/server/src/db/db_def.go:659%!(EXTRA *mysql.MySQLError=Error 1292: Incorrect datetime value: '0000-00-00' for column 'starter_pack_bought_at' at row 1)
2021/02/02 19:19:11 [release] SQL ERROR:C:/Cavalry/server/src/db/db_def.go:659%!(EXTRA *mysql.MySQLError=Error 1292: Incorrect datetime value: '0000-00-00' for column 'starter_pack_bought_at' at row 1)
2021/02/02 19:19:11 [release] SQL ERROR:C:/Cavalry/server/src/db/db_def.go:659%!(EXTRA *mysql.MySQLError=Error 1292: Incorrect datetime value: '0000-00-00' for column 'starter_pack_bought_at' at row 1)
2021/02/02 19:19:11 [release] SQL ERROR:C:/Cavalry/server/src/db/db_def.go:659%!(EXTRA *mysql.MySQLError=Error 1292: Incorrect datetime value: '0000-00-00' for column 'last_activity_summon_at' at row 1)
2021/02/02 19:19:11 [release] SQL ERROR:C:/Cavalry/server/src/db/db_def.go:659%!(EXTRA *mysql.MySQLError=Error 1292: Incorrect datetime value: '0000-00-00' for column 'starter_pack_bought_at' at row 1)
2021/02/02 19:19:11 [release] SQL ERROR:C:/Cavalry/server/src/db/db_def.go:659%!(EXTRA *mysql.MySQLError=Error 1292: Incorrect datetime value: '0000-00-00' for column 'last_activity_summon_at' at row 1)
2021/02/02 19:19:11 [release] SQL ERROR:C:/Cavalry/server/src/db/db_def.go:659%!(EXTRA *mysql.MySQLError=Error 1292: Incorrect datetime value: '0000-00-00' for column 'starter_pack_bought_at' at row 1)
2021/02/02 19:19:11 [release] SQL ERROR:C:/Cavalry/server/src/db/db_def.go:659%!(EXTRA *mysql.MySQLError=Error 1292: Incorrect datetime value: '0000-00-00' for column 'starter_pack_bought_at' at row 1)
2021/02/02 19:19:11 [release] SQL ERROR:C:/Cavalry/server/src/db/db_def.go:659%!(EXTRA *mysql.MySQLError=Error 1292: Incorrect datetime value: '0000-00-00' for column 'starter_pack_bought_at' at row 1)
2021/02/02 19:19:11 [release] SQL ERROR:C:/Cavalry/server/src/db/db_def.go:659%!(EXTRA *mysql.MySQLError=Error 1292: Incorrect datetime value: '0000-00-00' for column 'last_activity_summon_at' at row 1)
2021/02/02 19:19:11 [release] SQL ERROR:C:/Cavalry/server/src/db/db_def.go:659%!(EXTRA *mysql.MySQLError=Error 1292: Incorrect datetime value: '0000-00-00' for column 'last_activity_summon_at' at row 1)
2021/02/02 19:19:11 [release] SQL ERROR:C:/Cavalry/server/src/db/db_def.go:659%!(EXTRA *mysql.MySQLError=Error 1292: Incorrect datetime value: '0000-00-00' for column 'starter_pack_bought_at' at row 1)
2021/02/02 19:19:11 [release] SQL ERROR:C:/Cavalry/server/src/db/db_def.go:659%!(EXTRA *mysql.MySQLError=Error 1292: Incorrect datetime value: '0000-00-00' for column 'starter_pack_bought_at' at row 1)
2021/02/02 19:19:11 [release] SQL ERROR:C:/Cavalry/server/src/db/db_def.go:659%!(EXTRA *mysql.MySQLError=Error 1292: Incorrect datetime value: '0000-00-00' for column 'starter_pack_bought_at' at row 1)
2021/02/02 19:19:11 [release] SQL ERROR:C:/Cavalry/server/src/db/db_def.go:659%!(EXTRA *mysql.MySQLError=Error 1292: Incorrect datetime value: '0000-00-00' for column 'starter_pack_bought_at' at row 1)
2021/02/02 19:19:11 [release] SQL ERROR:C:/Cavalry/server/src/db/db_def.go:659%!(EXTRA *mysql.MySQLError=Error 1292: Incorrect datetime value: '0000-00-00' for column 'starter_pack_bought_at' at row 1)
2021/02/02 19:19:11 [release] SQL ERROR:C:/Cavalry/server/src/db/db_def.go:659%!(EXTRA *mysql.MySQLError=Error 1292: Incorrect datetime value: '0000-00-00' for column 'starter_pack_bought_at' at row 1)
2021/02/02 19:19:11 [release] SQL ERROR:C:/Cavalry/server/src/db/db_def.go:659%!(EXTRA *mysql.MySQLError=Error 1292: Incorrect datetime value: '0000-00-00' for column 'starter_pack_bought_at' at row 1)
2021/02/02 19:19:11 [release] SQL ERROR:C:/Cavalry/server/src/db/db_def.go:659%!(EXTRA *mysql.MySQLError=Error 1292: Incorrect datetime value: '0000-00-00' for column 'starter_pack_bought_at' at row 1)
2021/02/02 19:19:11 [release] SQL ERROR:C:/Cavalry/server/src/db/db_def.go:659%!(EXTRA *mysql.MySQLError=Error 1292: Incorrect datetime value: '0000-00-00' for column 'starter_pack_bought_at' at row 1)
2021/02/02 19:19:11 [release] SQL ERROR:C:/Cavalry/server/src/db/db_def.go:659%!(EXTRA *mysql.MySQLError=Error 1292: Incorrect datetime value: '0000-00-00' for column 'starter_pack_bought_at' at row 1)
2021/02/02 19:19:11 [release] SQL ERROR:C:/Cavalry/server/src/db/db_def.go:659%!(EXTRA *mysql.MySQLError=Error 1292: Incorrect datetime value: '0000-00-00' for column 'last_activity_summon_at' at row 1)
2021/02/02 19:19:11 [release] SQL ERROR:C:/Cavalry/server/src/db/db_def.go:659%!(EXTRA *mysql.MySQLError=Error 1292: Incorrect datetime value: '0000-00-00' for column 'starter_pack_bought_at' at row 1)
2021/02/02 19:19:11 [release] SQL ERROR:C:/Cavalry/server/src/db/db_def.go:659%!(EXTRA *mysql.MySQLError=Error 1292: Incorrect datetime value: '0000-00-00' for column 'starter_pack_bought_at' at row 1)
2021/02/02 19:19:11 [release] SQL ERROR:C:/Cavalry/server/src/db/db_def.go:659%!(EXTRA *mysql.MySQLError=Error 1292: Incorrect datetime value: '0000-00-00' for column 'starter_pack_bought_at' at row 1)
2021/02/02 19:19:11 [release] SQL ERROR:C:/Cavalry/server/src/db/db_def.go:659%!(EXTRA *mysql.MySQLError=Error 1292: Incorrect datetime value: '0000-00-00' for column 'starter_pack_bought_at' at row 1)
2021/02/02 19:19:11 [release] SQL ERROR:C:/Cavalry/server/src/db/db_def.go:659%!(EXTRA *mysql.MySQLError=Error 1292: Incorrect datetime value: '0000-00-00' for column 'starter_pack_bought_at' at row 1)
2021/02/02 19:19:11 [release] SQL ERROR:C:/Cavalry/server/src/db/db_def.go:659%!(EXTRA *mysql.MySQLError=Error 1292: Incorrect datetime value: '0000-00-00' for column 'starter_pack_bought_at' at row 1)
2021/02/02 19:19:11 [release] SQL ERROR:C:/Cavalry/server/src/db/db_def.go:659%!(EXTRA *mysql.MySQLError=Error 1292: Incorrect datetime value: '0000-00-00' for column 'starter_pack_bought_at' at row 1)
2021/02/02 19:19:11 [release] SQL ERROR:C:/Cavalry/server/src/db/db_def.go:659%!(EXTRA *mysql.MySQLError=Error 1292: Incorrect datetime value: '0000-00-00' for column 'starter_pack_bought_at' at row 1)
2021/02/02 19:19:11 [release] SQL ERROR:C:/Cavalry/server/src/db/db_def.go:659%!(EXTRA *mysql.MySQLError=Error 1292: Incorrect datetime value: '0000-00-00' for column 'starter_pack_bought_at' at row 1)
2021/02/02 19:19:11 [release] SQL ERROR:C:/Cavalry/server/src/db/db_def.go:659%!(EXTRA *mysql.MySQLError=Error 1292: Incorrect datetime value: '0000-00-00' for column 'starter_pack_bought_at' at row 1)
2021/02/02 19:19:11 [release] SQL ERROR:C:/Cavalry/server/src/db/db_def.go:659%!(EXTRA *mysql.MySQLError=Error 1292: Incorrect datetime value: '0000-00-00' for column 'starter_pack_bought_at' at row 1)
2021/02/02 19:19:11 [release] SQL ERROR:C:/Cavalry/server/src/db/db_def.go:659%!(EXTRA *mysql.MySQLError=Error 1292: Incorrect datetime value: '0000-00-00' for column 'starter_pack_bought_at' at row 1)
2021/02/02 19:19:11 [release] SQL ERROR:C:/Cavalry/server/src/db/db_def.go:659%!(EXTRA *mysql.MySQLError=Error 1292: Incorrect datetime value: '0000-00-00' for column 'starter_pack_bought_at' at row 1)
2021/02/02 19:19:11 [release] SQL ERROR:C:/Cavalry/server/src/db/db_def.go:659%!(EXTRA *mysql.MySQLError=Error 1292: Incorrect datetime value: '0000-00-00' for column 'starter_pack_bought_at' at row 1)
2021/02/02 19:19:11 [release] SQL ERROR:C:/Cavalry/server/src/db/db_def.go:659%!(EXTRA *mysql.MySQLError=Error 1292: Incorrect datetime value: '0000-00-00' for column 'starter_pack_bought_at' at row 1)
2021/02/02 19:19:11 [release] SQL ERROR:C:/Cavalry/server/src/db/db_def.go:659%!(EXTRA *mysql.MySQLError=Error 1292: Incorrect datetime value: '0000-00-00' for column 'starter_pack_bought_at' at row 1)
2021/02/02 19:19:11 [release] SQL ERROR:C:/Cavalry/server/src/db/db_def.go:659%!(EXTRA *mysql.MySQLError=Error 1292: Incorrect datetime value: '0000-00-00' for column 'last_activity_summon_at' at row 1)
2021/02/02 19:19:11 [release] SQL ERROR:C:/Cavalry/server/src/db/db_def.go:659%!(EXTRA *mysql.MySQLError=Error 1292: Incorrect datetime value: '0000-00-00' for column 'last_activity_summon_at' at row 1)
2021/02/02 19:19:11 [release] SQL ERROR:C:/Cavalry/server/src/db/db_def.go:659%!(EXTRA *mysql.MySQLError=Error 1292: Incorrect datetime value: '0000-00-00' for column 'starter_pack_bought_at' at row 1)
2021/02/02 19:19:11 [release] SQL ERROR:C:/Cavalry/server/src/db/db_def.go:659%!(EXTRA *mysql.MySQLError=Error 1292: Incorrect datetime value: '0000-00-00' for column 'starter_pack_bought_at' at row 1)
2021/02/02 19:19:11 [release] SQL ERROR:C:/Cavalry/server/src/db/db_def.go:659%!(EXTRA *mysql.MySQLError=Error 1292: Incorrect datetime value: '0000-00-00' for column 'last_activity_summon_at' at row 1)
2021/02/02 19:19:11 [release] SQL ERROR:C:/Cavalry/server/src/db/db_def.go:659%!(EXTRA *mysql.MySQLError=Error 1292: Incorrect datetime value: '0000-00-00' for column 'last_activity_summon_at' at row 1)
2021/02/02 19:19:11 [release] SQL ERROR:C:/Cavalry/server/src/db/db_def.go:659%!(EXTRA *mysql.MySQLError=Error 1292: Incorrect datetime value: '0000-00-00' for column 'starter_pack_bought_at' at row 1)
2021/02/02 19:19:11 [release] SQL ERROR:C:/Cavalry/server/src/db/db_def.go:659%!(EXTRA *mysql.MySQLError=Error 1292: Incorrect datetime value: '0000-00-00' for column 'last_activity_summon_at' at row 1)
2021/02/02 19:19:11 [release] SQL ERROR:C:/Cavalry/server/src/db/db_def.go:659%!(EXTRA *mysql.MySQLError=Error 1292: Incorrect datetime value: '0000-00-00' for column 'last_activity_summon_at' at row 1)
2021/02/02 19:19:11 [release] SQL ERROR:C:/Cavalry/server/src/db/db_def.go:659%!(EXTRA *mysql.MySQLError=Error 1292: Incorrect datetime value: '0000-00-00' for column 'starter_pack_bought_at' at row 1)
2021/02/02 19:19:11 [release] SQL ERROR:C:/Cavalry/server/src/db/db_def.go:659%!(EXTRA *mysql.MySQLError=Error 1292: Incorrect datetime value: '0000-00-00' for column 'starter_pack_bought_at' at row 1)
2021/02/02 19:19:11 [release] SQL ERROR:C:/Cavalry/server/src/db/db_def.go:659%!(EXTRA *mysql.MySQLError=Error 1292: Incorrect datetime value: '0000-00-00' for column 'starter_pack_bought_at' at row 1)
2021/02/02 19:19:11 [release] SQL ERROR:C:/Cavalry/server/src/db/db_def.go:659%!(EXTRA *mysql.MySQLError=Error 1292: Incorrect datetime value: '0000-00-00' for column 'last_activity_summon_at' at row 1)
2021/02/02 19:19:11 [release] SQL ERROR:C:/Cavalry/server/src/db/db_def.go:659%!(EXTRA *mysql.MySQLError=Error 1292: Incorrect datetime value: '0000-00-00' for column 'starter_pack_bought_at' at row 1)
2021/02/02 19:19:11 [release] SQL ERROR:C:/Cavalry/server/src/db/db_def.go:659%!(EXTRA *mysql.MySQLError=Error 1292: Incorrect datetime value: '0000-00-00' for column 'starter_pack_bought_at' at row 1)
2021/02/02 19:19:11 [release] SQL ERROR:C:/Cavalry/server/src/db/db_def.go:659%!(EXTRA *mysql.MySQLError=Error 1292: Incorrect datetime value: '0000-00-00' for column 'starter_pack_bought_at' at row 1)
2021/02/02 19:19:11 [release] SQL ERROR:C:/Cavalry/server/src/db/db_def.go:659%!(EXTRA *mysql.MySQLError=Error 1292: Incorrect datetime value: '0000-00-00' for column 'starter_pack_bought_at' at row 1)
2021/02/02 19:19:11 [release] SQL ERROR:C:/Cavalry/server/src/db/db_def.go:659%!(EXTRA *mysql.MySQLError=Error 1292: Incorrect datetime value: '0000-00-00' for column 'last_activity_summon_at' at row 1)
2021/02/02 19:19:11 [release] SQL ERROR:C:/Cavalry/server/src/db/db_def.go:659%!(EXTRA *mysql.MySQLError=Error 1292: Incorrect datetime value: '0000-00-00' for column 'last_activity_summon_at' at row 1)
2021/02/02 19:19:11 [release] SQL ERROR:C:/Cavalry/server/src/db/db_def.go:659%!(EXTRA *mysql.MySQLError=Error 1292: Incorrect datetime value: '0000-00-00' for column 'starter_pack_bought_at' at row 1)
2021/02/02 19:19:11 [release] SQL ERROR:C:/Cavalry/server/src/db/db_def.go:659%!(EXTRA *mysql.MySQLError=Error 1292: Incorrect datetime value: '0000-00-00' for column 'starter_pack_bought_at' at row 1)
2021/02/02 19:19:11 [release] SQL ERROR:C:/Cavalry/server/src/db/db_def.go:659%!(EXTRA *mysql.MySQLError=Error 1292: Incorrect datetime value: '0000-00-00' for column 'last_activity_summon_at' at row 1)
2021/02/02 19:19:11 [release] SQL ERROR:C:/Cavalry/server/src/db/db_def.go:659%!(EXTRA *mysql.MySQLError=Error 1292: Incorrect datetime value: '0000-00-00' for column 'last_activity_summon_at' at row 1)
2021/02/02 19:19:11 [release] SQL ERROR:C:/Cavalry/server/src/db/db_def.go:659%!(EXTRA *mysql.MySQLError=Error 1292: Incorrect datetime value: '0000-00-00' for column 'starter_pack_bought_at' at row 1)
2021/02/02 19:19:11 [release] SQL ERROR:C:/Cavalry/server/src/db/db_def.go:659%!(EXTRA *mysql.MySQLError=Error 1292: Incorrect datetime value: '0000-00-00' for column 'starter_pack_bought_at' at row 1)
2021/02/02 19:19:11 [release] SQL ERROR:C:/Cavalry/server/src/db/db_def.go:659%!(EXTRA *mysql.MySQLError=Error 1292: Incorrect datetime value: '0000-00-00' for column 'last_activity_summon_at' at row 1)
2021/02/02 19:19:11 [release] SQL ERROR:C:/Cavalry/server/src/db/db_def.go:659%!(EXTRA *mysql.MySQLError=Error 1292: Incorrect datetime value: '0000-00-00' for column 'starter_pack_bought_at' at row 1)
2021/02/02 19:19:11 [release] SQL ERROR:C:/Cavalry/server/src/db/db_def.go:659%!(EXTRA *mysql.MySQLError=Error 1292: Incorrect datetime value: '0000-00-00' for column 'starter_pack_bought_at' at row 1)
2021/02/02 19:19:11 [release] SQL ERROR:C:/Cavalry/server/src/db/db_def.go:659%!(EXTRA *mysql.MySQLError=Error 1292: Incorrect datetime value: '0000-00-00' for column 'starter_pack_bought_at' at row 1)
2021/02/02 19:19:11 [release] SQL ERROR:C:/Cavalry/server/src/db/db_def.go:659%!(EXTRA *mysql.MySQLError=Error 1292: Incorrect datetime value: '0000-00-00' for column 'starter_pack_bought_at' at row 1)
2021/02/02 19:19:11 [release] SQL ERROR:C:/Cavalry/server/src/db/db_def.go:659%!(EXTRA *mysql.MySQLError=Error 1292: Incorrect datetime value: '0000-00-00' for column 'starter_pack_bought_at' at row 1)
2021/02/02 19:19:11 [release] SQL ERROR:C:/Cavalry/server/src/db/db_def.go:659%!(EXTRA *mysql.MySQLError=Error 1292: Incorrect datetime value: '0000-00-00' for column 'last_activity_summon_at' at row 1)
2021/02/02 19:19:11 [release] SQL ERROR:C:/Cavalry/server/src/db/db_def.go:659%!(EXTRA *mysql.MySQLError=Error 1292: Incorrect datetime value: '0000-00-00' for column 'starter_pack_bought_at' at row 1)
2021/02/02 19:19:12 [release] SQL ERROR:C:/Cavalry/server/src/db/db_def.go:659%!(EXTRA *mysql.MySQLError=Error 1292: Incorrect datetime value: '0000-00-00' for column 'last_activity_summon_at' at row 1)
2021/02/02 19:19:12 [release] SQL ERROR:C:/Cavalry/server/src/db/db_def.go:659%!(EXTRA *mysql.MySQLError=Error 1292: Incorrect datetime value: '0000-00-00' for column 'starter_pack_bought_at' at row 1)
2021/02/02 19:19:12 [release] SQL ERROR:C:/Cavalry/server/src/db/db_def.go:659%!(EXTRA *mysql.MySQLError=Error 1292: Incorrect datetime value: '0000-00-00' for column 'last_activity_summon_at' at row 1)
2021/02/02 19:19:12 [release] SQL ERROR:C:/Cavalry/server/src/db/db_def.go:659%!(EXTRA *mysql.MySQLError=Error 1292: Incorrect datetime value: '0000-00-00' for column 'starter_pack_bought_at' at row 1)
2021/02/02 19:19:12 [release] SQL ERROR:C:/Cavalry/server/src/db/db_def.go:659%!(EXTRA *mysql.MySQLError=Error 1292: Incorrect datetime value: '0000-00-00' for column 'starter_pack_bought_at' at row 1)
2021/02/02 19:19:12 [release] SQL ERROR:C:/Cavalry/server/src/db/db_def.go:659%!(EXTRA *mysql.MySQLError=Error 1292: Incorrect datetime value: '0000-00-00' for column 'starter_pack_bought_at' at row 1)
2021/02/02 19:19:12 [release] SQL ERROR:C:/Cavalry/server/src/db/db_def.go:659%!(EXTRA *mysql.MySQLError=Error 1292: Incorrect datetime value: '0000-00-00' for column 'starter_pack_bought_at' at row 1)
2021/02/02 19:19:12 [release] SQL ERROR:C:/Cavalry/server/src/db/db_def.go:659%!(EXTRA *mysql.MySQLError=Error 1292: Incorrect datetime value: '0000-00-00' for column 'starter_pack_bought_at' at row 1)
2021/02/02 19:19:12 [release] SQL ERROR:C:/Cavalry/server/src/db/db_def.go:659%!(EXTRA *mysql.MySQLError=Error 1292: Incorrect datetime value: '0000-00-00' for column 'starter_pack_bought_at' at row 1)
2021/02/02 19:19:12 [release] SQL ERROR:C:/Cavalry/server/src/db/db_def.go:659%!(EXTRA *mysql.MySQLError=Error 1292: Incorrect datetime value: '0000-00-00' for column 'last_activity_summon_at' at row 1)
2021/02/02 19:19:12 [release] SQL ERROR:C:/Cavalry/server/src/db/db_def.go:659%!(EXTRA *mysql.MySQLError=Error 1292: Incorrect datetime value: '0000-00-00' for column 'last_activity_summon_at' at row 1)
2021/02/02 19:19:12 [release] SQL ERROR:C:/Cavalry/server/src/db/db_def.go:659%!(EXTRA *mysql.MySQLError=Error 1292: Incorrect datetime value: '0000-00-00' for column 'starter_pack_bought_at' at row 1)
2021/02/02 19:19:12 [release] SQL ERROR:C:/Cavalry/server/src/db/db_def.go:659%!(EXTRA *mysql.MySQLError=Error 1292: Incorrect datetime value: '0000-00-00' for column 'starter_pack_bought_at' at row 1)
2021/02/02 19:19:12 [release] SQL ERROR:C:/Cavalry/server/src/db/db_def.go:659%!(EXTRA *mysql.MySQLError=Error 1292: Incorrect datetime value: '0000-00-00' for column 'starter_pack_bought_at' at row 1)
2021/02/02 19:19:12 [release] SQL ERROR:C:/Cavalry/server/src/db/db_def.go:659%!(EXTRA *mysql.MySQLError=Error 1292: Incorrect datetime value: '0000-00-00' for column 'starter_pack_bought_at' at row 1)
2021/02/02 19:19:12 [release] SQL ERROR:C:/Cavalry/server/src/db/db_def.go:659%!(EXTRA *mysql.MySQLError=Error 1292: Incorrect datetime value: '0000-00-00' for column 'starter_pack_bought_at' at row 1)
2021/02/02 19:19:12 [release] SQL ERROR:C:/Cavalry/server/src/db/db_def.go:659%!(EXTRA *mysql.MySQLError=Error 1292: Incorrect datetime value: '0000-00-00' for column 'starter_pack_bought_at' at row 1)
2021/02/02 19:19:12 [release] SQL ERROR:C:/Cavalry/server/src/db/db_def.go:659%!(EXTRA *mysql.MySQLError=Error 1292: Incorrect datetime value: '0000-00-00' for column 'starter_pack_bought_at' at row 1)
2021/02/02 19:19:12 [release] SQL ERROR:C:/Cavalry/server/src/db/db_def.go:659%!(EXTRA *mysql.MySQLError=Error 1292: Incorrect datetime value: '0000-00-00' for column 'starter_pack_bought_at' at row 1)
2021/02/02 19:19:12 [release] SQL ERROR:C:/Cavalry/server/src/db/db_def.go:659%!(EXTRA *mysql.MySQLError=Error 1292: Incorrect datetime value: '0000-00-00' for column 'last_activity_summon_at' at row 1)
2021/02/02 19:19:12 [release] SQL ERROR:C:/Cavalry/server/src/db/db_def.go:659%!(EXTRA *mysql.MySQLError=Error 1292: Incorrect datetime value: '0000-00-00' for column 'starter_pack_bought_at' at row 1)
2021/02/02 19:19:12 [release] SQL ERROR:C:/Cavalry/server/src/db/db_def.go:659%!(EXTRA *mysql.MySQLError=Error 1292: Incorrect datetime value: '0000-00-00' for column 'last_activity_summon_at' at row 1)
2021/02/02 19:19:12 [release] SQL ERROR:C:/Cavalry/server/src/db/db_def.go:659%!(EXTRA *mysql.MySQLError=Error 1292: Incorrect datetime value: '0000-00-00' for column 'starter_pack_bought_at' at row 1)
2021/02/02 19:19:12 [release] SQL ERROR:C:/Cavalry/server/src/db/db_def.go:659%!(EXTRA *mysql.MySQLError=Error 1292: Incorrect datetime value: '0000-00-00' for column 'starter_pack_bought_at' at row 1)
2021/02/02 19:19:12 [release] SQL ERROR:C:/Cavalry/server/src/db/db_def.go:659%!(EXTRA *mysql.MySQLError=Error 1292: Incorrect datetime value: '0000-00-00' for column 'starter_pack_bought_at' at row 1)
2021/02/02 19:19:12 [release] SQL ERROR:C:/Cavalry/server/src/db/db_def.go:659%!(EXTRA *mysql.MySQLError=Error 1292: Incorrect datetime value: '0000-00-00' for column 'starter_pack_bought_at' at row 1)
2021/02/02 19:19:12 [release] SQL ERROR:C:/Cavalry/server/src/db/db_def.go:659%!(EXTRA *mysql.MySQLError=Error 1292: Incorrect datetime value: '0000-00-00' for column 'last_activity_summon_at' at row 1)
2021/02/02 19:19:12 [release] SQL ERROR:C:/Cavalry/server/src/db/db_def.go:659%!(EXTRA *mysql.MySQLError=Error 1292: Incorrect datetime value: '0000-00-00' for column 'last_activity_summon_at' at row 1)
2021/02/02 19:19:12 [release] SQL ERROR:C:/Cavalry/server/src/db/db_def.go:659%!(EXTRA *mysql.MySQLError=Error 1292: Incorrect datetime value: '0000-00-00' for column 'starter_pack_bought_at' at row 1)
2021/02/02 19:19:12 [release] SQL ERROR:C:/Cavalry/server/src/db/db_def.go:659%!(EXTRA *mysql.MySQLError=Error 1292: Incorrect datetime value: '0000-00-00' for column 'starter_pack_bought_at' at row 1)
2021/02/02 19:19:12 [release] SQL ERROR:C:/Cavalry/server/src/db/db_def.go:659%!(EXTRA *mysql.MySQLError=Error 1292: Incorrect datetime value: '0000-00-00' for column 'starter_pack_bought_at' at row 1)
2021/02/02 19:19:12 [release] SQL ERROR:C:/Cavalry/server/src/db/db_def.go:659%!(EXTRA *mysql.MySQLError=Error 1292: Incorrect datetime value: '0000-00-00' for column 'starter_pack_bought_at' at row 1)
2021/02/02 19:19:12 [release] SQL ERROR:C:/Cavalry/server/src/db/db_def.go:659%!(EXTRA *mysql.MySQLError=Error 1292: Incorrect datetime value: '0000-00-00' for column 'starter_pack_bought_at' at row 1)
2021/02/02 19:19:12 [release] SQL ERROR:C:/Cavalry/server/src/db/db_def.go:659%!(EXTRA *mysql.MySQLError=Error 1292: Incorrect datetime value: '0000-00-00' for column 'last_activity_summon_at' at row 1)
2021/02/02 19:19:12 [release] SQL ERROR:C:/Cavalry/server/src/db/db_def.go:659%!(EXTRA *mysql.MySQLError=Error 1292: Incorrect datetime value: '0000-00-00' for column 'starter_pack_bought_at' at row 1)
2021/02/02 19:19:12 [release] SQL ERROR:C:/Cavalry/server/src/db/db_def.go:659%!(EXTRA *mysql.MySQLError=Error 1292: Incorrect datetime value: '0000-00-00' for column 'starter_pack_bought_at' at row 1)
2021/02/02 19:19:12 [release] SQL ERROR:C:/Cavalry/server/src/db/db_def.go:659%!(EXTRA *mysql.MySQLError=Error 1292: Incorrect datetime value: '0000-00-00' for column 'last_activity_summon_at' at row 1)
2021/02/02 19:19:12 [release] SQL ERROR:C:/Cavalry/server/src/db/db_def.go:659%!(EXTRA *mysql.MySQLError=Error 1292: Incorrect datetime value: '0000-00-00' for column 'starter_pack_bought_at' at row 1)
2021/02/02 19:19:12 [release] SQL ERROR:C:/Cavalry/server/src/db/db_def.go:659%!(EXTRA *mysql.MySQLError=Error 1292: Incorrect datetime value: '0000-00-00' for column 'starter_pack_bought_at' at row 1)
2021/02/02 19:19:12 [release] SQL ERROR:C:/Cavalry/server/src/db/db_def.go:659%!(EXTRA *mysql.MySQLError=Error 1292: Incorrect datetime value: '0000-00-00' for column 'starter_pack_bought_at' at row 1)
2021/02/02 19:19:12 [release] SQL ERROR:C:/Cavalry/server/src/db/db_def.go:659%!(EXTRA *mysql.MySQLError=Error 1292: Incorrect datetime value: '0000-00-00' for column 'last_activity_summon_at' at row 1)
2021/02/02 19:19:12 [release] SQL ERROR:C:/Cavalry/server/src/db/db_def.go:659%!(EXTRA *mysql.MySQLError=Error 1292: Incorrect datetime value: '0000-00-00' for column 'last_activity_summon_at' at row 1)
2021/02/02 19:19:12 [release] SQL ERROR:C:/Cavalry/server/src/db/db_def.go:659%!(EXTRA *mysql.MySQLError=Error 1292: Incorrect datetime value: '0000-00-00' for column 'starter_pack_bought_at' at row 1)
2021/02/02 19:19:12 [release] SQL ERROR:C:/Cavalry/server/src/db/db_def.go:659%!(EXTRA *mysql.MySQLError=Error 1292: Incorrect datetime value: '0000-00-00' for column 'last_activity_summon_at' at row 1)
2021/02/02 19:19:12 [release] SQL ERROR:C:/Cavalry/server/src/db/db_def.go:659%!(EXTRA *mysql.MySQLError=Error 1292: Incorrect datetime value: '0000-00-00' for column 'starter_pack_bought_at' at row 1)
2021/02/02 19:19:12 [release] SQL ERROR:C:/Cavalry/server/src/db/db_def.go:659%!(EXTRA *mysql.MySQLError=Error 1292: Incorrect datetime value: '0000-00-00' for column 'starter_pack_bought_at' at row 1)
2021/02/02 19:19:12 [release] SQL ERROR:C:/Cavalry/server/src/db/db_def.go:659%!(EXTRA *mysql.MySQLError=Error 1292: Incorrect datetime value: '0000-00-00' for column 'starter_pack_bought_at' at row 1)
2021/02/02 19:19:12 [release] SQL ERROR:C:/Cavalry/server/src/db/db_def.go:659%!(EXTRA *mysql.MySQLError=Error 1292: Incorrect datetime value: '0000-00-00' for column 'starter_pack_bought_at' at row 1)
2021/02/02 19:19:12 [release] SQL ERROR:C:/Cavalry/server/src/db/db_def.go:659%!(EXTRA *mysql.MySQLError=Error 1292: Incorrect datetime value: '0000-00-00' for column 'starter_pack_bought_at' at row 1)
2021/02/02 19:19:12 [release] SQL ERROR:C:/Cavalry/server/src/db/db_def.go:659%!(EXTRA *mysql.MySQLError=Error 1292: Incorrect datetime value: '0000-00-00' for column 'starter_pack_bought_at' at row 1)
2021/02/02 19:19:12 [release] SQL ERROR:C:/Cavalry/server/src/db/db_def.go:659%!(EXTRA *mysql.MySQLError=Error 1292: Incorrect datetime value: '0000-00-00' for column 'starter_pack_bought_at' at row 1)
2021/02/02 19:19:12 [release] SQL ERROR:C:/Cavalry/server/src/db/db_def.go:659%!(EXTRA *mysql.MySQLError=Error 1292: Incorrect datetime value: '0000-00-00' for column 'last_activity_summon_at' at row 1)
2021/02/02 19:19:12 [release] SQL ERROR:C:/Cavalry/server/src/db/db_def.go:659%!(EXTRA *mysql.MySQLError=Error 1292: Incorrect datetime value: '0000-00-00' for column 'starter_pack_bought_at' at row 1)
2021/02/02 19:19:12 [release] SQL ERROR:C:/Cavalry/server/src/db/db_def.go:659%!(EXTRA *mysql.MySQLError=Error 1292: Incorrect datetime value: '0000-00-00' for column 'starter_pack_bought_at' at row 1)
2021/02/02 19:19:12 [release] SQL ERROR:C:/Cavalry/server/src/db/db_def.go:659%!(EXTRA *mysql.MySQLError=Error 1292: Incorrect datetime value: '0000-00-00' for column 'last_activity_summon_at' at row 1)
2021/02/02 19:19:12 [release] SQL ERROR:C:/Cavalry/server/src/db/db_def.go:659%!(EXTRA *mysql.MySQLError=Error 1292: Incorrect datetime value: '0000-00-00' for column 'starter_pack_bought_at' at row 1)
2021/02/02 19:19:12 [release] SQL ERROR:C:/Cavalry/server/src/db/db_def.go:659%!(EXTRA *mysql.MySQLError=Error 1292: Incorrect datetime value: '0000-00-00' for column 'starter_pack_bought_at' at row 1)
2021/02/02 19:19:12 [release] SQL ERROR:C:/Cavalry/server/src/db/db_def.go:659%!(EXTRA *mysql.MySQLError=Error 1292: Incorrect datetime value: '0000-00-00' for column 'starter_pack_bought_at' at row 1)
2021/02/02 19:19:12 [release] SQL ERROR:C:/Cavalry/server/src/db/db_def.go:659%!(EXTRA *mysql.MySQLError=Error 1292: Incorrect datetime value: '0000-00-00' for column 'starter_pack_bought_at' at row 1)
2021/02/02 19:19:12 [release] SQL ERROR:C:/Cavalry/server/src/db/db_def.go:659%!(EXTRA *mysql.MySQLError=Error 1292: Incorrect datetime value: '0000-00-00' for column 'starter_pack_bought_at' at row 1)
2021/02/02 19:19:12 [release] SQL ERROR:C:/Cavalry/server/src/db/db_def.go:659%!(EXTRA *mysql.MySQLError=Error 1292: Incorrect datetime value: '0000-00-00' for column 'starter_pack_bought_at' at row 1)
2021/02/02 19:19:12 [release] SQL ERROR:C:/Cavalry/server/src/db/db_def.go:659%!(EXTRA *mysql.MySQLError=Error 1292: Incorrect datetime value: '0000-00-00' for column 'starter_pack_bought_at' at row 1)
2021/02/02 19:19:12 [release] SQL ERROR:C:/Cavalry/server/src/db/db_def.go:659%!(EXTRA *mysql.MySQLError=Error 1292: Incorrect datetime value: '0000-00-00' for column 'starter_pack_bought_at' at row 1)
2021/02/02 19:19:12 [release] SQL ERROR:C:/Cavalry/server/src/db/db_def.go:659%!(EXTRA *mysql.MySQLError=Error 1292: Incorrect datetime value: '0000-00-00' for column 'starter_pack_bought_at' at row 1)
2021/02/02 19:19:12 [release] SQL ERROR:C:/Cavalry/server/src/db/db_def.go:659%!(EXTRA *mysql.MySQLError=Error 1292: Incorrect datetime value: '0000-00-00' for column 'starter_pack_bought_at' at row 1)
2021/02/02 19:19:12 [release] SQL ERROR:C:/Cavalry/server/src/db/db_def.go:659%!(EXTRA *mysql.MySQLError=Error 1292: Incorrect datetime value: '0000-00-00' for column 'starter_pack_bought_at' at row 1)
2021/02/02 19:19:12 [release] SQL ERROR:C:/Cavalry/server/src/db/db_def.go:659%!(EXTRA *mysql.MySQLError=Error 1292: Incorrect datetime value: '0000-00-00' for column 'starter_pack_bought_at' at row 1)
2021/02/02 19:19:12 [release] SQL ERROR:C:/Cavalry/server/src/db/db_def.go:659%!(EXTRA *mysql.MySQLError=Error 1292: Incorrect datetime value: '0000-00-00' for column 'last_activity_summon_at' at row 1)
2021/02/02 19:19:12 [release] SQL ERROR:C:/Cavalry/server/src/db/db_def.go:659%!(EXTRA *mysql.MySQLError=Error 1292: Incorrect datetime value: '0000-00-00' for column 'starter_pack_bought_at' at row 1)
2021/02/02 19:19:12 [release] SQL ERROR:C:/Cavalry/server/src/db/db_def.go:659%!(EXTRA *mysql.MySQLError=Error 1292: Incorrect datetime value: '0000-00-00' for column 'last_activity_summon_at' at row 1)
2021/02/02 19:19:12 [release] SQL ERROR:C:/Cavalry/server/src/db/db_def.go:659%!(EXTRA *mysql.MySQLError=Error 1292: Incorrect datetime value: '0000-00-00' for column 'starter_pack_bought_at' at row 1)
2021/02/02 19:19:12 [release] SQL ERROR:C:/Cavalry/server/src/db/db_def.go:659%!(EXTRA *mysql.MySQLError=Error 1292: Incorrect datetime value: '0000-00-00' for column 'last_activity_summon_at' at row 1)
2021/02/02 19:19:12 [release] SQL ERROR:C:/Cavalry/server/src/db/db_def.go:659%!(EXTRA *mysql.MySQLError=Error 1292: Incorrect datetime value: '0000-00-00' for column 'starter_pack_bought_at' at row 1)
2021/02/02 19:19:12 [release] SQL ERROR:C:/Cavalry/server/src/db/db_def.go:659%!(EXTRA *mysql.MySQLError=Error 1292: Incorrect datetime value: '0000-00-00' for column 'starter_pack_bought_at' at row 1)
2021/02/02 19:19:12 [release] SQL ERROR:C:/Cavalry/server/src/db/db_def.go:659%!(EXTRA *mysql.MySQLError=Error 1292: Incorrect datetime value: '0000-00-00' for column 'starter_pack_bought_at' at row 1)
2021/02/02 19:19:12 [release] SQL ERROR:C:/Cavalry/server/src/db/db_def.go:659%!(EXTRA *mysql.MySQLError=Error 1292: Incorrect datetime value: '0000-00-00' for column 'starter_pack_bought_at' at row 1)
2021/02/02 19:19:12 [release] SQL ERROR:C:/Cavalry/server/src/db/db_def.go:659%!(EXTRA *mysql.MySQLError=Error 1292: Incorrect datetime value: '0000-00-00' for column 'starter_pack_bought_at' at row 1)
2021/02/02 19:19:12 [release] SQL ERROR:C:/Cavalry/server/src/db/db_def.go:659%!(EXTRA *mysql.MySQLError=Error 1292: Incorrect datetime value: '0000-00-00' for column 'starter_pack_bought_at' at row 1)
2021/02/02 19:19:12 [release] SQL ERROR:C:/Cavalry/server/src/db/db_def.go:659%!(EXTRA *mysql.MySQLError=Error 1292: Incorrect datetime value: '0000-00-00' for column 'last_activity_summon_at' at row 1)
2021/02/02 19:19:12 [release] SQL ERROR:C:/Cavalry/server/src/db/db_def.go:659%!(EXTRA *mysql.MySQLError=Error 1292: Incorrect datetime value: '0000-00-00' for column 'starter_pack_bought_at' at row 1)
2021/02/02 19:19:12 [release] SQL ERROR:C:/Cavalry/server/src/db/db_def.go:659%!(EXTRA *mysql.MySQLError=Error 1292: Incorrect datetime value: '0000-00-00' for column 'starter_pack_bought_at' at row 1)
2021/02/02 19:19:12 [release] SQL ERROR:C:/Cavalry/server/src/db/db_def.go:659%!(EXTRA *mysql.MySQLError=Error 1292: Incorrect datetime value: '0000-00-00' for column 'last_activity_summon_at' at row 1)
2021/02/02 19:19:12 [release] SQL ERROR:C:/Cavalry/server/src/db/db_def.go:659%!(EXTRA *mysql.MySQLError=Error 1292: Incorrect datetime value: '0000-00-00' for column 'starter_pack_bought_at' at row 1)
2021/02/02 19:19:12 [release] SQL ERROR:C:/Cavalry/server/src/db/db_def.go:659%!(EXTRA *mysql.MySQLError=Error 1292: Incorrect datetime value: '0000-00-00' for column 'starter_pack_bought_at' at row 1)
2021/02/02 19:19:12 [release] SQL ERROR:C:/Cavalry/server/src/db/db_def.go:659%!(EXTRA *mysql.MySQLError=Error 1292: Incorrect datetime value: '0000-00-00' for column 'last_activity_summon_at' at row 1)
2021/02/02 19:19:12 [release] SQL ERROR:C:/Cavalry/server/src/db/db_def.go:659%!(EXTRA *mysql.MySQLError=Error 1292: Incorrect datetime value: '0000-00-00' for column 'starter_pack_bought_at' at row 1)
2021/02/02 19:19:12 [release] SQL ERROR:C:/Cavalry/server/src/db/db_def.go:659%!(EXTRA *mysql.MySQLError=Error 1292: Incorrect datetime value: '0000-00-00' for column 'starter_pack_bought_at' at row 1)
2021/02/02 19:19:12 [release] SQL ERROR:C:/Cavalry/server/src/db/db_def.go:659%!(EXTRA *mysql.MySQLError=Error 1292: Incorrect datetime value: '0000-00-00' for column 'starter_pack_bought_at' at row 1)
2021/02/02 19:19:12 [release] SQL ERROR:C:/Cavalry/server/src/db/db_def.go:659%!(EXTRA *mysql.MySQLError=Error 1292: Incorrect datetime value: '0000-00-00' for column 'starter_pack_bought_at' at row 1)
2021/02/02 19:19:12 [release] SQL ERROR:C:/Cavalry/server/src/db/db_def.go:659%!(EXTRA *mysql.MySQLError=Error 1292: Incorrect datetime value: '0000-00-00' for column 'starter_pack_bought_at' at row 1)
2021/02/02 19:19:12 [release] SQL ERROR:C:/Cavalry/server/src/db/db_def.go:659%!(EXTRA *mysql.MySQLError=Error 1292: Incorrect datetime value: '0000-00-00' for column 'starter_pack_bought_at' at row 1)
2021/02/02 19:19:12 [release] SQL ERROR:C:/Cavalry/server/src/db/db_def.go:659%!(EXTRA *mysql.MySQLError=Error 1292: Incorrect datetime value: '0000-00-00' for column 'last_activity_summon_at' at row 1)
2021/02/02 19:19:12 [release] SQL ERROR:C:/Cavalry/server/src/db/db_def.go:659%!(EXTRA *mysql.MySQLError=Error 1292: Incorrect datetime value: '0000-00-00' for column 'starter_pack_bought_at' at row 1)
2021/02/02 19:19:12 [release] SQL ERROR:C:/Cavalry/server/src/db/db_def.go:659%!(EXTRA *mysql.MySQLError=Error 1292: Incorrect datetime value: '0000-00-00' for column 'starter_pack_bought_at' at row 1)
2021/02/02 19:19:12 [release] SQL ERROR:C:/Cavalry/server/src/db/db_def.go:659%!(EXTRA *mysql.MySQLError=Error 1292: Incorrect datetime value: '0000-00-00' for column 'starter_pack_bought_at' at row 1)
2021/02/02 19:19:12 [release] SQL ERROR:C:/Cavalry/server/src/db/db_def.go:659%!(EXTRA *mysql.MySQLError=Error 1292: Incorrect datetime value: '0000-00-00' for column 'starter_pack_bought_at' at row 1)
2021/02/02 19:19:12 [release] SQL ERROR:C:/Cavalry/server/src/db/db_def.go:659%!(EXTRA *mysql.MySQLError=Error 1292: Incorrect datetime value: '0000-00-00' for column 'starter_pack_bought_at' at row 1)
2021/02/02 19:19:12 [release] SQL ERROR:C:/Cavalry/server/src/db/db_def.go:659%!(EXTRA *mysql.MySQLError=Error 1292: Incorrect datetime value: '0000-00-00' for column 'starter_pack_bought_at' at row 1)
2021/02/02 19:19:12 [release] SQL ERROR:C:/Cavalry/server/src/db/db_def.go:659%!(EXTRA *mysql.MySQLError=Error 1292: Incorrect datetime value: '0000-00-00' for column 'last_activity_summon_at' at row 1)
2021/02/02 19:19:12 [release] SQL ERROR:C:/Cavalry/server/src/db/db_def.go:659%!(EXTRA *mysql.MySQLError=Error 1292: Incorrect datetime value: '0000-00-00' for column 'starter_pack_bought_at' at row 1)
2021/02/02 19:19:12 [release] SQL ERROR:C:/Cavalry/server/src/db/db_def.go:659%!(EXTRA *mysql.MySQLError=Error 1292: Incorrect datetime value: '0000-00-00' for column 'starter_pack_bought_at' at row 1)
2021/02/02 19:19:12 [release] SQL ERROR:C:/Cavalry/server/src/db/db_def.go:659%!(EXTRA *mysql.MySQLError=Error 1292: Incorrect datetime value: '0000-00-00' for column 'starter_pack_bought_at' at row 1)
2021/02/02 19:19:12 [release] SQL ERROR:C:/Cavalry/server/src/db/db_def.go:659%!(EXTRA *mysql.MySQLError=Error 1292: Incorrect datetime value: '0000-00-00' for column 'starter_pack_bought_at' at row 1)
2021/02/02 19:19:12 [release] SQL ERROR:C:/Cavalry/server/src/db/db_def.go:659%!(EXTRA *mysql.MySQLError=Error 1292: Incorrect datetime value: '0000-00-00' for column 'starter_pack_bought_at' at row 1)
2021/02/02 19:19:12 [release] SQL ERROR:C:/Cavalry/server/src/db/db_def.go:659%!(EXTRA *mysql.MySQLError=Error 1292: Incorrect datetime value: '0000-00-00' for column 'starter_pack_bought_at' at row 1)
2021/02/02 19:19:12 [release] SQL ERROR:C:/Cavalry/server/src/db/db_def.go:659%!(EXTRA *mysql.MySQLError=Error 1292: Incorrect datetime value: '0000-00-00' for column 'starter_pack_bought_at' at row 1)
2021/02/02 19:19:12 [release] SQL ERROR:C:/Cavalry/server/src/db/db_def.go:659%!(EXTRA *mysql.MySQLError=Error 1292: Incorrect datetime value: '0000-00-00' for column 'starter_pack_bought_at' at row 1)
2021/02/02 19:19:12 [release] SQL ERROR:C:/Cavalry/server/src/db/db_def.go:659%!(EXTRA *mysql.MySQLError=Error 1292: Incorrect datetime value: '0000-00-00' for column 'starter_pack_bought_at' at row 1)
2021/02/02 19:19:12 [release] SQL ERROR:C:/Cavalry/server/src/db/db_def.go:659%!(EXTRA *mysql.MySQLError=Error 1292: Incorrect datetime value: '0000-00-00' for column 'last_activity_summon_at' at row 1)
2021/02/02 19:19:12 [release] SQL ERROR:C:/Cavalry/server/src/db/db_def.go:659%!(EXTRA *mysql.MySQLError=Error 1292: Incorrect datetime value: '0000-00-00' for column 'last_activity_summon_at' at row 1)
2021/02/02 19:19:12 [release] SQL ERROR:C:/Cavalry/server/src/db/db_def.go:659%!(EXTRA *mysql.MySQLError=Error 1292: Incorrect datetime value: '0000-00-00' for column 'starter_pack_bought_at' at row 1)
2021/02/02 19:19:12 [release] SQL ERROR:C:/Cavalry/server/src/db/db_def.go:659%!(EXTRA *mysql.MySQLError=Error 1292: Incorrect datetime value: '0000-00-00' for column 'starter_pack_bought_at' at row 1)
2021/02/02 19:19:12 [release] SQL ERROR:C:/Cavalry/server/src/db/db_def.go:659%!(EXTRA *mysql.MySQLError=Error 1292: Incorrect datetime value: '0000-00-00' for column 'starter_pack_bought_at' at row 1)
2021/02/02 19:19:12 [release] SQL ERROR:C:/Cavalry/server/src/db/db_def.go:659%!(EXTRA *mysql.MySQLError=Error 1292: Incorrect datetime value: '0000-00-00' for column 'last_activity_summon_at' at row 1)
2021/02/02 19:19:12 [release] SQL ERROR:C:/Cavalry/server/src/db/db_def.go:659%!(EXTRA *mysql.MySQLError=Error 1292: Incorrect datetime value: '0000-00-00' for column 'starter_pack_bought_at' at row 1)
2021/02/02 19:19:12 [release] SQL ERROR:C:/Cavalry/server/src/db/db_def.go:659%!(EXTRA *mysql.MySQLError=Error 1292: Incorrect datetime value: '0000-00-00' for column 'starter_pack_bought_at' at row 1)
2021/02/02 19:19:12 [release] SQL ERROR:C:/Cavalry/server/src/db/db_def.go:659%!(EXTRA *mysql.MySQLError=Error 1292: Incorrect datetime value: '0000-00-00' for column 'starter_pack_bought_at' at row 1)
2021/02/02 19:19:12 [release] SQL ERROR:C:/Cavalry/server/src/db/db_def.go:659%!(EXTRA *mysql.MySQLError=Error 1292: Incorrect datetime value: '0000-00-00' for column 'starter_pack_bought_at' at row 1)
2021/02/02 19:19:12 [release] SQL ERROR:C:/Cavalry/server/src/db/db_def.go:659%!(EXTRA *mysql.MySQLError=Error 1292: Incorrect datetime value: '0000-00-00' for column 'starter_pack_bought_at' at row 1)
2021/02/02 19:19:12 [release] SQL ERROR:C:/Cavalry/server/src/db/db_def.go:659%!(EXTRA *mysql.MySQLError=Error 1292: Incorrect datetime value: '0000-00-00' for column 'starter_pack_bought_at' at row 1)
2021/02/02 19:19:12 [release] SQL ERROR:C:/Cavalry/server/src/db/db_def.go:659%!(EXTRA *mysql.MySQLError=Error 1292: Incorrect datetime value: '0000-00-00' for column 'starter_pack_bought_at' at row 1)
2021/02/02 19:19:12 [release] SQL ERROR:C:/Cavalry/server/src/db/db_def.go:659%!(EXTRA *mysql.MySQLError=Error 1292: Incorrect datetime value: '0000-00-00' for column 'starter_pack_bought_at' at row 1)
2021/02/02 19:19:12 [release] SQL ERROR:C:/Cavalry/server/src/db/db_def.go:659%!(EXTRA *mysql.MySQLError=Error 1292: Incorrect datetime value: '0000-00-00' for column 'last_activity_summon_at' at row 1)
2021/02/02 19:19:12 [release] SQL ERROR:C:/Cavalry/server/src/db/db_def.go:659%!(EXTRA *mysql.MySQLError=Error 1292: Incorrect datetime value: '0000-00-00' for column 'starter_pack_bought_at' at row 1)
2021/02/02 19:19:12 [release] SQL ERROR:C:/Cavalry/server/src/db/db_def.go:659%!(EXTRA *mysql.MySQLError=Error 1292: Incorrect datetime value: '0000-00-00' for column 'starter_pack_bought_at' at row 1)
2021/02/02 19:19:12 [release] SQL ERROR:C:/Cavalry/server/src/db/db_def.go:659%!(EXTRA *mysql.MySQLError=Error 1292: Incorrect datetime value: '0000-00-00' for column 'starter_pack_bought_at' at row 1)
2021/02/02 19:19:12 [release] SQL ERROR:C:/Cavalry/server/src/db/db_def.go:659%!(EXTRA *mysql.MySQLError=Error 1292: Incorrect datetime value: '0000-00-00' for column 'starter_pack_bought_at' at row 1)
2021/02/02 19:19:12 [release] SQL ERROR:C:/Cavalry/server/src/db/db_def.go:659%!(EXTRA *mysql.MySQLError=Error 1292: Incorrect datetime value: '0000-00-00' for column 'starter_pack_bought_at' at row 1)
2021/02/02 19:19:12 [release] SQL ERROR:C:/Cavalry/server/src/db/db_def.go:659%!(EXTRA *mysql.MySQLError=Error 1292: Incorrect datetime value: '0000-00-00' for column 'starter_pack_bought_at' at row 1)
2021/02/02 19:19:12 [release] SQL ERROR:C:/Cavalry/server/src/db/db_def.go:659%!(EXTRA *mysql.MySQLError=Error 1292: Incorrect datetime value: '0000-00-00' for column 'starter_pack_bought_at' at row 1)
2021/02/02 19:19:12 [release] SQL ERROR:C:/Cavalry/server/src/db/db_def.go:659%!(EXTRA *mysql.MySQLError=Error 1292: Incorrect datetime value: '0000-00-00' for column 'starter_pack_bought_at' at row 1)
2021/02/02 19:19:12 [release] SQL ERROR:C:/Cavalry/server/src/db/db_def.go:659%!(EXTRA *mysql.MySQLError=Error 1292: Incorrect datetime value: '0000-00-00' for column 'starter_pack_bought_at' at row 1)
2021/02/02 19:19:12 [release] SQL ERROR:C:/Cavalry/server/src/db/db_def.go:659%!(EXTRA *mysql.MySQLError=Error 1292: Incorrect datetime value: '0000-00-00' for column 'last_activity_summon_at' at row 1)
2021/02/02 19:19:12 [release] SQL ERROR:C:/Cavalry/server/src/db/db_def.go:659%!(EXTRA *mysql.MySQLError=Error 1292: Incorrect datetime value: '0000-00-00' for column 'starter_pack_bought_at' at row 1)
2021/02/02 19:19:12 [release] SQL ERROR:C:/Cavalry/server/src/db/db_def.go:659%!(EXTRA *mysql.MySQLError=Error 1292: Incorrect datetime value: '0000-00-00' for column 'starter_pack_bought_at' at row 1)
2021/02/02 19:19:12 [release] SQL ERROR:C:/Cavalry/server/src/db/db_def.go:659%!(EXTRA *mysql.MySQLError=Error 1292: Incorrect datetime value: '0000-00-00' for column 'last_activity_summon_at' at row 1)
2021/02/02 19:19:12 [release] SQL ERROR:C:/Cavalry/server/src/db/db_def.go:659%!(EXTRA *mysql.MySQLError=Error 1292: Incorrect datetime value: '0000-00-00' for column 'starter_pack_bought_at' at row 1)
2021/02/02 19:19:12 [release] SQL ERROR:C:/Cavalry/server/src/db/db_def.go:659%!(EXTRA *mysql.MySQLError=Error 1292: Incorrect datetime value: '0000-00-00' for column 'starter_pack_bought_at' at row 1)
2021/02/02 19:19:12 [release] SQL ERROR:C:/Cavalry/server/src/db/db_def.go:659%!(EXTRA *mysql.MySQLError=Error 1292: Incorrect datetime value: '0000-00-00' for column 'starter_pack_bought_at' at row 1)
2021/02/02 19:19:12 [release] SQL ERROR:C:/Cavalry/server/src/db/db_def.go:659%!(EXTRA *mysql.MySQLError=Error 1292: Incorrect datetime value: '0000-00-00' for column 'starter_pack_bought_at' at row 1)
2021/02/02 19:19:12 [release] SQL ERROR:C:/Cavalry/server/src/db/db_def.go:659%!(EXTRA *mysql.MySQLError=Error 1292: Incorrect datetime value: '0000-00-00' for column 'starter_pack_bought_at' at row 1)
2021/02/02 19:19:12 [release] SQL ERROR:C:/Cavalry/server/src/db/db_def.go:659%!(EXTRA *mysql.MySQLError=Error 1292: Incorrect datetime value: '0000-00-00' for column 'last_activity_summon_at' at row 1)
2021/02/02 19:19:12 [release] SQL ERROR:C:/Cavalry/server/src/db/db_def.go:659%!(EXTRA *mysql.MySQLError=Error 1292: Incorrect datetime value: '0000-00-00' for column 'starter_pack_bought_at' at row 1)
2021/02/02 19:19:12 [release] SQL ERROR:C:/Cavalry/server/src/db/db_def.go:659%!(EXTRA *mysql.MySQLError=Error 1292: Incorrect datetime value: '0000-00-00' for column 'last_activity_summon_at' at row 1)
2021/02/02 19:19:12 [release] SQL ERROR:C:/Cavalry/server/src/db/db_def.go:659%!(EXTRA *mysql.MySQLError=Error 1292: Incorrect datetime value: '0000-00-00' for column 'starter_pack_bought_at' at row 1)
2021/02/02 19:19:12 [release] SQL ERROR:C:/Cavalry/server/src/db/db_def.go:659%!(EXTRA *mysql.MySQLError=Error 1292: Incorrect datetime value: '0000-00-00' for column 'last_activity_summon_at' at row 1)
2021/02/02 19:19:12 [release] SQL ERROR:C:/Cavalry/server/src/db/db_def.go:659%!(EXTRA *mysql.MySQLError=Error 1292: Incorrect datetime value: '0000-00-00' for column 'starter_pack_bought_at' at row 1)
2021/02/02 19:19:12 [release] SQL ERROR:C:/Cavalry/server/src/db/db_def.go:659%!(EXTRA *mysql.MySQLError=Error 1292: Incorrect datetime value: '0000-00-00' for column 'starter_pack_bought_at' at row 1)
2021/02/02 19:19:12 [release] SQL ERROR:C:/Cavalry/server/src/db/db_def.go:659%!(EXTRA *mysql.MySQLError=Error 1292: Incorrect datetime value: '0000-00-00' for column 'starter_pack_bought_at' at row 1)
2021/02/02 19:19:12 [release] SQL ERROR:C:/Cavalry/server/src/db/db_def.go:659%!(EXTRA *mysql.MySQLError=Error 1292: Incorrect datetime value: '0000-00-00' for column 'last_activity_summon_at' at row 1)
2021/02/02 19:19:12 [release] SQL ERROR:C:/Cavalry/server/src/db/db_def.go:659%!(EXTRA *mysql.MySQLError=Error 1292: Incorrect datetime value: '0000-00-00' for column 'starter_pack_bought_at' at row 1)
2021/02/02 19:19:12 [release] SQL ERROR:C:/Cavalry/server/src/db/db_def.go:659%!(EXTRA *mysql.MySQLError=Error 1292: Incorrect datetime value: '0000-00-00' for column 'starter_pack_bought_at' at row 1)
2021/02/02 19:19:12 [release] SQL ERROR:C:/Cavalry/server/src/db/db_def.go:659%!(EXTRA *mysql.MySQLError=Error 1292: Incorrect datetime value: '0000-00-00' for column 'starter_pack_bought_at' at row 1)
2021/02/02 19:19:12 [release] SQL ERROR:C:/Cavalry/server/src/db/db_def.go:659%!(EXTRA *mysql.MySQLError=Error 1292: Incorrect datetime value: '0000-00-00' for column 'starter_pack_bought_at' at row 1)
2021/02/02 19:19:12 [release] SQL ERROR:C:/Cavalry/server/src/db/db_def.go:659%!(EXTRA *mysql.MySQLError=Error 1292: Incorrect datetime value: '0000-00-00' for column 'starter_pack_bought_at' at row 1)
2021/02/02 19:19:12 [release] SQL ERROR:C:/Cavalry/server/src/db/db_def.go:659%!(EXTRA *mysql.MySQLError=Error 1292: Incorrect datetime value: '0000-00-00' for column 'last_activity_summon_at' at row 1)
2021/02/02 19:19:12 [release] SQL ERROR:C:/Cavalry/server/src/db/db_def.go:659%!(EXTRA *mysql.MySQLError=Error 1292: Incorrect datetime value: '0000-00-00' for column 'starter_pack_bought_at' at row 1)
2021/02/02 19:19:12 [release] SQL ERROR:C:/Cavalry/server/src/db/db_def.go:659%!(EXTRA *mysql.MySQLError=Error 1292: Incorrect datetime value: '0000-00-00' for column 'starter_pack_bought_at' at row 1)
2021/02/02 19:19:12 [release] SQL ERROR:C:/Cavalry/server/src/db/db_def.go:659%!(EXTRA *mysql.MySQLError=Error 1292: Incorrect datetime value: '0000-00-00' for column 'starter_pack_bought_at' at row 1)
2021/02/02 19:19:12 [release] SQL ERROR:C:/Cavalry/server/src/db/db_def.go:659%!(EXTRA *mysql.MySQLError=Error 1292: Incorrect datetime value: '0000-00-00' for column 'starter_pack_bought_at' at row 1)
2021/02/02 19:19:12 [release] SQL ERROR:C:/Cavalry/server/src/db/db_def.go:659%!(EXTRA *mysql.MySQLError=Error 1292: Incorrect datetime value: '0000-00-00' for column 'starter_pack_bought_at' at row 1)
2021/02/02 19:19:12 [release] SQL ERROR:C:/Cavalry/server/src/db/db_def.go:659%!(EXTRA *mysql.MySQLError=Error 1292: Incorrect datetime value: '0000-00-00' for column 'starter_pack_bought_at' at row 1)
2021/02/02 19:19:12 [release] SQL ERROR:C:/Cavalry/server/src/db/db_def.go:659%!(EXTRA *mysql.MySQLError=Error 1292: Incorrect datetime value: '0000-00-00' for column 'starter_pack_bought_at' at row 1)
2021/02/02 19:19:12 [release] SQL ERROR:C:/Cavalry/server/src/db/db_def.go:659%!(EXTRA *mysql.MySQLError=Error 1292: Incorrect datetime value: '0000-00-00' for column 'last_activity_summon_at' at row 1)
2021/02/02 19:19:12 [release] SQL ERROR:C:/Cavalry/server/src/db/db_def.go:659%!(EXTRA *mysql.MySQLError=Error 1292: Incorrect datetime value: '0000-00-00' for column 'last_activity_summon_at' at row 1)
2021/02/02 19:19:12 [release] SQL ERROR:C:/Cavalry/server/src/db/db_def.go:659%!(EXTRA *mysql.MySQLError=Error 1292: Incorrect datetime value: '0000-00-00' for column 'starter_pack_bought_at' at row 1)
2021/02/02 19:19:12 [release] SQL ERROR:C:/Cavalry/server/src/db/db_def.go:659%!(EXTRA *mysql.MySQLError=Error 1292: Incorrect datetime value: '0000-00-00' for column 'starter_pack_bought_at' at row 1)
2021/02/02 19:19:12 [release] SQL ERROR:C:/Cavalry/server/src/db/db_def.go:659%!(EXTRA *mysql.MySQLError=Error 1292: Incorrect datetime value: '0000-00-00' for column 'starter_pack_bought_at' at row 1)
2021/02/02 19:19:12 [release] SQL ERROR:C:/Cavalry/server/src/db/db_def.go:659%!(EXTRA *mysql.MySQLError=Error 1292: Incorrect datetime value: '0000-00-00' for column 'starter_pack_bought_at' at row 1)
2021/02/02 19:19:12 [release] SQL ERROR:C:/Cavalry/server/src/db/db_def.go:659%!(EXTRA *mysql.MySQLError=Error 1292: Incorrect datetime value: '0000-00-00' for column 'starter_pack_bought_at' at row 1)
2021/02/02 19:19:12 [release] SQL ERROR:C:/Cavalry/server/src/db/db_def.go:659%!(EXTRA *mysql.MySQLError=Error 1292: Incorrect datetime value: '0000-00-00' for column 'starter_pack_bought_at' at row 1)
2021/02/02 19:19:12 [release] SQL ERROR:C:/Cavalry/server/src/db/db_def.go:659%!(EXTRA *mysql.MySQLError=Error 1292: Incorrect datetime value: '0000-00-00' for column 'starter_pack_bought_at' at row 1)
2021/02/02 19:19:12 [release] SQL ERROR:C:/Cavalry/server/src/db/db_def.go:659%!(EXTRA *mysql.MySQLError=Error 1292: Incorrect datetime value: '0000-00-00' for column 'starter_pack_bought_at' at row 1)
2021/02/02 19:19:12 [release] SQL ERROR:C:/Cavalry/server/src/db/db_def.go:659%!(EXTRA *mysql.MySQLError=Error 1292: Incorrect datetime value: '0000-00-00' for column 'starter_pack_bought_at' at row 1)
2021/02/02 19:19:12 [release] SQL ERROR:C:/Cavalry/server/src/db/db_def.go:659%!(EXTRA *mysql.MySQLError=Error 1292: Incorrect datetime value: '0000-00-00' for column 'last_activity_summon_at' at row 1)
2021/02/02 19:19:12 [release] SQL ERROR:C:/Cavalry/server/src/db/db_def.go:659%!(EXTRA *mysql.MySQLError=Error 1292: Incorrect datetime value: '0000-00-00' for column 'starter_pack_bought_at' at row 1)
2021/02/02 19:19:12 [release] SQL ERROR:C:/Cavalry/server/src/db/db_def.go:659%!(EXTRA *mysql.MySQLError=Error 1292: Incorrect datetime value: '0000-00-00' for column 'starter_pack_bought_at' at row 1)
2021/02/02 19:19:12 [release] SQL ERROR:C:/Cavalry/server/src/db/db_def.go:659%!(EXTRA *mysql.MySQLError=Error 1292: Incorrect datetime value: '0000-00-00' for column 'starter_pack_bought_at' at row 1)
2021/02/02 19:19:12 [release] SQL ERROR:C:/Cavalry/server/src/db/db_def.go:659%!(EXTRA *mysql.MySQLError=Error 1292: Incorrect datetime value: '0000-00-00' for column 'starter_pack_bought_at' at row 1)
2021/02/02 19:19:12 [release] SQL ERROR:C:/Cavalry/server/src/db/db_def.go:659%!(EXTRA *mysql.MySQLError=Error 1292: Incorrect datetime value: '0000-00-00' for column 'starter_pack_bought_at' at row 1)
2021/02/02 19:19:12 [release] SQL ERROR:C:/Cavalry/server/src/db/db_def.go:659%!(EXTRA *mysql.MySQLError=Error 1292: Incorrect datetime value: '0000-00-00' for column 'last_activity_summon_at' at row 1)
2021/02/02 19:19:12 [release] SQL ERROR:C:/Cavalry/server/src/db/db_def.go:659%!(EXTRA *mysql.MySQLError=Error 1292: Incorrect datetime value: '0000-00-00' for column 'starter_pack_bought_at' at row 1)
2021/02/02 19:19:12 [release] SQL ERROR:C:/Cavalry/server/src/db/db_def.go:659%!(EXTRA *mysql.MySQLError=Error 1292: Incorrect datetime value: '0000-00-00' for column 'starter_pack_bought_at' at row 1)
2021/02/02 19:19:12 [release] SQL ERROR:C:/Cavalry/server/src/db/db_def.go:659%!(EXTRA *mysql.MySQLError=Error 1292: Incorrect datetime value: '0000-00-00' for column 'starter_pack_bought_at' at row 1)
2021/02/02 19:19:12 [release] SQL ERROR:C:/Cavalry/server/src/db/db_def.go:659%!(EXTRA *mysql.MySQLError=Error 1292: Incorrect datetime value: '0000-00-00' for column 'last_activity_summon_at' at row 1)
2021/02/02 19:19:12 [release] SQL ERROR:C:/Cavalry/server/src/db/db_def.go:659%!(EXTRA *mysql.MySQLError=Error 1292: Incorrect datetime value: '0000-00-00' for column 'starter_pack_bought_at' at row 1)
2021/02/02 19:19:12 [release] SQL ERROR:C:/Cavalry/server/src/db/db_def.go:659%!(EXTRA *mysql.MySQLError=Error 1292: Incorrect datetime value: '0000-00-00' for column 'starter_pack_bought_at' at row 1)
2021/02/02 19:19:12 [release] SQL ERROR:C:/Cavalry/server/src/db/db_def.go:659%!(EXTRA *mysql.MySQLError=Error 1292: Incorrect datetime value: '0000-00-00' for column 'starter_pack_bought_at' at row 1)
2021/02/02 19:19:12 [release] SQL ERROR:C:/Cavalry/server/src/db/db_def.go:659%!(EXTRA *mysql.MySQLError=Error 1292: Incorrect datetime value: '0000-00-00' for column 'last_activity_summon_at' at row 1)
2021/02/02 19:19:12 [release] SQL ERROR:C:/Cavalry/server/src/db/db_def.go:659%!(EXTRA *mysql.MySQLError=Error 1292: Incorrect datetime value: '0000-00-00' for column 'starter_pack_bought_at' at row 1)
2021/02/02 19:19:12 [release] SQL ERROR:C:/Cavalry/server/src/db/db_def.go:659%!(EXTRA *mysql.MySQLError=Error 1292: Incorrect datetime value: '0000-00-00' for column 'starter_pack_bought_at' at row 1)
2021/02/02 19:19:12 [release] SQL ERROR:C:/Cavalry/server/src/db/db_def.go:659%!(EXTRA *mysql.MySQLError=Error 1292: Incorrect datetime value: '0000-00-00' for column 'starter_pack_bought_at' at row 1)
2021/02/02 19:19:12 [release] SQL ERROR:C:/Cavalry/server/src/db/db_def.go:659%!(EXTRA *mysql.MySQLError=Error 1292: Incorrect datetime value: '0000-00-00' for column 'starter_pack_bought_at' at row 1)
2021/02/02 19:19:12 [release] SQL ERROR:C:/Cavalry/server/src/db/db_def.go:659%!(EXTRA *mysql.MySQLError=Error 1292: Incorrect datetime value: '0000-00-00' for column 'last_activity_summon_at' at row 1)
2021/02/02 19:19:12 [release] SQL ERROR:C:/Cavalry/server/src/db/db_def.go:659%!(EXTRA *mysql.MySQLError=Error 1292: Incorrect datetime value: '0000-00-00' for column 'starter_pack_bought_at' at row 1)
2021/02/02 19:19:12 [release] SQL ERROR:C:/Cavalry/server/src/db/db_def.go:659%!(EXTRA *mysql.MySQLError=Error 1292: Incorrect datetime value: '0000-00-00' for column 'starter_pack_bought_at' at row 1)
2021/02/02 19:19:12 [release] SQL ERROR:C:/Cavalry/server/src/db/db_def.go:659%!(EXTRA *mysql.MySQLError=Error 1292: Incorrect datetime value: '0000-00-00' for column 'last_activity_summon_at' at row 1)
2021/02/02 19:19:12 [release] SQL ERROR:C:/Cavalry/server/src/db/db_def.go:659%!(EXTRA *mysql.MySQLError=Error 1292: Incorrect datetime value: '0000-00-00' for column 'last_activity_summon_at' at row 1)
2021/02/02 19:19:12 [release] SQL ERROR:C:/Cavalry/server/src/db/db_def.go:659%!(EXTRA *mysql.MySQLError=Error 1292: Incorrect datetime value: '0000-00-00' for column 'starter_pack_bought_at' at row 1)
2021/02/02 19:19:12 [release] SQL ERROR:C:/Cavalry/server/src/db/db_def.go:659%!(EXTRA *mysql.MySQLError=Error 1292: Incorrect datetime value: '0000-00-00' for column 'starter_pack_bought_at' at row 1)
2021/02/02 19:19:12 [release] SQL ERROR:C:/Cavalry/server/src/db/db_def.go:659%!(EXTRA *mysql.MySQLError=Error 1292: Incorrect datetime value: '0000-00-00' for column 'starter_pack_bought_at' at row 1)
2021/02/02 19:19:12 [release] SQL ERROR:C:/Cavalry/server/src/db/db_def.go:659%!(EXTRA *mysql.MySQLError=Error 1292: Incorrect datetime value: '0000-00-00' for column 'starter_pack_bought_at' at row 1)
2021/02/02 19:19:12 [release] SQL ERROR:C:/Cavalry/server/src/db/db_def.go:659%!(EXTRA *mysql.MySQLError=Error 1292: Incorrect datetime value: '0000-00-00' for column 'starter_pack_bought_at' at row 1)
2021/02/02 19:19:12 [release] SQL ERROR:C:/Cavalry/server/src/db/db_def.go:659%!(EXTRA *mysql.MySQLError=Error 1292: Incorrect datetime value: '0000-00-00' for column 'starter_pack_bought_at' at row 1)
2021/02/02 19:19:12 [release] SQL ERROR:C:/Cavalry/server/src/db/db_def.go:659%!(EXTRA *mysql.MySQLError=Error 1292: Incorrect datetime value: '0000-00-00' for column 'last_activity_summon_at' at row 1)
2021/02/02 19:19:12 [release] SQL ERROR:C:/Cavalry/server/src/db/db_def.go:659%!(EXTRA *mysql.MySQLError=Error 1292: Incorrect datetime value: '0000-00-00' for column 'last_activity_summon_at' at row 1)
2021/02/02 19:19:12 [release] SQL ERROR:C:/Cavalry/server/src/db/db_def.go:659%!(EXTRA *mysql.MySQLError=Error 1292: Incorrect datetime value: '0000-00-00' for column 'starter_pack_bought_at' at row 1)
2021/02/02 19:19:12 [release] SQL ERROR:C:/Cavalry/server/src/db/db_def.go:659%!(EXTRA *mysql.MySQLError=Error 1292: Incorrect datetime value: '0000-00-00' for column 'starter_pack_bought_at' at row 1)
2021/02/02 19:19:12 [release] SQL ERROR:C:/Cavalry/server/src/db/db_def.go:659%!(EXTRA *mysql.MySQLError=Error 1292: Incorrect datetime value: '0000-00-00' for column 'starter_pack_bought_at' at row 1)
2021/02/02 19:19:12 [release] SQL ERROR:C:/Cavalry/server/src/db/db_def.go:659%!(EXTRA *mysql.MySQLError=Error 1292: Incorrect datetime value: '0000-00-00' for column 'starter_pack_bought_at' at row 1)
2021/02/02 19:19:12 [release] SQL ERROR:C:/Cavalry/server/src/db/db_def.go:659%!(EXTRA *mysql.MySQLError=Error 1292: Incorrect datetime value: '0000-00-00' for column 'starter_pack_bought_at' at row 1)
2021/02/02 19:19:12 [release] SQL ERROR:C:/Cavalry/server/src/db/db_def.go:659%!(EXTRA *mysql.MySQLError=Error 1292: Incorrect datetime value: '0000-00-00' for column 'starter_pack_bought_at' at row 1)
2021/02/02 19:19:12 [release] SQL ERROR:C:/Cavalry/server/src/db/db_def.go:659%!(EXTRA *mysql.MySQLError=Error 1292: Incorrect datetime value: '0000-00-00' for column 'starter_pack_bought_at' at row 1)
2021/02/02 19:19:12 [release] SQL ERROR:C:/Cavalry/server/src/db/db_def.go:659%!(EXTRA *mysql.MySQLError=Error 1292: Incorrect datetime value: '0000-00-00' for column 'last_activity_summon_at' at row 1)
2021/02/02 19:19:12 [release] SQL ERROR:C:/Cavalry/server/src/db/db_def.go:659%!(EXTRA *mysql.MySQLError=Error 1292: Incorrect datetime value: '0000-00-00' for column 'starter_pack_bought_at' at row 1)
2021/02/02 19:19:12 [release] SQL ERROR:C:/Cavalry/server/src/db/db_def.go:659%!(EXTRA *mysql.MySQLError=Error 1292: Incorrect datetime value: '0000-00-00' for column 'last_activity_summon_at' at row 1)
2021/02/02 19:19:12 [release] SQL ERROR:C:/Cavalry/server/src/db/db_def.go:659%!(EXTRA *mysql.MySQLError=Error 1292: Incorrect datetime value: '0000-00-00' for column 'last_activity_summon_at' at row 1)
2021/02/02 19:19:12 [release] SQL ERROR:C:/Cavalry/server/src/db/db_def.go:659%!(EXTRA *mysql.MySQLError=Error 1292: Incorrect datetime value: '0000-00-00' for column 'last_activity_summon_at' at row 1)
2021/02/02 19:19:12 [release] SQL ERROR:C:/Cavalry/server/src/db/db_def.go:659%!(EXTRA *mysql.MySQLError=Error 1292: Incorrect datetime value: '0000-00-00' for column 'starter_pack_bought_at' at row 1)
2021/02/02 19:19:12 [release] SQL ERROR:C:/Cavalry/server/src/db/db_def.go:659%!(EXTRA *mysql.MySQLError=Error 1292: Incorrect datetime value: '0000-00-00' for column 'starter_pack_bought_at' at row 1)
2021/02/02 19:19:12 [release] SQL ERROR:C:/Cavalry/server/src/db/db_def.go:659%!(EXTRA *mysql.MySQLError=Error 1292: Incorrect datetime value: '0000-00-00' for column 'starter_pack_bought_at' at row 1)
2021/02/02 19:19:12 [release] SQL ERROR:C:/Cavalry/server/src/db/db_def.go:659%!(EXTRA *mysql.MySQLError=Error 1292: Incorrect datetime value: '0000-00-00' for column 'starter_pack_bought_at' at row 1)
2021/02/02 19:19:12 [release] SQL ERROR:C:/Cavalry/server/src/db/db_def.go:659%!(EXTRA *mysql.MySQLError=Error 1292: Incorrect datetime value: '0000-00-00' for column 'starter_pack_bought_at' at row 1)
2021/02/02 19:19:12 [release] SQL ERROR:C:/Cavalry/server/src/db/db_def.go:659%!(EXTRA *mysql.MySQLError=Error 1292: Incorrect datetime value: '0000-00-00' for column 'starter_pack_bought_at' at row 1)
2021/02/02 19:19:12 [release] SQL ERROR:C:/Cavalry/server/src/db/db_def.go:659%!(EXTRA *mysql.MySQLError=Error 1292: Incorrect datetime value: '0000-00-00' for column 'starter_pack_bought_at' at row 1)
2021/02/02 19:19:12 [release] SQL ERROR:C:/Cavalry/server/src/db/db_def.go:659%!(EXTRA *mysql.MySQLError=Error 1292: Incorrect datetime value: '0000-00-00' for column 'last_activity_summon_at' at row 1)
2021/02/02 19:19:12 [release] SQL ERROR:C:/Cavalry/server/src/db/db_def.go:659%!(EXTRA *mysql.MySQLError=Error 1292: Incorrect datetime value: '0000-00-00' for column 'starter_pack_bought_at' at row 1)
2021/02/02 19:19:12 [release] SQL ERROR:C:/Cavalry/server/src/db/db_def.go:659%!(EXTRA *mysql.MySQLError=Error 1292: Incorrect datetime value: '0000-00-00' for column 'starter_pack_bought_at' at row 1)
2021/02/02 19:19:12 [release] SQL ERROR:C:/Cavalry/server/src/db/db_def.go:659%!(EXTRA *mysql.MySQLError=Error 1292: Incorrect datetime value: '0000-00-00' for column 'last_activity_summon_at' at row 1)
2021/02/02 19:19:12 [release] SQL ERROR:C:/Cavalry/server/src/db/db_def.go:659%!(EXTRA *mysql.MySQLError=Error 1292: Incorrect datetime value: '0000-00-00' for column 'starter_pack_bought_at' at row 1)
2021/02/02 19:19:13 [release] SQL ERROR:C:/Cavalry/server/src/db/db_def.go:659%!(EXTRA *mysql.MySQLError=Error 1292: Incorrect datetime value: '0000-00-00' for column 'starter_pack_bought_at' at row 1)
2021/02/02 19:19:13 [release] SQL ERROR:C:/Cavalry/server/src/db/db_def.go:659%!(EXTRA *mysql.MySQLError=Error 1292: Incorrect datetime value: '0000-00-00' for column 'starter_pack_bought_at' at row 1)
2021/02/02 19:19:13 [release] SQL ERROR:C:/Cavalry/server/src/db/db_def.go:659%!(EXTRA *mysql.MySQLError=Error 1292: Incorrect datetime value: '0000-00-00' for column 'last_activity_summon_at' at row 1)
2021/02/02 19:19:13 [release] SQL ERROR:C:/Cavalry/server/src/db/db_def.go:659%!(EXTRA *mysql.MySQLError=Error 1292: Incorrect datetime value: '0000-00-00' for column 'last_activity_summon_at' at row 1)
2021/02/02 19:19:13 [release] SQL ERROR:C:/Cavalry/server/src/db/db_def.go:659%!(EXTRA *mysql.MySQLError=Error 1292: Incorrect datetime value: '0000-00-00' for column 'last_activity_summon_at' at row 1)
2021/02/02 19:19:13 [release] SQL ERROR:C:/Cavalry/server/src/db/db_def.go:659%!(EXTRA *mysql.MySQLError=Error 1292: Incorrect datetime value: '0000-00-00' for column 'last_activity_summon_at' at row 1)
2021/02/02 19:19:13 [release] SQL ERROR:C:/Cavalry/server/src/db/db_def.go:659%!(EXTRA *mysql.MySQLError=Error 1292: Incorrect datetime value: '0000-00-00' for column 'starter_pack_bought_at' at row 1)
2021/02/02 19:19:13 [release] SQL ERROR:C:/Cavalry/server/src/db/db_def.go:659%!(EXTRA *mysql.MySQLError=Error 1292: Incorrect datetime value: '0000-00-00' for column 'starter_pack_bought_at' at row 1)
2021/02/02 19:19:13 [release] SQL ERROR:C:/Cavalry/server/src/db/db_def.go:659%!(EXTRA *mysql.MySQLError=Error 1292: Incorrect datetime value: '0000-00-00' for column 'last_activity_summon_at' at row 1)
2021/02/02 19:19:13 [release] SQL ERROR:C:/Cavalry/server/src/db/db_def.go:659%!(EXTRA *mysql.MySQLError=Error 1292: Incorrect datetime value: '0000-00-00' for column 'last_activity_summon_at' at row 1)
2021/02/02 19:19:13 [release] SQL ERROR:C:/Cavalry/server/src/db/db_def.go:659%!(EXTRA *mysql.MySQLError=Error 1292: Incorrect datetime value: '0000-00-00' for column 'last_activity_summon_at' at row 1)
2021/02/02 19:19:13 [release] SQL ERROR:C:/Cavalry/server/src/db/db_def.go:659%!(EXTRA *mysql.MySQLError=Error 1292: Incorrect datetime value: '0000-00-00' for column 'last_activity_summon_at' at row 1)
2021/02/02 19:19:13 [release] SQL ERROR:C:/Cavalry/server/src/db/db_def.go:659%!(EXTRA *mysql.MySQLError=Error 1292: Incorrect datetime value: '0000-00-00' for column 'starter_pack_bought_at' at row 1)
2021/02/02 19:19:13 [release] SQL ERROR:C:/Cavalry/server/src/db/db_def.go:659%!(EXTRA *mysql.MySQLError=Error 1292: Incorrect datetime value: '0000-00-00' for column 'last_activity_summon_at' at row 1)
2021/02/02 19:19:13 [release] SQL ERROR:C:/Cavalry/server/src/db/db_def.go:659%!(EXTRA *mysql.MySQLError=Error 1292: Incorrect datetime value: '0000-00-00' for column 'starter_pack_bought_at' at row 1)
2021/02/02 19:19:13 [release] SQL ERROR:C:/Cavalry/server/src/db/db_def.go:659%!(EXTRA *mysql.MySQLError=Error 1292: Incorrect datetime value: '0000-00-00' for column 'last_activity_summon_at' at row 1)
2021/02/02 19:19:13 [release] SQL ERROR:C:/Cavalry/server/src/db/db_def.go:659%!(EXTRA *mysql.MySQLError=Error 1292: Incorrect datetime value: '0000-00-00' for column 'last_activity_summon_at' at row 1)
2021/02/02 19:19:13 [release] SQL ERROR:C:/Cavalry/server/src/db/db_def.go:659%!(EXTRA *mysql.MySQLError=Error 1292: Incorrect datetime value: '0000-00-00' for column 'starter_pack_bought_at' at row 1)
2021/02/02 19:19:13 [release] SQL ERROR:C:/Cavalry/server/src/db/db_def.go:659%!(EXTRA *mysql.MySQLError=Error 1292: Incorrect datetime value: '0000-00-00' for column 'starter_pack_bought_at' at row 1)
2021/02/02 19:19:13 [release] SQL ERROR:C:/Cavalry/server/src/db/db_def.go:659%!(EXTRA *mysql.MySQLError=Error 1292: Incorrect datetime value: '0000-00-00' for column 'starter_pack_bought_at' at row 1)
2021/02/02 19:19:13 [release] SQL ERROR:C:/Cavalry/server/src/db/db_def.go:659%!(EXTRA *mysql.MySQLError=Error 1292: Incorrect datetime value: '0000-00-00' for column 'starter_pack_bought_at' at row 1)
2021/02/02 19:19:13 [release] SQL ERROR:C:/Cavalry/server/src/db/db_def.go:659%!(EXTRA *mysql.MySQLError=Error 1292: Incorrect datetime value: '0000-00-00' for column 'last_activity_summon_at' at row 1)
2021/02/02 19:19:13 [release] SQL ERROR:C:/Cavalry/server/src/db/db_def.go:659%!(EXTRA *mysql.MySQLError=Error 1292: Incorrect datetime value: '0000-00-00' for column 'starter_pack_bought_at' at row 1)
2021/02/02 19:19:13 [release] SQL ERROR:C:/Cavalry/server/src/db/db_def.go:659%!(EXTRA *mysql.MySQLError=Error 1292: Incorrect datetime value: '0000-00-00' for column 'starter_pack_bought_at' at row 1)
2021/02/02 19:19:13 [release] SQL ERROR:C:/Cavalry/server/src/db/db_def.go:659%!(EXTRA *mysql.MySQLError=Error 1292: Incorrect datetime value: '0000-00-00' for column 'starter_pack_bought_at' at row 1)
2021/02/02 19:19:13 [release] SQL ERROR:C:/Cavalry/server/src/db/db_def.go:659%!(EXTRA *mysql.MySQLError=Error 1292: Incorrect datetime value: '0000-00-00' for column 'starter_pack_bought_at' at row 1)
2021/02/02 19:19:13 [release] SQL ERROR:C:/Cavalry/server/src/db/db_def.go:659%!(EXTRA *mysql.MySQLError=Error 1292: Incorrect datetime value: '0000-00-00' for column 'starter_pack_bought_at' at row 1)
2021/02/02 19:19:13 [release] SQL ERROR:C:/Cavalry/server/src/db/db_def.go:659%!(EXTRA *mysql.MySQLError=Error 1292: Incorrect datetime value: '0000-00-00' for column 'starter_pack_bought_at' at row 1)
2021/02/02 19:19:13 [release] SQL ERROR:C:/Cavalry/server/src/db/db_def.go:659%!(EXTRA *mysql.MySQLError=Error 1292: Incorrect datetime value: '0000-00-00' for column 'last_activity_summon_at' at row 1)
2021/02/02 19:19:13 [release] SQL ERROR:C:/Cavalry/server/src/db/db_def.go:659%!(EXTRA *mysql.MySQLError=Error 1292: Incorrect datetime value: '0000-00-00' for column 'starter_pack_bought_at' at row 1)
2021/02/02 19:19:13 [release] SQL ERROR:C:/Cavalry/server/src/db/db_def.go:659%!(EXTRA *mysql.MySQLError=Error 1292: Incorrect datetime value: '0000-00-00' for column 'starter_pack_bought_at' at row 1)
2021/02/02 19:19:13 [release] SQL ERROR:C:/Cavalry/server/src/db/db_def.go:659%!(EXTRA *mysql.MySQLError=Error 1292: Incorrect datetime value: '0000-00-00' for column 'last_activity_summon_at' at row 1)
2021/02/02 19:19:13 [release] SQL ERROR:C:/Cavalry/server/src/db/db_def.go:659%!(EXTRA *mysql.MySQLError=Error 1292: Incorrect datetime value: '0000-00-00' for column 'starter_pack_bought_at' at row 1)
2021/02/02 19:19:13 [release] SQL ERROR:C:/Cavalry/server/src/db/db_def.go:659%!(EXTRA *mysql.MySQLError=Error 1292: Incorrect datetime value: '0000-00-00' for column 'starter_pack_bought_at' at row 1)
2021/02/02 19:19:13 [release] SQL ERROR:C:/Cavalry/server/src/db/db_def.go:659%!(EXTRA *mysql.MySQLError=Error 1292: Incorrect datetime value: '0000-00-00' for column 'starter_pack_bought_at' at row 1)
2021/02/02 19:19:13 [release] SQL ERROR:C:/Cavalry/server/src/db/db_def.go:659%!(EXTRA *mysql.MySQLError=Error 1292: Incorrect datetime value: '0000-00-00' for column 'starter_pack_bought_at' at row 1)
2021/02/02 19:19:13 [release] SQL ERROR:C:/Cavalry/server/src/db/db_def.go:659%!(EXTRA *mysql.MySQLError=Error 1292: Incorrect datetime value: '0000-00-00' for column 'starter_pack_bought_at' at row 1)
2021/02/02 19:19:13 [release] SQL ERROR:C:/Cavalry/server/src/db/db_def.go:659%!(EXTRA *mysql.MySQLError=Error 1292: Incorrect datetime value: '0000-00-00' for column 'starter_pack_bought_at' at row 1)
2021/02/02 19:19:13 [release] SQL ERROR:C:/Cavalry/server/src/db/db_def.go:659%!(EXTRA *mysql.MySQLError=Error 1292: Incorrect datetime value: '0000-00-00' for column 'last_activity_summon_at' at row 1)
2021/02/02 19:19:13 [release] SQL ERROR:C:/Cavalry/server/src/db/db_def.go:659%!(EXTRA *mysql.MySQLError=Error 1292: Incorrect datetime value: '0000-00-00' for column 'last_activity_summon_at' at row 1)
2021/02/02 19:19:13 [release] SQL ERROR:C:/Cavalry/server/src/db/db_def.go:659%!(EXTRA *mysql.MySQLError=Error 1292: Incorrect datetime value: '0000-00-00' for column 'last_activity_summon_at' at row 1)
2021/02/02 19:19:13 [release] SQL ERROR:C:/Cavalry/server/src/db/db_def.go:659%!(EXTRA *mysql.MySQLError=Error 1292: Incorrect datetime value: '0000-00-00' for column 'starter_pack_bought_at' at row 1)
2021/02/02 19:19:13 [release] SQL ERROR:C:/Cavalry/server/src/db/db_def.go:659%!(EXTRA *mysql.MySQLError=Error 1292: Incorrect datetime value: '0000-00-00' for column 'last_activity_summon_at' at row 1)
2021/02/02 19:19:13 [release] SQL ERROR:C:/Cavalry/server/src/db/db_def.go:659%!(EXTRA *mysql.MySQLError=Error 1292: Incorrect datetime value: '0000-00-00' for column 'starter_pack_bought_at' at row 1)
2021/02/02 19:19:13 [release] SQL ERROR:C:/Cavalry/server/src/db/db_def.go:659%!(EXTRA *mysql.MySQLError=Error 1292: Incorrect datetime value: '0000-00-00' for column 'last_activity_summon_at' at row 1)
2021/02/02 19:19:13 [release] SQL ERROR:C:/Cavalry/server/src/db/db_def.go:659%!(EXTRA *mysql.MySQLError=Error 1292: Incorrect datetime value: '0000-00-00' for column 'starter_pack_bought_at' at row 1)
2021/02/02 19:19:13 [release] SQL ERROR:C:/Cavalry/server/src/db/db_def.go:659%!(EXTRA *mysql.MySQLError=Error 1292: Incorrect datetime value: '0000-00-00' for column 'starter_pack_bought_at' at row 1)
2021/02/02 19:19:13 [release] SQL ERROR:C:/Cavalry/server/src/db/db_def.go:659%!(EXTRA *mysql.MySQLError=Error 1292: Incorrect datetime value: '0000-00-00' for column 'last_activity_summon_at' at row 1)
2021/02/02 19:19:13 [release] SQL ERROR:C:/Cavalry/server/src/db/db_def.go:659%!(EXTRA *mysql.MySQLError=Error 1292: Incorrect datetime value: '0000-00-00' for column 'starter_pack_bought_at' at row 1)
2021/02/02 19:19:13 [release] SQL ERROR:C:/Cavalry/server/src/db/db_def.go:659%!(EXTRA *mysql.MySQLError=Error 1292: Incorrect datetime value: '0000-00-00' for column 'starter_pack_bought_at' at row 1)
2021/02/02 19:19:13 [release] SQL ERROR:C:/Cavalry/server/src/db/db_def.go:659%!(EXTRA *mysql.MySQLError=Error 1292: Incorrect datetime value: '0000-00-00' for column 'last_activity_summon_at' at row 1)
2021/02/02 19:19:13 [release] SQL ERROR:C:/Cavalry/server/src/db/db_def.go:659%!(EXTRA *mysql.MySQLError=Error 1292: Incorrect datetime value: '0000-00-00' for column 'starter_pack_bought_at' at row 1)
2021/02/02 19:19:13 [release] SQL ERROR:C:/Cavalry/server/src/db/db_def.go:659%!(EXTRA *mysql.MySQLError=Error 1292: Incorrect datetime value: '0000-00-00' for column 'starter_pack_bought_at' at row 1)
2021/02/02 19:19:13 [release] SQL ERROR:C:/Cavalry/server/src/db/db_def.go:659%!(EXTRA *mysql.MySQLError=Error 1292: Incorrect datetime value: '0000-00-00' for column 'starter_pack_bought_at' at row 1)
2021/02/02 19:19:13 [release] SQL ERROR:C:/Cavalry/server/src/db/db_def.go:659%!(EXTRA *mysql.MySQLError=Error 1292: Incorrect datetime value: '0000-00-00' for column 'last_activity_summon_at' at row 1)
2021/02/02 19:19:13 [release] SQL ERROR:C:/Cavalry/server/src/db/db_def.go:659%!(EXTRA *mysql.MySQLError=Error 1292: Incorrect datetime value: '0000-00-00' for column 'starter_pack_bought_at' at row 1)
2021/02/02 19:19:13 [release] SQL ERROR:C:/Cavalry/server/src/db/db_def.go:659%!(EXTRA *mysql.MySQLError=Error 1292: Incorrect datetime value: '0000-00-00' for column 'starter_pack_bought_at' at row 1)
2021/02/02 19:19:13 [release] SQL ERROR:C:/Cavalry/server/src/db/db_def.go:659%!(EXTRA *mysql.MySQLError=Error 1292: Incorrect datetime value: '0000-00-00' for column 'last_activity_summon_at' at row 1)
2021/02/02 19:19:13 [release] SQL ERROR:C:/Cavalry/server/src/db/db_def.go:659%!(EXTRA *mysql.MySQLError=Error 1292: Incorrect datetime value: '0000-00-00' for column 'starter_pack_bought_at' at row 1)
2021/02/02 19:19:13 [release] SQL ERROR:C:/Cavalry/server/src/db/db_def.go:659%!(EXTRA *mysql.MySQLError=Error 1292: Incorrect datetime value: '0000-00-00' for column 'starter_pack_bought_at' at row 1)
2021/02/02 19:19:13 [release] SQL ERROR:C:/Cavalry/server/src/db/db_def.go:659%!(EXTRA *mysql.MySQLError=Error 1292: Incorrect datetime value: '0000-00-00' for column 'starter_pack_bought_at' at row 1)
2021/02/02 19:19:13 [release] SQL ERROR:C:/Cavalry/server/src/db/db_def.go:659%!(EXTRA *mysql.MySQLError=Error 1292: Incorrect datetime value: '0000-00-00' for column 'starter_pack_bought_at' at row 1)
2021/02/02 19:19:13 [release] SQL ERROR:C:/Cavalry/server/src/db/db_def.go:659%!(EXTRA *mysql.MySQLError=Error 1292: Incorrect datetime value: '0000-00-00' for column 'last_activity_summon_at' at row 1)
2021/02/02 19:19:13 [release] SQL ERROR:C:/Cavalry/server/src/db/db_def.go:659%!(EXTRA *mysql.MySQLError=Error 1292: Incorrect datetime value: '0000-00-00' for column 'last_activity_summon_at' at row 1)
2021/02/02 19:19:13 [release] SQL ERROR:C:/Cavalry/server/src/db/db_def.go:659%!(EXTRA *mysql.MySQLError=Error 1292: Incorrect datetime value: '0000-00-00' for column 'starter_pack_bought_at' at row 1)
2021/02/02 19:19:13 [release] SQL ERROR:C:/Cavalry/server/src/db/db_def.go:659%!(EXTRA *mysql.MySQLError=Error 1292: Incorrect datetime value: '0000-00-00' for column 'starter_pack_bought_at' at row 1)
2021/02/02 19:19:13 [release] SQL ERROR:C:/Cavalry/server/src/db/db_def.go:659%!(EXTRA *mysql.MySQLError=Error 1292: Incorrect datetime value: '0000-00-00' for column 'starter_pack_bought_at' at row 1)
2021/02/02 19:19:13 [release] SQL ERROR:C:/Cavalry/server/src/db/db_def.go:659%!(EXTRA *mysql.MySQLError=Error 1292: Incorrect datetime value: '0000-00-00' for column 'last_activity_summon_at' at row 1)
2021/02/02 19:19:13 [release] SQL ERROR:C:/Cavalry/server/src/db/db_def.go:659%!(EXTRA *mysql.MySQLError=Error 1292: Incorrect datetime value: '0000-00-00' for column 'starter_pack_bought_at' at row 1)
2021/02/02 19:19:13 [release] SQL ERROR:C:/Cavalry/server/src/db/db_def.go:659%!(EXTRA *mysql.MySQLError=Error 1292: Incorrect datetime value: '0000-00-00' for column 'starter_pack_bought_at' at row 1)
2021/02/02 19:19:13 [release] SQL ERROR:C:/Cavalry/server/src/db/db_def.go:659%!(EXTRA *mysql.MySQLError=Error 1292: Incorrect datetime value: '0000-00-00' for column 'last_activity_summon_at' at row 1)
2021/02/02 19:19:13 [release] SQL ERROR:C:/Cavalry/server/src/db/db_def.go:659%!(EXTRA *mysql.MySQLError=Error 1292: Incorrect datetime value: '0000-00-00' for column 'starter_pack_bought_at' at row 1)
2021/02/02 19:19:13 [release] SQL ERROR:C:/Cavalry/server/src/db/db_def.go:659%!(EXTRA *mysql.MySQLError=Error 1292: Incorrect datetime value: '0000-00-00' for column 'starter_pack_bought_at' at row 1)
2021/02/02 19:19:13 [release] SQL ERROR:C:/Cavalry/server/src/db/db_def.go:659%!(EXTRA *mysql.MySQLError=Error 1292: Incorrect datetime value: '0000-00-00' for column 'starter_pack_bought_at' at row 1)
2021/02/02 19:19:13 [release] SQL ERROR:C:/Cavalry/server/src/db/db_def.go:659%!(EXTRA *mysql.MySQLError=Error 1292: Incorrect datetime value: '0000-00-00' for column 'starter_pack_bought_at' at row 1)
2021/02/02 19:19:13 [release] SQL ERROR:C:/Cavalry/server/src/db/db_def.go:659%!(EXTRA *mysql.MySQLError=Error 1292: Incorrect datetime value: '0000-00-00' for column 'starter_pack_bought_at' at row 1)
2021/02/02 19:19:13 [release] SQL ERROR:C:/Cavalry/server/src/db/db_def.go:659%!(EXTRA *mysql.MySQLError=Error 1292: Incorrect datetime value: '0000-00-00' for column 'starter_pack_bought_at' at row 1)
2021/02/02 19:19:13 [release] SQL ERROR:C:/Cavalry/server/src/db/db_def.go:659%!(EXTRA *mysql.MySQLError=Error 1292: Incorrect datetime value: '0000-00-00' for column 'starter_pack_bought_at' at row 1)
2021/02/02 19:19:13 [release] SQL ERROR:C:/Cavalry/server/src/db/db_def.go:659%!(EXTRA *mysql.MySQLError=Error 1292: Incorrect datetime value: '0000-00-00' for column 'last_activity_summon_at' at row 1)
2021/02/02 19:19:13 [release] SQL ERROR:C:/Cavalry/server/src/db/db_def.go:659%!(EXTRA *mysql.MySQLError=Error 1292: Incorrect datetime value: '0000-00-00' for column 'last_activity_summon_at' at row 1)
2021/02/02 19:19:13 [release] SQL ERROR:C:/Cavalry/server/src/db/db_def.go:659%!(EXTRA *mysql.MySQLError=Error 1292: Incorrect datetime value: '0000-00-00' for column 'last_activity_summon_at' at row 1)
2021/02/02 19:19:13 [release] SQL ERROR:C:/Cavalry/server/src/db/db_def.go:659%!(EXTRA *mysql.MySQLError=Error 1292: Incorrect datetime value: '0000-00-00' for column 'starter_pack_bought_at' at row 1)
2021/02/02 19:19:13 [release] SQL ERROR:C:/Cavalry/server/src/db/db_def.go:659%!(EXTRA *mysql.MySQLError=Error 1292: Incorrect datetime value: '0000-00-00' for column 'starter_pack_bought_at' at row 1)
2021/02/02 19:19:13 [release] SQL ERROR:C:/Cavalry/server/src/db/db_def.go:659%!(EXTRA *mysql.MySQLError=Error 1292: Incorrect datetime value: '0000-00-00' for column 'starter_pack_bought_at' at row 1)
2021/02/02 19:19:13 [release] SQL ERROR:C:/Cavalry/server/src/db/db_def.go:659%!(EXTRA *mysql.MySQLError=Error 1292: Incorrect datetime value: '0000-00-00' for column 'starter_pack_bought_at' at row 1)
2021/02/02 19:19:13 [release] SQL ERROR:C:/Cavalry/server/src/db/db_def.go:659%!(EXTRA *mysql.MySQLError=Error 1292: Incorrect datetime value: '0000-00-00' for column 'starter_pack_bought_at' at row 1)
2021/02/02 19:19:13 [release] SQL ERROR:C:/Cavalry/server/src/db/db_def.go:659%!(EXTRA *mysql.MySQLError=Error 1292: Incorrect datetime value: '0000-00-00' for column 'last_activity_summon_at' at row 1)
2021/02/02 19:19:13 [release] SQL ERROR:C:/Cavalry/server/src/db/db_def.go:659%!(EXTRA *mysql.MySQLError=Error 1292: Incorrect datetime value: '0000-00-00' for column 'last_activity_summon_at' at row 1)
2021/02/02 19:19:13 [release] SQL ERROR:C:/Cavalry/server/src/db/db_def.go:659%!(EXTRA *mysql.MySQLError=Error 1292: Incorrect datetime value: '0000-00-00' for column 'starter_pack_bought_at' at row 1)
2021/02/02 19:19:13 [release] SQL ERROR:C:/Cavalry/server/src/db/db_def.go:659%!(EXTRA *mysql.MySQLError=Error 1292: Incorrect datetime value: '0000-00-00' for column 'starter_pack_bought_at' at row 1)
2021/02/02 19:19:13 [release] SQL ERROR:C:/Cavalry/server/src/db/db_def.go:659%!(EXTRA *mysql.MySQLError=Error 1292: Incorrect datetime value: '0000-00-00' for column 'starter_pack_bought_at' at row 1)
2021/02/02 19:19:13 [release] SQL ERROR:C:/Cavalry/server/src/db/db_def.go:659%!(EXTRA *mysql.MySQLError=Error 1292: Incorrect datetime value: '0000-00-00' for column 'last_activity_summon_at' at row 1)
2021/02/02 19:19:13 [release] SQL ERROR:C:/Cavalry/server/src/db/db_def.go:659%!(EXTRA *mysql.MySQLError=Error 1292: Incorrect datetime value: '0000-00-00' for column 'starter_pack_bought_at' at row 1)
2021/02/02 19:19:13 [release] SQL ERROR:C:/Cavalry/server/src/db/db_def.go:659%!(EXTRA *mysql.MySQLError=Error 1292: Incorrect datetime value: '0000-00-00' for column 'starter_pack_bought_at' at row 1)
2021/02/02 19:19:14 [release] SQL ERROR:C:/Cavalry/server/src/db/db_def.go:659%!(EXTRA *mysql.MySQLError=Error 1292: Incorrect datetime value: '0000-00-00' for column 'starter_pack_bought_at' at row 1)
2021/02/02 19:19:14 [release] SQL ERROR:C:/Cavalry/server/src/db/db_def.go:659%!(EXTRA *mysql.MySQLError=Error 1292: Incorrect datetime value: '0000-00-00' for column 'last_activity_summon_at' at row 1)
2021/02/02 19:19:14 [release] SQL ERROR:C:/Cavalry/server/src/db/db_def.go:659%!(EXTRA *mysql.MySQLError=Error 1292: Incorrect datetime value: '0000-00-00' for column 'starter_pack_bought_at' at row 1)
2021/02/02 19:19:14 [release] SQL ERROR:C:/Cavalry/server/src/db/db_def.go:659%!(EXTRA *mysql.MySQLError=Error 1292: Incorrect datetime value: '0000-00-00' for column 'last_activity_summon_at' at row 1)
2021/02/02 19:19:14 [release] SQL ERROR:C:/Cavalry/server/src/db/db_def.go:659%!(EXTRA *mysql.MySQLError=Error 1292: Incorrect datetime value: '0000-00-00' for column 'last_activity_summon_at' at row 1)
2021/02/02 19:19:14 [release] SQL ERROR:C:/Cavalry/server/src/db/db_def.go:659%!(EXTRA *mysql.MySQLError=Error 1292: Incorrect datetime value: '0000-00-00' for column 'last_activity_summon_at' at row 1)
2021/02/02 19:19:14 [release] SQL ERROR:C:/Cavalry/server/src/db/db_def.go:659%!(EXTRA *mysql.MySQLError=Error 1292: Incorrect datetime value: '0000-00-00' for column 'starter_pack_bought_at' at row 1)
2021/02/02 19:19:14 [release] SQL ERROR:C:/Cavalry/server/src/db/db_def.go:659%!(EXTRA *mysql.MySQLError=Error 1292: Incorrect datetime value: '0000-00-00' for column 'starter_pack_bought_at' at row 1)
2021/02/02 19:19:14 [release] SQL ERROR:C:/Cavalry/server/src/db/db_def.go:659%!(EXTRA *mysql.MySQLError=Error 1292: Incorrect datetime value: '0000-00-00' for column 'starter_pack_bought_at' at row 1)
2021/02/02 19:19:14 [release] SQL ERROR:C:/Cavalry/server/src/db/db_def.go:659%!(EXTRA *mysql.MySQLError=Error 1292: Incorrect datetime value: '0000-00-00' for column 'starter_pack_bought_at' at row 1)
2021/02/02 19:19:14 [release] SQL ERROR:C:/Cavalry/server/src/db/db_def.go:659%!(EXTRA *mysql.MySQLError=Error 1292: Incorrect datetime value: '0000-00-00' for column 'starter_pack_bought_at' at row 1)
2021/02/02 19:19:14 [release] SQL ERROR:C:/Cavalry/server/src/db/db_def.go:659%!(EXTRA *mysql.MySQLError=Error 1292: Incorrect datetime value: '0000-00-00' for column 'starter_pack_bought_at' at row 1)
2021/02/02 19:19:14 [release] SQL ERROR:C:/Cavalry/server/src/db/db_def.go:659%!(EXTRA *mysql.MySQLError=Error 1292: Incorrect datetime value: '0000-00-00' for column 'last_activity_summon_at' at row 1)
2021/02/02 19:19:14 [release] SQL ERROR:C:/Cavalry/server/src/db/db_def.go:659%!(EXTRA *mysql.MySQLError=Error 1292: Incorrect datetime value: '0000-00-00' for column 'starter_pack_bought_at' at row 1)
2021/02/02 19:19:14 [release] SQL ERROR:C:/Cavalry/server/src/db/db_def.go:659%!(EXTRA *mysql.MySQLError=Error 1292: Incorrect datetime value: '0000-00-00' for column 'starter_pack_bought_at' at row 1)
2021/02/02 19:19:14 [release] SQL ERROR:C:/Cavalry/server/src/db/db_def.go:659%!(EXTRA *mysql.MySQLError=Error 1292: Incorrect datetime value: '0000-00-00' for column 'starter_pack_bought_at' at row 1)
2021/02/02 19:19:14 [release] SQL ERROR:C:/Cavalry/server/src/db/db_def.go:659%!(EXTRA *mysql.MySQLError=Error 1292: Incorrect datetime value: '0000-00-00' for column 'starter_pack_bought_at' at row 1)
2021/02/02 19:19:14 [release] SQL ERROR:C:/Cavalry/server/src/db/db_def.go:659%!(EXTRA *mysql.MySQLError=Error 1292: Incorrect datetime value: '0000-00-00' for column 'starter_pack_bought_at' at row 1)
2021/02/02 19:19:14 [release] SQL ERROR:C:/Cavalry/server/src/db/db_def.go:659%!(EXTRA *mysql.MySQLError=Error 1292: Incorrect datetime value: '0000-00-00' for column 'starter_pack_bought_at' at row 1)
2021/02/02 19:19:14 [release] SQL ERROR:C:/Cavalry/server/src/db/db_def.go:659%!(EXTRA *mysql.MySQLError=Error 1292: Incorrect datetime value: '0000-00-00' for column 'starter_pack_bought_at' at row 1)
2021/02/02 19:19:14 [release] SQL ERROR:C:/Cavalry/server/src/db/db_def.go:659%!(EXTRA *mysql.MySQLError=Error 1292: Incorrect datetime value: '0000-00-00' for column 'starter_pack_bought_at' at row 1)
2021/02/02 19:19:14 [release] SQL ERROR:C:/Cavalry/server/src/db/db_def.go:659%!(EXTRA *mysql.MySQLError=Error 1292: Incorrect datetime value: '0000-00-00' for column 'starter_pack_bought_at' at row 1)
2021/02/02 19:19:14 [release] SQL ERROR:C:/Cavalry/server/src/db/db_def.go:659%!(EXTRA *mysql.MySQLError=Error 1292: Incorrect datetime value: '0000-00-00' for column 'starter_pack_bought_at' at row 1)
2021/02/02 19:19:14 [release] SQL ERROR:C:/Cavalry/server/src/db/db_def.go:659%!(EXTRA *mysql.MySQLError=Error 1292: Incorrect datetime value: '0000-00-00' for column 'starter_pack_bought_at' at row 1)
2021/02/02 19:19:14 [release] SQL ERROR:C:/Cavalry/server/src/db/db_def.go:659%!(EXTRA *mysql.MySQLError=Error 1292: Incorrect datetime value: '0000-00-00' for column 'starter_pack_bought_at' at row 1)
2021/02/02 19:19:14 [release] SQL ERROR:C:/Cavalry/server/src/db/db_def.go:659%!(EXTRA *mysql.MySQLError=Error 1292: Incorrect datetime value: '0000-00-00' for column 'starter_pack_bought_at' at row 1)
2021/02/02 19:19:14 [release] SQL ERROR:C:/Cavalry/server/src/db/db_def.go:659%!(EXTRA *mysql.MySQLError=Error 1292: Incorrect datetime value: '0000-00-00' for column 'last_activity_summon_at' at row 1)
2021/02/02 19:19:14 [release] SQL ERROR:C:/Cavalry/server/src/db/db_def.go:659%!(EXTRA *mysql.MySQLError=Error 1292: Incorrect datetime value: '0000-00-00' for column 'starter_pack_bought_at' at row 1)
2021/02/02 19:19:14 [debug  ] 1000 Players Loaded UseTime:5s
2021/02/02 19:19:14 [release] SQL ERROR:C:/Cavalry/server/src/db/db_def.go:659%!(EXTRA *mysql.MySQLError=Error 1292: Incorrect datetime value: '0000-00-00' for column 'last_activity_summon_at' at row 1)
2021/02/02 19:19:14 [release] SQL ERROR:C:/Cavalry/server/src/db/db_def.go:659%!(EXTRA *mysql.MySQLError=Error 1292: Incorrect datetime value: '0000-00-00' for column 'starter_pack_bought_at' at row 1)
2021/02/02 19:19:14 [release] SQL ERROR:C:/Cavalry/server/src/db/db_def.go:659%!(EXTRA *mysql.MySQLError=Error 1292: Incorrect datetime value: '0000-00-00' for column 'starter_pack_bought_at' at row 1)
2021/02/02 19:19:14 [release] SQL ERROR:C:/Cavalry/server/src/db/db_def.go:659%!(EXTRA *mysql.MySQLError=Error 1292: Incorrect datetime value: '0000-00-00' for column 'starter_pack_bought_at' at row 1)
2021/02/02 19:19:14 [release] SQL ERROR:C:/Cavalry/server/src/db/db_def.go:659%!(EXTRA *mysql.MySQLError=Error 1292: Incorrect datetime value: '0000-00-00' for column 'last_activity_summon_at' at row 1)
2021/02/02 19:19:14 [release] SQL ERROR:C:/Cavalry/server/src/db/db_def.go:659%!(EXTRA *mysql.MySQLError=Error 1292: Incorrect datetime value: '0000-00-00' for column 'starter_pack_bought_at' at row 1)
2021/02/02 19:19:14 [release] SQL ERROR:C:/Cavalry/server/src/db/db_def.go:659%!(EXTRA *mysql.MySQLError=Error 1292: Incorrect datetime value: '0000-00-00' for column 'last_activity_summon_at' at row 1)
2021/02/02 19:19:14 [release] SQL ERROR:C:/Cavalry/server/src/db/db_def.go:659%!(EXTRA *mysql.MySQLError=Error 1292: Incorrect datetime value: '0000-00-00' for column 'starter_pack_bought_at' at row 1)
2021/02/02 19:19:14 [release] SQL ERROR:C:/Cavalry/server/src/db/db_def.go:659%!(EXTRA *mysql.MySQLError=Error 1292: Incorrect datetime value: '0000-00-00' for column 'last_activity_summon_at' at row 1)
2021/02/02 19:19:14 [release] SQL ERROR:C:/Cavalry/server/src/db/db_def.go:659%!(EXTRA *mysql.MySQLError=Error 1292: Incorrect datetime value: '0000-00-00' for column 'starter_pack_bought_at' at row 1)
2021/02/02 19:19:14 [release] SQL ERROR:C:/Cavalry/server/src/db/db_def.go:659%!(EXTRA *mysql.MySQLError=Error 1292: Incorrect datetime value: '0000-00-00' for column 'starter_pack_bought_at' at row 1)
2021/02/02 19:19:14 [release] SQL ERROR:C:/Cavalry/server/src/db/db_def.go:659%!(EXTRA *mysql.MySQLError=Error 1292: Incorrect datetime value: '0000-00-00' for column 'starter_pack_bought_at' at row 1)
2021/02/02 19:19:14 [release] SQL ERROR:C:/Cavalry/server/src/db/db_def.go:659%!(EXTRA *mysql.MySQLError=Error 1292: Incorrect datetime value: '0000-00-00' for column 'starter_pack_bought_at' at row 1)
2021/02/02 19:19:14 [release] SQL ERROR:C:/Cavalry/server/src/db/db_def.go:659%!(EXTRA *mysql.MySQLError=Error 1292: Incorrect datetime value: '0000-00-00' for column 'starter_pack_bought_at' at row 1)
2021/02/02 19:19:14 [release] SQL ERROR:C:/Cavalry/server/src/db/db_def.go:659%!(EXTRA *mysql.MySQLError=Error 1292: Incorrect datetime value: '0000-00-00' for column 'starter_pack_bought_at' at row 1)
2021/02/02 19:19:14 [release] SQL ERROR:C:/Cavalry/server/src/db/db_def.go:659%!(EXTRA *mysql.MySQLError=Error 1292: Incorrect datetime value: '0000-00-00' for column 'starter_pack_bought_at' at row 1)
2021/02/02 19:19:14 [release] SQL ERROR:C:/Cavalry/server/src/db/db_def.go:659%!(EXTRA *mysql.MySQLError=Error 1292: Incorrect datetime value: '0000-00-00' for column 'starter_pack_bought_at' at row 1)
2021/02/02 19:19:14 [release] SQL ERROR:C:/Cavalry/server/src/db/db_def.go:659%!(EXTRA *mysql.MySQLError=Error 1292: Incorrect datetime value: '0000-00-00' for column 'starter_pack_bought_at' at row 1)
2021/02/02 19:19:14 [release] SQL ERROR:C:/Cavalry/server/src/db/db_def.go:659%!(EXTRA *mysql.MySQLError=Error 1292: Incorrect datetime value: '0000-00-00' for column 'starter_pack_bought_at' at row 1)
2021/02/02 19:19:14 [release] SQL ERROR:C:/Cavalry/server/src/db/db_def.go:659%!(EXTRA *mysql.MySQLError=Error 1292: Incorrect datetime value: '0000-00-00' for column 'last_activity_summon_at' at row 1)
2021/02/02 19:19:14 [release] SQL ERROR:C:/Cavalry/server/src/db/db_def.go:659%!(EXTRA *mysql.MySQLError=Error 1292: Incorrect datetime value: '0000-00-00' for column 'last_activity_summon_at' at row 1)
2021/02/02 19:19:14 [release] SQL ERROR:C:/Cavalry/server/src/db/db_def.go:659%!(EXTRA *mysql.MySQLError=Error 1292: Incorrect datetime value: '0000-00-00' for column 'last_activity_summon_at' at row 1)
2021/02/02 19:19:14 [release] SQL ERROR:C:/Cavalry/server/src/db/db_def.go:659%!(EXTRA *mysql.MySQLError=Error 1292: Incorrect datetime value: '0000-00-00' for column 'starter_pack_bought_at' at row 1)
2021/02/02 19:19:14 [release] SQL ERROR:C:/Cavalry/server/src/db/db_def.go:659%!(EXTRA *mysql.MySQLError=Error 1292: Incorrect datetime value: '0000-00-00' for column 'starter_pack_bought_at' at row 1)
2021/02/02 19:19:14 [release] SQL ERROR:C:/Cavalry/server/src/db/db_def.go:659%!(EXTRA *mysql.MySQLError=Error 1292: Incorrect datetime value: '0000-00-00' for column 'last_activity_summon_at' at row 1)
2021/02/02 19:19:14 [release] SQL ERROR:C:/Cavalry/server/src/db/db_def.go:659%!(EXTRA *mysql.MySQLError=Error 1292: Incorrect datetime value: '0000-00-00' for column 'starter_pack_bought_at' at row 1)
2021/02/02 19:19:14 [release] SQL ERROR:C:/Cavalry/server/src/db/db_def.go:659%!(EXTRA *mysql.MySQLError=Error 1292: Incorrect datetime value: '0000-00-00' for column 'starter_pack_bought_at' at row 1)
2021/02/02 19:19:14 [release] SQL ERROR:C:/Cavalry/server/src/db/db_def.go:659%!(EXTRA *mysql.MySQLError=Error 1292: Incorrect datetime value: '0000-00-00' for column 'starter_pack_bought_at' at row 1)
2021/02/02 19:19:14 [release] SQL ERROR:C:/Cavalry/server/src/db/db_def.go:659%!(EXTRA *mysql.MySQLError=Error 1292: Incorrect datetime value: '0000-00-00' for column 'last_activity_summon_at' at row 1)
2021/02/02 19:19:14 [release] SQL ERROR:C:/Cavalry/server/src/db/db_def.go:659%!(EXTRA *mysql.MySQLError=Error 1292: Incorrect datetime value: '0000-00-00' for column 'starter_pack_bought_at' at row 1)
2021/02/02 19:19:14 [release] SQL ERROR:C:/Cavalry/server/src/db/db_def.go:659%!(EXTRA *mysql.MySQLError=Error 1292: Incorrect datetime value: '0000-00-00' for column 'last_activity_summon_at' at row 1)
2021/02/02 19:19:14 [release] SQL ERROR:C:/Cavalry/server/src/db/db_def.go:659%!(EXTRA *mysql.MySQLError=Error 1292: Incorrect datetime value: '0000-00-00' for column 'starter_pack_bought_at' at row 1)
2021/02/02 19:19:14 [release] SQL ERROR:C:/Cavalry/server/src/db/db_def.go:659%!(EXTRA *mysql.MySQLError=Error 1292: Incorrect datetime value: '0000-00-00' for column 'starter_pack_bought_at' at row 1)
2021/02/02 19:19:14 [release] SQL ERROR:C:/Cavalry/server/src/db/db_def.go:659%!(EXTRA *mysql.MySQLError=Error 1292: Incorrect datetime value: '0000-00-00' for column 'starter_pack_bought_at' at row 1)
2021/02/02 19:19:14 [release] SQL ERROR:C:/Cavalry/server/src/db/db_def.go:659%!(EXTRA *mysql.MySQLError=Error 1292: Incorrect datetime value: '0000-00-00' for column 'starter_pack_bought_at' at row 1)
2021/02/02 19:19:14 [release] SQL ERROR:C:/Cavalry/server/src/db/db_def.go:659%!(EXTRA *mysql.MySQLError=Error 1292: Incorrect datetime value: '0000-00-00' for column 'starter_pack_bought_at' at row 1)
2021/02/02 19:19:14 [release] SQL ERROR:C:/Cavalry/server/src/db/db_def.go:659%!(EXTRA *mysql.MySQLError=Error 1292: Incorrect datetime value: '0000-00-00' for column 'starter_pack_bought_at' at row 1)
2021/02/02 19:19:14 [release] SQL ERROR:C:/Cavalry/server/src/db/db_def.go:659%!(EXTRA *mysql.MySQLError=Error 1292: Incorrect datetime value: '0000-00-00' for column 'last_activity_summon_at' at row 1)
2021/02/02 19:19:14 [release] SQL ERROR:C:/Cavalry/server/src/db/db_def.go:659%!(EXTRA *mysql.MySQLError=Error 1292: Incorrect datetime value: '0000-00-00' for column 'last_activity_summon_at' at row 1)
2021/02/02 19:19:14 [release] SQL ERROR:C:/Cavalry/server/src/db/db_def.go:659%!(EXTRA *mysql.MySQLError=Error 1292: Incorrect datetime value: '0000-00-00' for column 'starter_pack_bought_at' at row 1)
2021/02/02 19:19:14 [release] SQL ERROR:C:/Cavalry/server/src/db/db_def.go:659%!(EXTRA *mysql.MySQLError=Error 1292: Incorrect datetime value: '0000-00-00' for column 'starter_pack_bought_at' at row 1)
2021/02/02 19:19:14 [release] SQL ERROR:C:/Cavalry/server/src/db/db_def.go:659%!(EXTRA *mysql.MySQLError=Error 1292: Incorrect datetime value: '0000-00-00' for column 'last_activity_summon_at' at row 1)
2021/02/02 19:19:14 [release] SQL ERROR:C:/Cavalry/server/src/db/db_def.go:659%!(EXTRA *mysql.MySQLError=Error 1292: Incorrect datetime value: '0000-00-00' for column 'starter_pack_bought_at' at row 1)
2021/02/02 19:19:14 [release] SQL ERROR:C:/Cavalry/server/src/db/db_def.go:659%!(EXTRA *mysql.MySQLError=Error 1292: Incorrect datetime value: '0000-00-00' for column 'starter_pack_bought_at' at row 1)
2021/02/02 19:19:14 [release] SQL ERROR:C:/Cavalry/server/src/db/db_def.go:659%!(EXTRA *mysql.MySQLError=Error 1292: Incorrect datetime value: '0000-00-00' for column 'starter_pack_bought_at' at row 1)
2021/02/02 19:19:14 [release] SQL ERROR:C:/Cavalry/server/src/db/db_def.go:659%!(EXTRA *mysql.MySQLError=Error 1292: Incorrect datetime value: '0000-00-00' for column 'starter_pack_bought_at' at row 1)
2021/02/02 19:19:14 [release] SQL ERROR:C:/Cavalry/server/src/db/db_def.go:659%!(EXTRA *mysql.MySQLError=Error 1292: Incorrect datetime value: '0000-00-00' for column 'last_activity_summon_at' at row 1)
2021/02/02 19:19:14 [release] SQL ERROR:C:/Cavalry/server/src/db/db_def.go:659%!(EXTRA *mysql.MySQLError=Error 1292: Incorrect datetime value: '0000-00-00' for column 'starter_pack_bought_at' at row 1)
2021/02/02 19:19:14 [release] SQL ERROR:C:/Cavalry/server/src/db/db_def.go:659%!(EXTRA *mysql.MySQLError=Error 1292: Incorrect datetime value: '0000-00-00' for column 'last_activity_summon_at' at row 1)
2021/02/02 19:19:14 [release] SQL ERROR:C:/Cavalry/server/src/db/db_def.go:659%!(EXTRA *mysql.MySQLError=Error 1292: Incorrect datetime value: '0000-00-00' for column 'last_activity_summon_at' at row 1)
2021/02/02 19:19:14 [release] SQL ERROR:C:/Cavalry/server/src/db/db_def.go:659%!(EXTRA *mysql.MySQLError=Error 1292: Incorrect datetime value: '0000-00-00' for column 'last_activity_summon_at' at row 1)
2021/02/02 19:19:14 [release] SQL ERROR:C:/Cavalry/server/src/db/db_def.go:659%!(EXTRA *mysql.MySQLError=Error 1292: Incorrect datetime value: '0000-00-00' for column 'starter_pack_bought_at' at row 1)
2021/02/02 19:19:14 [release] SQL ERROR:C:/Cavalry/server/src/db/db_def.go:659%!(EXTRA *mysql.MySQLError=Error 1292: Incorrect datetime value: '0000-00-00' for column 'starter_pack_bought_at' at row 1)
2021/02/02 19:19:14 [release] SQL ERROR:C:/Cavalry/server/src/db/db_def.go:659%!(EXTRA *mysql.MySQLError=Error 1292: Incorrect datetime value: '0000-00-00' for column 'starter_pack_bought_at' at row 1)
2021/02/02 19:19:14 [release] SQL ERROR:C:/Cavalry/server/src/db/db_def.go:659%!(EXTRA *mysql.MySQLError=Error 1292: Incorrect datetime value: '0000-00-00' for column 'starter_pack_bought_at' at row 1)
2021/02/02 19:19:14 [release] SQL ERROR:C:/Cavalry/server/src/db/db_def.go:659%!(EXTRA *mysql.MySQLError=Error 1292: Incorrect datetime value: '0000-00-00' for column 'starter_pack_bought_at' at row 1)
2021/02/02 19:19:14 [release] SQL ERROR:C:/Cavalry/server/src/db/db_def.go:659%!(EXTRA *mysql.MySQLError=Error 1292: Incorrect datetime value: '0000-00-00' for column 'last_activity_summon_at' at row 1)
2021/02/02 19:19:14 [release] SQL ERROR:C:/Cavalry/server/src/db/db_def.go:659%!(EXTRA *mysql.MySQLError=Error 1292: Incorrect datetime value: '0000-00-00' for column 'starter_pack_bought_at' at row 1)
2021/02/02 19:19:14 [release] SQL ERROR:C:/Cavalry/server/src/db/db_def.go:659%!(EXTRA *mysql.MySQLError=Error 1292: Incorrect datetime value: '0000-00-00' for column 'starter_pack_bought_at' at row 1)
2021/02/02 19:19:14 [release] SQL ERROR:C:/Cavalry/server/src/db/db_def.go:659%!(EXTRA *mysql.MySQLError=Error 1292: Incorrect datetime value: '0000-00-00' for column 'starter_pack_bought_at' at row 1)
2021/02/02 19:19:14 [release] SQL ERROR:C:/Cavalry/server/src/db/db_def.go:659%!(EXTRA *mysql.MySQLError=Error 1292: Incorrect datetime value: '0000-00-00' for column 'starter_pack_bought_at' at row 1)
2021/02/02 19:19:14 [release] SQL ERROR:C:/Cavalry/server/src/db/db_def.go:659%!(EXTRA *mysql.MySQLError=Error 1292: Incorrect datetime value: '0000-00-00' for column 'starter_pack_bought_at' at row 1)
2021/02/02 19:19:14 [release] SQL ERROR:C:/Cavalry/server/src/db/db_def.go:659%!(EXTRA *mysql.MySQLError=Error 1292: Incorrect datetime value: '0000-00-00' for column 'starter_pack_bought_at' at row 1)
2021/02/02 19:19:14 [release] SQL ERROR:C:/Cavalry/server/src/db/db_def.go:659%!(EXTRA *mysql.MySQLError=Error 1292: Incorrect datetime value: '0000-00-00' for column 'starter_pack_bought_at' at row 1)
2021/02/02 19:19:14 [release] SQL ERROR:C:/Cavalry/server/src/db/db_def.go:659%!(EXTRA *mysql.MySQLError=Error 1292: Incorrect datetime value: '0000-00-00' for column 'last_activity_summon_at' at row 1)
2021/02/02 19:19:14 [release] SQL ERROR:C:/Cavalry/server/src/db/db_def.go:659%!(EXTRA *mysql.MySQLError=Error 1292: Incorrect datetime value: '0000-00-00' for column 'last_activity_summon_at' at row 1)
2021/02/02 19:19:14 [release] SQL ERROR:C:/Cavalry/server/src/db/db_def.go:659%!(EXTRA *mysql.MySQLError=Error 1292: Incorrect datetime value: '0000-00-00' for column 'last_activity_summon_at' at row 1)
2021/02/02 19:19:14 [release] SQL ERROR:C:/Cavalry/server/src/db/db_def.go:659%!(EXTRA *mysql.MySQLError=Error 1292: Incorrect datetime value: '0000-00-00' for column 'last_activity_summon_at' at row 1)
2021/02/02 19:19:14 [release] SQL ERROR:C:/Cavalry/server/src/db/db_def.go:659%!(EXTRA *mysql.MySQLError=Error 1292: Incorrect datetime value: '0000-00-00' for column 'starter_pack_bought_at' at row 1)
2021/02/02 19:19:14 [release] SQL ERROR:C:/Cavalry/server/src/db/db_def.go:659%!(EXTRA *mysql.MySQLError=Error 1292: Incorrect datetime value: '0000-00-00' for column 'starter_pack_bought_at' at row 1)
2021/02/02 19:19:14 [release] SQL ERROR:C:/Cavalry/server/src/db/db_def.go:659%!(EXTRA *mysql.MySQLError=Error 1292: Incorrect datetime value: '0000-00-00' for column 'starter_pack_bought_at' at row 1)
2021/02/02 19:19:14 [release] SQL ERROR:C:/Cavalry/server/src/db/db_def.go:659%!(EXTRA *mysql.MySQLError=Error 1292: Incorrect datetime value: '0000-00-00' for column 'starter_pack_bought_at' at row 1)
2021/02/02 19:19:14 [release] SQL ERROR:C:/Cavalry/server/src/db/db_def.go:659%!(EXTRA *mysql.MySQLError=Error 1292: Incorrect datetime value: '0000-00-00' for column 'starter_pack_bought_at' at row 1)
2021/02/02 19:19:14 [release] SQL ERROR:C:/Cavalry/server/src/db/db_def.go:659%!(EXTRA *mysql.MySQLError=Error 1292: Incorrect datetime value: '0000-00-00' for column 'starter_pack_bought_at' at row 1)
2021/02/02 19:19:14 [release] SQL ERROR:C:/Cavalry/server/src/db/db_def.go:659%!(EXTRA *mysql.MySQLError=Error 1292: Incorrect datetime value: '0000-00-00' for column 'starter_pack_bought_at' at row 1)
2021/02/02 19:19:14 [release] SQL ERROR:C:/Cavalry/server/src/db/db_def.go:659%!(EXTRA *mysql.MySQLError=Error 1292: Incorrect datetime value: '0000-00-00' for column 'starter_pack_bought_at' at row 1)
2021/02/02 19:19:14 [release] SQL ERROR:C:/Cavalry/server/src/db/db_def.go:659%!(EXTRA *mysql.MySQLError=Error 1292: Incorrect datetime value: '0000-00-00' for column 'starter_pack_bought_at' at row 1)
2021/02/02 19:19:14 [release] SQL ERROR:C:/Cavalry/server/src/db/db_def.go:659%!(EXTRA *mysql.MySQLError=Error 1292: Incorrect datetime value: '0000-00-00' for column 'starter_pack_bought_at' at row 1)
2021/02/02 19:19:14 [release] SQL ERROR:C:/Cavalry/server/src/db/db_def.go:659%!(EXTRA *mysql.MySQLError=Error 1292: Incorrect datetime value: '0000-00-00' for column 'starter_pack_bought_at' at row 1)
2021/02/02 19:19:14 [release] SQL ERROR:C:/Cavalry/server/src/db/db_def.go:659%!(EXTRA *mysql.MySQLError=Error 1292: Incorrect datetime value: '0000-00-00' for column 'starter_pack_bought_at' at row 1)
2021/02/02 19:19:14 [release] SQL ERROR:C:/Cavalry/server/src/db/db_def.go:659%!(EXTRA *mysql.MySQLError=Error 1292: Incorrect datetime value: '0000-00-00' for column 'starter_pack_bought_at' at row 1)
2021/02/02 19:19:14 [release] SQL ERROR:C:/Cavalry/server/src/db/db_def.go:659%!(EXTRA *mysql.MySQLError=Error 1292: Incorrect datetime value: '0000-00-00' for column 'starter_pack_bought_at' at row 1)
2021/02/02 19:19:14 [release] SQL ERROR:C:/Cavalry/server/src/db/db_def.go:659%!(EXTRA *mysql.MySQLError=Error 1292: Incorrect datetime value: '0000-00-00' for column 'last_activity_summon_at' at row 1)
2021/02/02 19:19:14 [release] SQL ERROR:C:/Cavalry/server/src/db/db_def.go:659%!(EXTRA *mysql.MySQLError=Error 1292: Incorrect datetime value: '0000-00-00' for column 'starter_pack_bought_at' at row 1)
2021/02/02 19:19:14 [release] SQL ERROR:C:/Cavalry/server/src/db/db_def.go:659%!(EXTRA *mysql.MySQLError=Error 1292: Incorrect datetime value: '0000-00-00' for column 'starter_pack_bought_at' at row 1)
2021/02/02 19:19:14 [release] SQL ERROR:C:/Cavalry/server/src/db/db_def.go:659%!(EXTRA *mysql.MySQLError=Error 1292: Incorrect datetime value: '0000-00-00' for column 'last_activity_summon_at' at row 1)
2021/02/02 19:19:14 [release] SQL ERROR:C:/Cavalry/server/src/db/db_def.go:659%!(EXTRA *mysql.MySQLError=Error 1292: Incorrect datetime value: '0000-00-00' for column 'starter_pack_bought_at' at row 1)
2021/02/02 19:19:14 [release] SQL ERROR:C:/Cavalry/server/src/db/db_def.go:659%!(EXTRA *mysql.MySQLError=Error 1292: Incorrect datetime value: '0000-00-00' for column 'starter_pack_bought_at' at row 1)
2021/02/02 19:19:14 [release] SQL ERROR:C:/Cavalry/server/src/db/db_def.go:659%!(EXTRA *mysql.MySQLError=Error 1292: Incorrect datetime value: '0000-00-00' for column 'starter_pack_bought_at' at row 1)
2021/02/02 19:19:14 [release] SQL ERROR:C:/Cavalry/server/src/db/db_def.go:659%!(EXTRA *mysql.MySQLError=Error 1292: Incorrect datetime value: '0000-00-00' for column 'starter_pack_bought_at' at row 1)
2021/02/02 19:19:14 [release] SQL ERROR:C:/Cavalry/server/src/db/db_def.go:659%!(EXTRA *mysql.MySQLError=Error 1292: Incorrect datetime value: '0000-00-00' for column 'last_activity_summon_at' at row 1)
2021/02/02 19:19:14 [release] SQL ERROR:C:/Cavalry/server/src/db/db_def.go:659%!(EXTRA *mysql.MySQLError=Error 1292: Incorrect datetime value: '0000-00-00' for column 'starter_pack_bought_at' at row 1)
2021/02/02 19:19:14 [release] SQL ERROR:C:/Cavalry/server/src/db/db_def.go:659%!(EXTRA *mysql.MySQLError=Error 1292: Incorrect datetime value: '0000-00-00' for column 'last_activity_summon_at' at row 1)
2021/02/02 19:19:14 [release] SQL ERROR:C:/Cavalry/server/src/db/db_def.go:659%!(EXTRA *mysql.MySQLError=Error 1292: Incorrect datetime value: '0000-00-00' for column 'starter_pack_bought_at' at row 1)
2021/02/02 19:19:14 [release] SQL ERROR:C:/Cavalry/server/src/db/db_def.go:659%!(EXTRA *mysql.MySQLError=Error 1292: Incorrect datetime value: '0000-00-00' for column 'starter_pack_bought_at' at row 1)
2021/02/02 19:19:14 [release] SQL ERROR:C:/Cavalry/server/src/db/db_def.go:659%!(EXTRA *mysql.MySQLError=Error 1292: Incorrect datetime value: '0000-00-00' for column 'starter_pack_bought_at' at row 1)
2021/02/02 19:19:14 [release] SQL ERROR:C:/Cavalry/server/src/db/db_def.go:659%!(EXTRA *mysql.MySQLError=Error 1292: Incorrect datetime value: '0000-00-00' for column 'starter_pack_bought_at' at row 1)
2021/02/02 19:19:14 [release] SQL ERROR:C:/Cavalry/server/src/db/db_def.go:659%!(EXTRA *mysql.MySQLError=Error 1292: Incorrect datetime value: '0000-00-00' for column 'starter_pack_bought_at' at row 1)
2021/02/02 19:19:14 [release] SQL ERROR:C:/Cavalry/server/src/db/db_def.go:659%!(EXTRA *mysql.MySQLError=Error 1292: Incorrect datetime value: '0000-00-00' for column 'starter_pack_bought_at' at row 1)
2021/02/02 19:19:14 [release] SQL ERROR:C:/Cavalry/server/src/db/db_def.go:659%!(EXTRA *mysql.MySQLError=Error 1292: Incorrect datetime value: '0000-00-00' for column 'starter_pack_bought_at' at row 1)
2021/02/02 19:19:14 [release] SQL ERROR:C:/Cavalry/server/src/db/db_def.go:659%!(EXTRA *mysql.MySQLError=Error 1292: Incorrect datetime value: '0000-00-00' for column 'starter_pack_bought_at' at row 1)
2021/02/02 19:19:14 [release] SQL ERROR:C:/Cavalry/server/src/db/db_def.go:659%!(EXTRA *mysql.MySQLError=Error 1292: Incorrect datetime value: '0000-00-00' for column 'starter_pack_bought_at' at row 1)
2021/02/02 19:19:14 [release] SQL ERROR:C:/Cavalry/server/src/db/db_def.go:659%!(EXTRA *mysql.MySQLError=Error 1292: Incorrect datetime value: '0000-00-00' for column 'starter_pack_bought_at' at row 1)
2021/02/02 19:19:14 [release] SQL ERROR:C:/Cavalry/server/src/db/db_def.go:659%!(EXTRA *mysql.MySQLError=Error 1292: Incorrect datetime value: '0000-00-00' for column 'starter_pack_bought_at' at row 1)
2021/02/02 19:19:14 [release] SQL ERROR:C:/Cavalry/server/src/db/db_def.go:659%!(EXTRA *mysql.MySQLError=Error 1292: Incorrect datetime value: '0000-00-00' for column 'last_activity_summon_at' at row 1)
2021/02/02 19:19:14 [release] SQL ERROR:C:/Cavalry/server/src/db/db_def.go:659%!(EXTRA *mysql.MySQLError=Error 1292: Incorrect datetime value: '0000-00-00' for column 'starter_pack_bought_at' at row 1)
2021/02/02 19:19:14 [release] SQL ERROR:C:/Cavalry/server/src/db/db_def.go:659%!(EXTRA *mysql.MySQLError=Error 1292: Incorrect datetime value: '0000-00-00' for column 'last_activity_summon_at' at row 1)
2021/02/02 19:19:14 [release] SQL ERROR:C:/Cavalry/server/src/db/db_def.go:659%!(EXTRA *mysql.MySQLError=Error 1292: Incorrect datetime value: '0000-00-00' for column 'last_activity_summon_at' at row 1)
2021/02/02 19:19:14 [release] SQL ERROR:C:/Cavalry/server/src/db/db_def.go:659%!(EXTRA *mysql.MySQLError=Error 1292: Incorrect datetime value: '0000-00-00' for column 'starter_pack_bought_at' at row 1)
2021/02/02 19:19:14 [release] SQL ERROR:C:/Cavalry/server/src/db/db_def.go:659%!(EXTRA *mysql.MySQLError=Error 1292: Incorrect datetime value: '0000-00-00' for column 'starter_pack_bought_at' at row 1)
2021/02/02 19:19:14 [release] SQL ERROR:C:/Cavalry/server/src/db/db_def.go:659%!(EXTRA *mysql.MySQLError=Error 1292: Incorrect datetime value: '0000-00-00' for column 'last_activity_summon_at' at row 1)
2021/02/02 19:19:14 [release] SQL ERROR:C:/Cavalry/server/src/db/db_def.go:659%!(EXTRA *mysql.MySQLError=Error 1292: Incorrect datetime value: '0000-00-00' for column 'starter_pack_bought_at' at row 1)
2021/02/02 19:19:14 [release] SQL ERROR:C:/Cavalry/server/src/db/db_def.go:659%!(EXTRA *mysql.MySQLError=Error 1292: Incorrect datetime value: '0000-00-00' for column 'last_activity_summon_at' at row 1)
2021/02/02 19:19:14 [release] SQL ERROR:C:/Cavalry/server/src/db/db_def.go:659%!(EXTRA *mysql.MySQLError=Error 1292: Incorrect datetime value: '0000-00-00' for column 'starter_pack_bought_at' at row 1)
2021/02/02 19:19:14 [release] SQL ERROR:C:/Cavalry/server/src/db/db_def.go:659%!(EXTRA *mysql.MySQLError=Error 1292: Incorrect datetime value: '0000-00-00' for column 'starter_pack_bought_at' at row 1)
2021/02/02 19:19:14 [release] SQL ERROR:C:/Cavalry/server/src/db/db_def.go:659%!(EXTRA *mysql.MySQLError=Error 1292: Incorrect datetime value: '0000-00-00' for column 'starter_pack_bought_at' at row 1)
2021/02/02 19:19:14 [release] SQL ERROR:C:/Cavalry/server/src/db/db_def.go:659%!(EXTRA *mysql.MySQLError=Error 1292: Incorrect datetime value: '0000-00-00' for column 'starter_pack_bought_at' at row 1)
2021/02/02 19:19:14 [release] SQL ERROR:C:/Cavalry/server/src/db/db_def.go:659%!(EXTRA *mysql.MySQLError=Error 1292: Incorrect datetime value: '0000-00-00' for column 'starter_pack_bought_at' at row 1)
2021/02/02 19:19:14 [release] SQL ERROR:C:/Cavalry/server/src/db/db_def.go:659%!(EXTRA *mysql.MySQLError=Error 1292: Incorrect datetime value: '0000-00-00' for column 'last_activity_summon_at' at row 1)
2021/02/02 19:19:14 [release] SQL ERROR:C:/Cavalry/server/src/db/db_def.go:659%!(EXTRA *mysql.MySQLError=Error 1292: Incorrect datetime value: '0000-00-00' for column 'starter_pack_bought_at' at row 1)
2021/02/02 19:19:14 [release] SQL ERROR:C:/Cavalry/server/src/db/db_def.go:659%!(EXTRA *mysql.MySQLError=Error 1292: Incorrect datetime value: '0000-00-00' for column 'last_activity_summon_at' at row 1)
2021/02/02 19:19:14 [release] SQL ERROR:C:/Cavalry/server/src/db/db_def.go:659%!(EXTRA *mysql.MySQLError=Error 1292: Incorrect datetime value: '0000-00-00' for column 'starter_pack_bought_at' at row 1)
2021/02/02 19:19:14 [release] SQL ERROR:C:/Cavalry/server/src/db/db_def.go:659%!(EXTRA *mysql.MySQLError=Error 1292: Incorrect datetime value: '0000-00-00' for column 'starter_pack_bought_at' at row 1)
2021/02/02 19:19:14 [release] SQL ERROR:C:/Cavalry/server/src/db/db_def.go:659%!(EXTRA *mysql.MySQLError=Error 1292: Incorrect datetime value: '0000-00-00' for column 'starter_pack_bought_at' at row 1)
2021/02/02 19:19:14 [release] SQL ERROR:C:/Cavalry/server/src/db/db_def.go:659%!(EXTRA *mysql.MySQLError=Error 1292: Incorrect datetime value: '0000-00-00' for column 'starter_pack_bought_at' at row 1)
2021/02/02 19:19:14 [release] SQL ERROR:C:/Cavalry/server/src/db/db_def.go:659%!(EXTRA *mysql.MySQLError=Error 1292: Incorrect datetime value: '0000-00-00' for column 'starter_pack_bought_at' at row 1)
2021/02/02 19:19:14 [release] SQL ERROR:C:/Cavalry/server/src/db/db_def.go:659%!(EXTRA *mysql.MySQLError=Error 1292: Incorrect datetime value: '0000-00-00' for column 'starter_pack_bought_at' at row 1)
2021/02/02 19:19:14 [release] SQL ERROR:C:/Cavalry/server/src/db/db_def.go:659%!(EXTRA *mysql.MySQLError=Error 1292: Incorrect datetime value: '0000-00-00' for column 'last_activity_summon_at' at row 1)
2021/02/02 19:19:14 [release] SQL ERROR:C:/Cavalry/server/src/db/db_def.go:659%!(EXTRA *mysql.MySQLError=Error 1292: Incorrect datetime value: '0000-00-00' for column 'starter_pack_bought_at' at row 1)
2021/02/02 19:19:14 [release] SQL ERROR:C:/Cavalry/server/src/db/db_def.go:659%!(EXTRA *mysql.MySQLError=Error 1292: Incorrect datetime value: '0000-00-00' for column 'starter_pack_bought_at' at row 1)
2021/02/02 19:19:14 [release] SQL ERROR:C:/Cavalry/server/src/db/db_def.go:659%!(EXTRA *mysql.MySQLError=Error 1292: Incorrect datetime value: '0000-00-00' for column 'starter_pack_bought_at' at row 1)
2021/02/02 19:19:15 [release] SQL ERROR:C:/Cavalry/server/src/db/db_def.go:659%!(EXTRA *mysql.MySQLError=Error 1292: Incorrect datetime value: '0000-00-00' for column 'starter_pack_bought_at' at row 1)
2021/02/02 19:19:15 [release] SQL ERROR:C:/Cavalry/server/src/db/db_def.go:659%!(EXTRA *mysql.MySQLError=Error 1292: Incorrect datetime value: '0000-00-00' for column 'starter_pack_bought_at' at row 1)
2021/02/02 19:19:15 [release] SQL ERROR:C:/Cavalry/server/src/db/db_def.go:659%!(EXTRA *mysql.MySQLError=Error 1292: Incorrect datetime value: '0000-00-00' for column 'starter_pack_bought_at' at row 1)
2021/02/02 19:19:15 [release] SQL ERROR:C:/Cavalry/server/src/db/db_def.go:659%!(EXTRA *mysql.MySQLError=Error 1292: Incorrect datetime value: '0000-00-00' for column 'starter_pack_bought_at' at row 1)
2021/02/02 19:19:15 [release] SQL ERROR:C:/Cavalry/server/src/db/db_def.go:659%!(EXTRA *mysql.MySQLError=Error 1292: Incorrect datetime value: '0000-00-00' for column 'starter_pack_bought_at' at row 1)
2021/02/02 19:19:15 [release] SQL ERROR:C:/Cavalry/server/src/db/db_def.go:659%!(EXTRA *mysql.MySQLError=Error 1292: Incorrect datetime value: '0000-00-00' for column 'starter_pack_bought_at' at row 1)
2021/02/02 19:19:15 [release] SQL ERROR:C:/Cavalry/server/src/db/db_def.go:659%!(EXTRA *mysql.MySQLError=Error 1292: Incorrect datetime value: '0000-00-00' for column 'starter_pack_bought_at' at row 1)
2021/02/02 19:19:15 [release] SQL ERROR:C:/Cavalry/server/src/db/db_def.go:659%!(EXTRA *mysql.MySQLError=Error 1292: Incorrect datetime value: '0000-00-00' for column 'last_activity_summon_at' at row 1)
2021/02/02 19:19:15 [release] SQL ERROR:C:/Cavalry/server/src/db/db_def.go:659%!(EXTRA *mysql.MySQLError=Error 1292: Incorrect datetime value: '0000-00-00' for column 'starter_pack_bought_at' at row 1)
2021/02/02 19:19:15 [release] SQL ERROR:C:/Cavalry/server/src/db/db_def.go:659%!(EXTRA *mysql.MySQLError=Error 1292: Incorrect datetime value: '0000-00-00' for column 'last_activity_summon_at' at row 1)
2021/02/02 19:19:15 [release] SQL ERROR:C:/Cavalry/server/src/db/db_def.go:659%!(EXTRA *mysql.MySQLError=Error 1292: Incorrect datetime value: '0000-00-00' for column 'starter_pack_bought_at' at row 1)
2021/02/02 19:19:15 [release] SQL ERROR:C:/Cavalry/server/src/db/db_def.go:659%!(EXTRA *mysql.MySQLError=Error 1292: Incorrect datetime value: '0000-00-00' for column 'starter_pack_bought_at' at row 1)
2021/02/02 19:19:15 [release] SQL ERROR:C:/Cavalry/server/src/db/db_def.go:659%!(EXTRA *mysql.MySQLError=Error 1292: Incorrect datetime value: '0000-00-00' for column 'starter_pack_bought_at' at row 1)
2021/02/02 19:19:15 [release] SQL ERROR:C:/Cavalry/server/src/db/db_def.go:659%!(EXTRA *mysql.MySQLError=Error 1292: Incorrect datetime value: '0000-00-00' for column 'starter_pack_bought_at' at row 1)
2021/02/02 19:19:15 [release] SQL ERROR:C:/Cavalry/server/src/db/db_def.go:659%!(EXTRA *mysql.MySQLError=Error 1292: Incorrect datetime value: '0000-00-00' for column 'last_activity_summon_at' at row 1)
2021/02/02 19:19:15 [release] SQL ERROR:C:/Cavalry/server/src/db/db_def.go:659%!(EXTRA *mysql.MySQLError=Error 1292: Incorrect datetime value: '0000-00-00' for column 'starter_pack_bought_at' at row 1)
2021/02/02 19:19:15 [release] SQL ERROR:C:/Cavalry/server/src/db/db_def.go:659%!(EXTRA *mysql.MySQLError=Error 1292: Incorrect datetime value: '0000-00-00' for column 'starter_pack_bought_at' at row 1)
2021/02/02 19:19:15 [release] SQL ERROR:C:/Cavalry/server/src/db/db_def.go:659%!(EXTRA *mysql.MySQLError=Error 1292: Incorrect datetime value: '0000-00-00' for column 'last_activity_summon_at' at row 1)
2021/02/02 19:19:15 [release] SQL ERROR:C:/Cavalry/server/src/db/db_def.go:659%!(EXTRA *mysql.MySQLError=Error 1292: Incorrect datetime value: '0000-00-00' for column 'starter_pack_bought_at' at row 1)
2021/02/02 19:19:15 [release] SQL ERROR:C:/Cavalry/server/src/db/db_def.go:659%!(EXTRA *mysql.MySQLError=Error 1292: Incorrect datetime value: '0000-00-00' for column 'starter_pack_bought_at' at row 1)
2021/02/02 19:19:15 [release] SQL ERROR:C:/Cavalry/server/src/db/db_def.go:659%!(EXTRA *mysql.MySQLError=Error 1292: Incorrect datetime value: '0000-00-00' for column 'last_activity_summon_at' at row 1)
2021/02/02 19:19:15 [release] SQL ERROR:C:/Cavalry/server/src/db/db_def.go:659%!(EXTRA *mysql.MySQLError=Error 1292: Incorrect datetime value: '0000-00-00' for column 'starter_pack_bought_at' at row 1)
2021/02/02 19:19:15 [release] SQL ERROR:C:/Cavalry/server/src/db/db_def.go:659%!(EXTRA *mysql.MySQLError=Error 1292: Incorrect datetime value: '0000-00-00' for column 'starter_pack_bought_at' at row 1)
2021/02/02 19:19:15 [release] SQL ERROR:C:/Cavalry/server/src/db/db_def.go:659%!(EXTRA *mysql.MySQLError=Error 1292: Incorrect datetime value: '0000-00-00' for column 'starter_pack_bought_at' at row 1)
2021/02/02 19:19:15 [release] SQL ERROR:C:/Cavalry/server/src/db/db_def.go:659%!(EXTRA *mysql.MySQLError=Error 1292: Incorrect datetime value: '0000-00-00' for column 'starter_pack_bought_at' at row 1)
2021/02/02 19:19:15 [release] SQL ERROR:C:/Cavalry/server/src/db/db_def.go:659%!(EXTRA *mysql.MySQLError=Error 1292: Incorrect datetime value: '0000-00-00' for column 'last_activity_summon_at' at row 1)
2021/02/02 19:19:15 [release] SQL ERROR:C:/Cavalry/server/src/db/db_def.go:659%!(EXTRA *mysql.MySQLError=Error 1292: Incorrect datetime value: '0000-00-00' for column 'last_activity_summon_at' at row 1)
2021/02/02 19:19:15 [release] SQL ERROR:C:/Cavalry/server/src/db/db_def.go:659%!(EXTRA *mysql.MySQLError=Error 1292: Incorrect datetime value: '0000-00-00' for column 'starter_pack_bought_at' at row 1)
2021/02/02 19:19:15 [release] SQL ERROR:C:/Cavalry/server/src/db/db_def.go:659%!(EXTRA *mysql.MySQLError=Error 1292: Incorrect datetime value: '0000-00-00' for column 'starter_pack_bought_at' at row 1)
2021/02/02 19:19:15 [release] SQL ERROR:C:/Cavalry/server/src/db/db_def.go:659%!(EXTRA *mysql.MySQLError=Error 1292: Incorrect datetime value: '0000-00-00' for column 'starter_pack_bought_at' at row 1)
2021/02/02 19:19:15 [release] SQL ERROR:C:/Cavalry/server/src/db/db_def.go:659%!(EXTRA *mysql.MySQLError=Error 1292: Incorrect datetime value: '0000-00-00' for column 'starter_pack_bought_at' at row 1)
2021/02/02 19:19:15 [release] SQL ERROR:C:/Cavalry/server/src/db/db_def.go:659%!(EXTRA *mysql.MySQLError=Error 1292: Incorrect datetime value: '0000-00-00' for column 'last_activity_summon_at' at row 1)
2021/02/02 19:19:15 [release] SQL ERROR:C:/Cavalry/server/src/db/db_def.go:659%!(EXTRA *mysql.MySQLError=Error 1292: Incorrect datetime value: '0000-00-00' for column 'starter_pack_bought_at' at row 1)
2021/02/02 19:19:15 [release] SQL ERROR:C:/Cavalry/server/src/db/db_def.go:659%!(EXTRA *mysql.MySQLError=Error 1292: Incorrect datetime value: '0000-00-00' for column 'last_activity_summon_at' at row 1)
2021/02/02 19:19:15 [release] SQL ERROR:C:/Cavalry/server/src/db/db_def.go:659%!(EXTRA *mysql.MySQLError=Error 1292: Incorrect datetime value: '0000-00-00' for column 'last_activity_summon_at' at row 1)
2021/02/02 19:19:15 [release] SQL ERROR:C:/Cavalry/server/src/db/db_def.go:659%!(EXTRA *mysql.MySQLError=Error 1292: Incorrect datetime value: '0000-00-00' for column 'last_activity_summon_at' at row 1)
2021/02/02 19:19:15 [release] SQL ERROR:C:/Cavalry/server/src/db/db_def.go:659%!(EXTRA *mysql.MySQLError=Error 1292: Incorrect datetime value: '0000-00-00' for column 'starter_pack_bought_at' at row 1)
2021/02/02 19:19:15 [release] SQL ERROR:C:/Cavalry/server/src/db/db_def.go:659%!(EXTRA *mysql.MySQLError=Error 1292: Incorrect datetime value: '0000-00-00' for column 'last_activity_summon_at' at row 1)
2021/02/02 19:19:15 [release] SQL ERROR:C:/Cavalry/server/src/db/db_def.go:659%!(EXTRA *mysql.MySQLError=Error 1292: Incorrect datetime value: '0000-00-00' for column 'starter_pack_bought_at' at row 1)
2021/02/02 19:19:15 [release] SQL ERROR:C:/Cavalry/server/src/db/db_def.go:659%!(EXTRA *mysql.MySQLError=Error 1292: Incorrect datetime value: '0000-00-00' for column 'starter_pack_bought_at' at row 1)
2021/02/02 19:19:15 [release] SQL ERROR:C:/Cavalry/server/src/db/db_def.go:659%!(EXTRA *mysql.MySQLError=Error 1292: Incorrect datetime value: '0000-00-00' for column 'starter_pack_bought_at' at row 1)
2021/02/02 19:19:15 [release] SQL ERROR:C:/Cavalry/server/src/db/db_def.go:659%!(EXTRA *mysql.MySQLError=Error 1292: Incorrect datetime value: '0000-00-00' for column 'starter_pack_bought_at' at row 1)
2021/02/02 19:19:15 [release] SQL ERROR:C:/Cavalry/server/src/db/db_def.go:659%!(EXTRA *mysql.MySQLError=Error 1292: Incorrect datetime value: '0000-00-00' for column 'last_activity_summon_at' at row 1)
2021/02/02 19:19:15 [release] SQL ERROR:C:/Cavalry/server/src/db/db_def.go:659%!(EXTRA *mysql.MySQLError=Error 1292: Incorrect datetime value: '0000-00-00' for column 'starter_pack_bought_at' at row 1)
2021/02/02 19:19:15 [release] SQL ERROR:C:/Cavalry/server/src/db/db_def.go:659%!(EXTRA *mysql.MySQLError=Error 1292: Incorrect datetime value: '0000-00-00' for column 'starter_pack_bought_at' at row 1)
2021/02/02 19:19:15 [release] SQL ERROR:C:/Cavalry/server/src/db/db_def.go:659%!(EXTRA *mysql.MySQLError=Error 1292: Incorrect datetime value: '0000-00-00' for column 'starter_pack_bought_at' at row 1)
2021/02/02 19:19:15 [release] SQL ERROR:C:/Cavalry/server/src/db/db_def.go:659%!(EXTRA *mysql.MySQLError=Error 1292: Incorrect datetime value: '0000-00-00' for column 'starter_pack_bought_at' at row 1)
2021/02/02 19:19:15 [release] SQL ERROR:C:/Cavalry/server/src/db/db_def.go:659%!(EXTRA *mysql.MySQLError=Error 1292: Incorrect datetime value: '0000-00-00' for column 'starter_pack_bought_at' at row 1)
2021/02/02 19:19:15 [release] SQL ERROR:C:/Cavalry/server/src/db/db_def.go:659%!(EXTRA *mysql.MySQLError=Error 1292: Incorrect datetime value: '0000-00-00' for column 'starter_pack_bought_at' at row 1)
2021/02/02 19:19:15 [release] SQL ERROR:C:/Cavalry/server/src/db/db_def.go:659%!(EXTRA *mysql.MySQLError=Error 1292: Incorrect datetime value: '0000-00-00' for column 'starter_pack_bought_at' at row 1)
2021/02/02 19:19:15 [release] SQL ERROR:C:/Cavalry/server/src/db/db_def.go:659%!(EXTRA *mysql.MySQLError=Error 1292: Incorrect datetime value: '0000-00-00' for column 'starter_pack_bought_at' at row 1)
2021/02/02 19:19:15 [release] SQL ERROR:C:/Cavalry/server/src/db/db_def.go:659%!(EXTRA *mysql.MySQLError=Error 1292: Incorrect datetime value: '0000-00-00' for column 'starter_pack_bought_at' at row 1)
2021/02/02 19:19:15 [release] SQL ERROR:C:/Cavalry/server/src/db/db_def.go:659%!(EXTRA *mysql.MySQLError=Error 1292: Incorrect datetime value: '0000-00-00' for column 'starter_pack_bought_at' at row 1)
2021/02/02 19:19:15 [release] SQL ERROR:C:/Cavalry/server/src/db/db_def.go:659%!(EXTRA *mysql.MySQLError=Error 1292: Incorrect datetime value: '0000-00-00' for column 'starter_pack_bought_at' at row 1)
2021/02/02 19:19:15 [release] SQL ERROR:C:/Cavalry/server/src/db/db_def.go:659%!(EXTRA *mysql.MySQLError=Error 1292: Incorrect datetime value: '0000-00-00' for column 'last_activity_summon_at' at row 1)
2021/02/02 19:19:15 [release] SQL ERROR:C:/Cavalry/server/src/db/db_def.go:659%!(EXTRA *mysql.MySQLError=Error 1292: Incorrect datetime value: '0000-00-00' for column 'starter_pack_bought_at' at row 1)
2021/02/02 19:19:15 [release] SQL ERROR:C:/Cavalry/server/src/db/db_def.go:659%!(EXTRA *mysql.MySQLError=Error 1292: Incorrect datetime value: '0000-00-00' for column 'last_activity_summon_at' at row 1)
2021/02/02 19:19:15 [release] SQL ERROR:C:/Cavalry/server/src/db/db_def.go:659%!(EXTRA *mysql.MySQLError=Error 1292: Incorrect datetime value: '0000-00-00' for column 'starter_pack_bought_at' at row 1)
2021/02/02 19:19:15 [release] SQL ERROR:C:/Cavalry/server/src/db/db_def.go:659%!(EXTRA *mysql.MySQLError=Error 1292: Incorrect datetime value: '0000-00-00' for column 'starter_pack_bought_at' at row 1)
2021/02/02 19:19:15 [release] SQL ERROR:C:/Cavalry/server/src/db/db_def.go:659%!(EXTRA *mysql.MySQLError=Error 1292: Incorrect datetime value: '0000-00-00' for column 'starter_pack_bought_at' at row 1)
2021/02/02 19:19:15 [release] SQL ERROR:C:/Cavalry/server/src/db/db_def.go:659%!(EXTRA *mysql.MySQLError=Error 1292: Incorrect datetime value: '0000-00-00' for column 'starter_pack_bought_at' at row 1)
2021/02/02 19:19:15 [release] SQL ERROR:C:/Cavalry/server/src/db/db_def.go:659%!(EXTRA *mysql.MySQLError=Error 1292: Incorrect datetime value: '0000-00-00' for column 'starter_pack_bought_at' at row 1)
2021/02/02 19:19:15 [release] SQL ERROR:C:/Cavalry/server/src/db/db_def.go:659%!(EXTRA *mysql.MySQLError=Error 1292: Incorrect datetime value: '0000-00-00' for column 'starter_pack_bought_at' at row 1)
2021/02/02 19:19:15 [release] SQL ERROR:C:/Cavalry/server/src/db/db_def.go:659%!(EXTRA *mysql.MySQLError=Error 1292: Incorrect datetime value: '0000-00-00' for column 'starter_pack_bought_at' at row 1)
2021/02/02 19:19:15 [release] SQL ERROR:C:/Cavalry/server/src/db/db_def.go:659%!(EXTRA *mysql.MySQLError=Error 1292: Incorrect datetime value: '0000-00-00' for column 'last_activity_summon_at' at row 1)
2021/02/02 19:19:15 [release] SQL ERROR:C:/Cavalry/server/src/db/db_def.go:659%!(EXTRA *mysql.MySQLError=Error 1292: Incorrect datetime value: '0000-00-00' for column 'starter_pack_bought_at' at row 1)
2021/02/02 19:19:15 [release] SQL ERROR:C:/Cavalry/server/src/db/db_def.go:659%!(EXTRA *mysql.MySQLError=Error 1292: Incorrect datetime value: '0000-00-00' for column 'starter_pack_bought_at' at row 1)
2021/02/02 19:19:15 [release] SQL ERROR:C:/Cavalry/server/src/db/db_def.go:659%!(EXTRA *mysql.MySQLError=Error 1292: Incorrect datetime value: '0000-00-00' for column 'last_activity_summon_at' at row 1)
2021/02/02 19:19:15 [release] SQL ERROR:C:/Cavalry/server/src/db/db_def.go:659%!(EXTRA *mysql.MySQLError=Error 1292: Incorrect datetime value: '0000-00-00' for column 'last_activity_summon_at' at row 1)
2021/02/02 19:19:15 [release] SQL ERROR:C:/Cavalry/server/src/db/db_def.go:659%!(EXTRA *mysql.MySQLError=Error 1292: Incorrect datetime value: '0000-00-00' for column 'starter_pack_bought_at' at row 1)
2021/02/02 19:19:15 [release] SQL ERROR:C:/Cavalry/server/src/db/db_def.go:659%!(EXTRA *mysql.MySQLError=Error 1292: Incorrect datetime value: '0000-00-00' for column 'starter_pack_bought_at' at row 1)
2021/02/02 19:19:15 [release] SQL ERROR:C:/Cavalry/server/src/db/db_def.go:659%!(EXTRA *mysql.MySQLError=Error 1292: Incorrect datetime value: '0000-00-00' for column 'starter_pack_bought_at' at row 1)
2021/02/02 19:19:15 [release] SQL ERROR:C:/Cavalry/server/src/db/db_def.go:659%!(EXTRA *mysql.MySQLError=Error 1292: Incorrect datetime value: '0000-00-00' for column 'starter_pack_bought_at' at row 1)
2021/02/02 19:19:15 [release] SQL ERROR:C:/Cavalry/server/src/db/db_def.go:659%!(EXTRA *mysql.MySQLError=Error 1292: Incorrect datetime value: '0000-00-00' for column 'last_activity_summon_at' at row 1)
2021/02/02 19:19:15 [release] SQL ERROR:C:/Cavalry/server/src/db/db_def.go:659%!(EXTRA *mysql.MySQLError=Error 1292: Incorrect datetime value: '0000-00-00' for column 'starter_pack_bought_at' at row 1)
2021/02/02 19:19:15 [release] SQL ERROR:C:/Cavalry/server/src/db/db_def.go:659%!(EXTRA *mysql.MySQLError=Error 1292: Incorrect datetime value: '0000-00-00' for column 'starter_pack_bought_at' at row 1)
2021/02/02 19:19:15 [release] SQL ERROR:C:/Cavalry/server/src/db/db_def.go:659%!(EXTRA *mysql.MySQLError=Error 1292: Incorrect datetime value: '0000-00-00' for column 'starter_pack_bought_at' at row 1)
2021/02/02 19:19:15 [release] SQL ERROR:C:/Cavalry/server/src/db/db_def.go:659%!(EXTRA *mysql.MySQLError=Error 1292: Incorrect datetime value: '0000-00-00' for column 'starter_pack_bought_at' at row 1)
2021/02/02 19:19:15 [release] SQL ERROR:C:/Cavalry/server/src/db/db_def.go:659%!(EXTRA *mysql.MySQLError=Error 1292: Incorrect datetime value: '0000-00-00' for column 'starter_pack_bought_at' at row 1)
2021/02/02 19:19:15 [release] SQL ERROR:C:/Cavalry/server/src/db/db_def.go:659%!(EXTRA *mysql.MySQLError=Error 1292: Incorrect datetime value: '0000-00-00' for column 'starter_pack_bought_at' at row 1)
2021/02/02 19:19:15 [release] SQL ERROR:C:/Cavalry/server/src/db/db_def.go:659%!(EXTRA *mysql.MySQLError=Error 1292: Incorrect datetime value: '0000-00-00' for column 'last_activity_summon_at' at row 1)
2021/02/02 19:19:15 [release] SQL ERROR:C:/Cavalry/server/src/db/db_def.go:659%!(EXTRA *mysql.MySQLError=Error 1292: Incorrect datetime value: '0000-00-00' for column 'starter_pack_bought_at' at row 1)
2021/02/02 19:19:15 [release] SQL ERROR:C:/Cavalry/server/src/db/db_def.go:659%!(EXTRA *mysql.MySQLError=Error 1292: Incorrect datetime value: '0000-00-00' for column 'starter_pack_bought_at' at row 1)
2021/02/02 19:19:15 [release] SQL ERROR:C:/Cavalry/server/src/db/db_def.go:659%!(EXTRA *mysql.MySQLError=Error 1292: Incorrect datetime value: '0000-00-00' for column 'starter_pack_bought_at' at row 1)
2021/02/02 19:19:15 [release] SQL ERROR:C:/Cavalry/server/src/db/db_def.go:659%!(EXTRA *mysql.MySQLError=Error 1292: Incorrect datetime value: '0000-00-00' for column 'starter_pack_bought_at' at row 1)
2021/02/02 19:19:15 [release] SQL ERROR:C:/Cavalry/server/src/db/db_def.go:659%!(EXTRA *mysql.MySQLError=Error 1292: Incorrect datetime value: '0000-00-00' for column 'starter_pack_bought_at' at row 1)
2021/02/02 19:19:15 [release] SQL ERROR:C:/Cavalry/server/src/db/db_def.go:659%!(EXTRA *mysql.MySQLError=Error 1292: Incorrect datetime value: '0000-00-00' for column 'starter_pack_bought_at' at row 1)
2021/02/02 19:19:15 [release] SQL ERROR:C:/Cavalry/server/src/db/db_def.go:659%!(EXTRA *mysql.MySQLError=Error 1292: Incorrect datetime value: '0000-00-00' for column 'starter_pack_bought_at' at row 1)
2021/02/02 19:19:15 [release] SQL ERROR:C:/Cavalry/server/src/db/db_def.go:659%!(EXTRA *mysql.MySQLError=Error 1292: Incorrect datetime value: '0000-00-00' for column 'last_activity_summon_at' at row 1)
2021/02/02 19:19:15 [release] SQL ERROR:C:/Cavalry/server/src/db/db_def.go:659%!(EXTRA *mysql.MySQLError=Error 1292: Incorrect datetime value: '0000-00-00' for column 'starter_pack_bought_at' at row 1)
2021/02/02 19:19:15 [release] SQL ERROR:C:/Cavalry/server/src/db/db_def.go:659%!(EXTRA *mysql.MySQLError=Error 1292: Incorrect datetime value: '0000-00-00' for column 'starter_pack_bought_at' at row 1)
2021/02/02 19:19:15 [release] SQL ERROR:C:/Cavalry/server/src/db/db_def.go:659%!(EXTRA *mysql.MySQLError=Error 1292: Incorrect datetime value: '0000-00-00' for column 'starter_pack_bought_at' at row 1)
2021/02/02 19:19:15 [release] SQL ERROR:C:/Cavalry/server/src/db/db_def.go:659%!(EXTRA *mysql.MySQLError=Error 1292: Incorrect datetime value: '0000-00-00' for column 'starter_pack_bought_at' at row 1)
2021/02/02 19:19:15 [release] SQL ERROR:C:/Cavalry/server/src/db/db_def.go:659%!(EXTRA *mysql.MySQLError=Error 1292: Incorrect datetime value: '0000-00-00' for column 'last_activity_summon_at' at row 1)
2021/02/02 19:19:15 [release] SQL ERROR:C:/Cavalry/server/src/db/db_def.go:659%!(EXTRA *mysql.MySQLError=Error 1292: Incorrect datetime value: '0000-00-00' for column 'starter_pack_bought_at' at row 1)
2021/02/02 19:19:15 [release] SQL ERROR:C:/Cavalry/server/src/db/db_def.go:659%!(EXTRA *mysql.MySQLError=Error 1292: Incorrect datetime value: '0000-00-00' for column 'starter_pack_bought_at' at row 1)
2021/02/02 19:19:15 [release] SQL ERROR:C:/Cavalry/server/src/db/db_def.go:659%!(EXTRA *mysql.MySQLError=Error 1292: Incorrect datetime value: '0000-00-00' for column 'starter_pack_bought_at' at row 1)
2021/02/02 19:19:15 [release] SQL ERROR:C:/Cavalry/server/src/db/db_def.go:659%!(EXTRA *mysql.MySQLError=Error 1292: Incorrect datetime value: '0000-00-00' for column 'starter_pack_bought_at' at row 1)
2021/02/02 19:19:15 [release] SQL ERROR:C:/Cavalry/server/src/db/db_def.go:659%!(EXTRA *mysql.MySQLError=Error 1292: Incorrect datetime value: '0000-00-00' for column 'starter_pack_bought_at' at row 1)
2021/02/02 19:19:15 [release] SQL ERROR:C:/Cavalry/server/src/db/db_def.go:659%!(EXTRA *mysql.MySQLError=Error 1292: Incorrect datetime value: '0000-00-00' for column 'starter_pack_bought_at' at row 1)
2021/02/02 19:19:15 [release] SQL ERROR:C:/Cavalry/server/src/db/db_def.go:659%!(EXTRA *mysql.MySQLError=Error 1292: Incorrect datetime value: '0000-00-00' for column 'starter_pack_bought_at' at row 1)
2021/02/02 19:19:15 [release] SQL ERROR:C:/Cavalry/server/src/db/db_def.go:659%!(EXTRA *mysql.MySQLError=Error 1292: Incorrect datetime value: '0000-00-00' for column 'starter_pack_bought_at' at row 1)
2021/02/02 19:19:15 [release] SQL ERROR:C:/Cavalry/server/src/db/db_def.go:659%!(EXTRA *mysql.MySQLError=Error 1292: Incorrect datetime value: '0000-00-00' for column 'starter_pack_bought_at' at row 1)
2021/02/02 19:19:15 [release] SQL ERROR:C:/Cavalry/server/src/db/db_def.go:659%!(EXTRA *mysql.MySQLError=Error 1292: Incorrect datetime value: '0000-00-00' for column 'last_activity_summon_at' at row 1)
2021/02/02 19:19:15 [release] SQL ERROR:C:/Cavalry/server/src/db/db_def.go:659%!(EXTRA *mysql.MySQLError=Error 1292: Incorrect datetime value: '0000-00-00' for column 'starter_pack_bought_at' at row 1)
2021/02/02 19:19:15 [release] SQL ERROR:C:/Cavalry/server/src/db/db_def.go:659%!(EXTRA *mysql.MySQLError=Error 1292: Incorrect datetime value: '0000-00-00' for column 'starter_pack_bought_at' at row 1)
2021/02/02 19:19:15 [release] SQL ERROR:C:/Cavalry/server/src/db/db_def.go:659%!(EXTRA *mysql.MySQLError=Error 1292: Incorrect datetime value: '0000-00-00' for column 'starter_pack_bought_at' at row 1)
2021/02/02 19:19:15 [release] SQL ERROR:C:/Cavalry/server/src/db/db_def.go:659%!(EXTRA *mysql.MySQLError=Error 1292: Incorrect datetime value: '0000-00-00' for column 'starter_pack_bought_at' at row 1)
2021/02/02 19:19:15 [release] SQL ERROR:C:/Cavalry/server/src/db/db_def.go:659%!(EXTRA *mysql.MySQLError=Error 1292: Incorrect datetime value: '0000-00-00' for column 'starter_pack_bought_at' at row 1)
2021/02/02 19:19:15 [release] SQL ERROR:C:/Cavalry/server/src/db/db_def.go:659%!(EXTRA *mysql.MySQLError=Error 1292: Incorrect datetime value: '0000-00-00' for column 'last_activity_summon_at' at row 1)
2021/02/02 19:19:15 [release] SQL ERROR:C:/Cavalry/server/src/db/db_def.go:659%!(EXTRA *mysql.MySQLError=Error 1292: Incorrect datetime value: '0000-00-00' for column 'last_activity_summon_at' at row 1)
2021/02/02 19:19:15 [release] SQL ERROR:C:/Cavalry/server/src/db/db_def.go:659%!(EXTRA *mysql.MySQLError=Error 1292: Incorrect datetime value: '0000-00-00' for column 'starter_pack_bought_at' at row 1)
2021/02/02 19:19:15 [release] SQL ERROR:C:/Cavalry/server/src/db/db_def.go:659%!(EXTRA *mysql.MySQLError=Error 1292: Incorrect datetime value: '0000-00-00' for column 'starter_pack_bought_at' at row 1)
2021/02/02 19:19:15 [release] SQL ERROR:C:/Cavalry/server/src/db/db_def.go:659%!(EXTRA *mysql.MySQLError=Error 1292: Incorrect datetime value: '0000-00-00' for column 'starter_pack_bought_at' at row 1)
2021/02/02 19:19:15 [release] SQL ERROR:C:/Cavalry/server/src/db/db_def.go:659%!(EXTRA *mysql.MySQLError=Error 1292: Incorrect datetime value: '0000-00-00' for column 'starter_pack_bought_at' at row 1)
2021/02/02 19:19:15 [release] SQL ERROR:C:/Cavalry/server/src/db/db_def.go:659%!(EXTRA *mysql.MySQLError=Error 1292: Incorrect datetime value: '0000-00-00' for column 'starter_pack_bought_at' at row 1)
2021/02/02 19:19:15 [release] SQL ERROR:C:/Cavalry/server/src/db/db_def.go:659%!(EXTRA *mysql.MySQLError=Error 1292: Incorrect datetime value: '0000-00-00' for column 'last_activity_summon_at' at row 1)
2021/02/02 19:19:15 [release] SQL ERROR:C:/Cavalry/server/src/db/db_def.go:659%!(EXTRA *mysql.MySQLError=Error 1292: Incorrect datetime value: '0000-00-00' for column 'starter_pack_bought_at' at row 1)
2021/02/02 19:19:15 [release] SQL ERROR:C:/Cavalry/server/src/db/db_def.go:659%!(EXTRA *mysql.MySQLError=Error 1292: Incorrect datetime value: '0000-00-00' for column 'last_activity_summon_at' at row 1)
2021/02/02 19:19:15 [release] SQL ERROR:C:/Cavalry/server/src/db/db_def.go:659%!(EXTRA *mysql.MySQLError=Error 1292: Incorrect datetime value: '0000-00-00' for column 'starter_pack_bought_at' at row 1)
2021/02/02 19:19:15 [release] SQL ERROR:C:/Cavalry/server/src/db/db_def.go:659%!(EXTRA *mysql.MySQLError=Error 1292: Incorrect datetime value: '0000-00-00' for column 'last_activity_summon_at' at row 1)
2021/02/02 19:19:15 [release] SQL ERROR:C:/Cavalry/server/src/db/db_def.go:659%!(EXTRA *mysql.MySQLError=Error 1292: Incorrect datetime value: '0000-00-00' for column 'starter_pack_bought_at' at row 1)
2021/02/02 19:19:15 [release] SQL ERROR:C:/Cavalry/server/src/db/db_def.go:659%!(EXTRA *mysql.MySQLError=Error 1292: Incorrect datetime value: '0000-00-00' for column 'starter_pack_bought_at' at row 1)
2021/02/02 19:19:15 [release] SQL ERROR:C:/Cavalry/server/src/db/db_def.go:659%!(EXTRA *mysql.MySQLError=Error 1292: Incorrect datetime value: '0000-00-00' for column 'starter_pack_bought_at' at row 1)
2021/02/02 19:19:15 [release] SQL ERROR:C:/Cavalry/server/src/db/db_def.go:659%!(EXTRA *mysql.MySQLError=Error 1292: Incorrect datetime value: '0000-00-00' for column 'starter_pack_bought_at' at row 1)
2021/02/02 19:19:15 [release] SQL ERROR:C:/Cavalry/server/src/db/db_def.go:659%!(EXTRA *mysql.MySQLError=Error 1292: Incorrect datetime value: '0000-00-00' for column 'starter_pack_bought_at' at row 1)
2021/02/02 19:19:15 [release] SQL ERROR:C:/Cavalry/server/src/db/db_def.go:659%!(EXTRA *mysql.MySQLError=Error 1292: Incorrect datetime value: '0000-00-00' for column 'starter_pack_bought_at' at row 1)
2021/02/02 19:19:15 [release] SQL ERROR:C:/Cavalry/server/src/db/db_def.go:659%!(EXTRA *mysql.MySQLError=Error 1292: Incorrect datetime value: '0000-00-00' for column 'last_activity_summon_at' at row 1)
2021/02/02 19:19:15 [release] SQL ERROR:C:/Cavalry/server/src/db/db_def.go:659%!(EXTRA *mysql.MySQLError=Error 1292: Incorrect datetime value: '0000-00-00' for column 'starter_pack_bought_at' at row 1)
2021/02/02 19:19:15 [release] SQL ERROR:C:/Cavalry/server/src/db/db_def.go:659%!(EXTRA *mysql.MySQLError=Error 1292: Incorrect datetime value: '0000-00-00' for column 'last_activity_summon_at' at row 1)
2021/02/02 19:19:15 [release] SQL ERROR:C:/Cavalry/server/src/db/db_def.go:659%!(EXTRA *mysql.MySQLError=Error 1292: Incorrect datetime value: '0000-00-00' for column 'last_activity_summon_at' at row 1)
2021/02/02 19:19:15 [release] SQL ERROR:C:/Cavalry/server/src/db/db_def.go:659%!(EXTRA *mysql.MySQLError=Error 1292: Incorrect datetime value: '0000-00-00' for column 'starter_pack_bought_at' at row 1)
2021/02/02 19:19:15 [release] SQL ERROR:C:/Cavalry/server/src/db/db_def.go:659%!(EXTRA *mysql.MySQLError=Error 1292: Incorrect datetime value: '0000-00-00' for column 'starter_pack_bought_at' at row 1)
2021/02/02 19:19:15 [release] SQL ERROR:C:/Cavalry/server/src/db/db_def.go:659%!(EXTRA *mysql.MySQLError=Error 1292: Incorrect datetime value: '0000-00-00' for column 'last_activity_summon_at' at row 1)
2021/02/02 19:19:15 [release] SQL ERROR:C:/Cavalry/server/src/db/db_def.go:659%!(EXTRA *mysql.MySQLError=Error 1292: Incorrect datetime value: '0000-00-00' for column 'starter_pack_bought_at' at row 1)
2021/02/02 19:19:15 [release] SQL ERROR:C:/Cavalry/server/src/db/db_def.go:659%!(EXTRA *mysql.MySQLError=Error 1292: Incorrect datetime value: '0000-00-00' for column 'starter_pack_bought_at' at row 1)
2021/02/02 19:19:15 [release] SQL ERROR:C:/Cavalry/server/src/db/db_def.go:659%!(EXTRA *mysql.MySQLError=Error 1292: Incorrect datetime value: '0000-00-00' for column 'starter_pack_bought_at' at row 1)
2021/02/02 19:19:15 [release] SQL ERROR:C:/Cavalry/server/src/db/db_def.go:659%!(EXTRA *mysql.MySQLError=Error 1292: Incorrect datetime value: '0000-00-00' for column 'last_activity_summon_at' at row 1)
2021/02/02 19:19:15 [release] SQL ERROR:C:/Cavalry/server/src/db/db_def.go:659%!(EXTRA *mysql.MySQLError=Error 1292: Incorrect datetime value: '0000-00-00' for column 'starter_pack_bought_at' at row 1)
2021/02/02 19:19:15 [release] SQL ERROR:C:/Cavalry/server/src/db/db_def.go:659%!(EXTRA *mysql.MySQLError=Error 1292: Incorrect datetime value: '0000-00-00' for column 'starter_pack_bought_at' at row 1)
2021/02/02 19:19:15 [release] SQL ERROR:C:/Cavalry/server/src/db/db_def.go:659%!(EXTRA *mysql.MySQLError=Error 1292: Incorrect datetime value: '0000-00-00' for column 'starter_pack_bought_at' at row 1)
2021/02/02 19:19:15 [release] SQL ERROR:C:/Cavalry/server/src/db/db_def.go:659%!(EXTRA *mysql.MySQLError=Error 1292: Incorrect datetime value: '0000-00-00' for column 'starter_pack_bought_at' at row 1)
2021/02/02 19:19:15 [release] SQL ERROR:C:/Cavalry/server/src/db/db_def.go:659%!(EXTRA *mysql.MySQLError=Error 1292: Incorrect datetime value: '0000-00-00' for column 'last_activity_summon_at' at row 1)
2021/02/02 19:19:15 [release] SQL ERROR:C:/Cavalry/server/src/db/db_def.go:659%!(EXTRA *mysql.MySQLError=Error 1292: Incorrect datetime value: '0000-00-00' for column 'starter_pack_bought_at' at row 1)
2021/02/02 19:19:15 [release] SQL ERROR:C:/Cavalry/server/src/db/db_def.go:659%!(EXTRA *mysql.MySQLError=Error 1292: Incorrect datetime value: '0000-00-00' for column 'starter_pack_bought_at' at row 1)
2021/02/02 19:19:15 [release] SQL ERROR:C:/Cavalry/server/src/db/db_def.go:659%!(EXTRA *mysql.MySQLError=Error 1292: Incorrect datetime value: '0000-00-00' for column 'starter_pack_bought_at' at row 1)
2021/02/02 19:19:15 [release] SQL ERROR:C:/Cavalry/server/src/db/db_def.go:659%!(EXTRA *mysql.MySQLError=Error 1292: Incorrect datetime value: '0000-00-00' for column 'starter_pack_bought_at' at row 1)
2021/02/02 19:19:15 [release] SQL ERROR:C:/Cavalry/server/src/db/db_def.go:659%!(EXTRA *mysql.MySQLError=Error 1292: Incorrect datetime value: '0000-00-00' for column 'starter_pack_bought_at' at row 1)
2021/02/02 19:19:15 [release] SQL ERROR:C:/Cavalry/server/src/db/db_def.go:659%!(EXTRA *mysql.MySQLError=Error 1292: Incorrect datetime value: '0000-00-00' for column 'starter_pack_bought_at' at row 1)
2021/02/02 19:19:15 [release] SQL ERROR:C:/Cavalry/server/src/db/db_def.go:659%!(EXTRA *mysql.MySQLError=Error 1292: Incorrect datetime value: '0000-00-00' for column 'starter_pack_bought_at' at row 1)
2021/02/02 19:19:16 [release] SQL ERROR:C:/Cavalry/server/src/db/db_def.go:659%!(EXTRA *mysql.MySQLError=Error 1292: Incorrect datetime value: '0000-00-00' for column 'starter_pack_bought_at' at row 1)
2021/02/02 19:19:16 [release] SQL ERROR:C:/Cavalry/server/src/db/db_def.go:659%!(EXTRA *mysql.MySQLError=Error 1292: Incorrect datetime value: '0000-00-00' for column 'last_activity_summon_at' at row 1)
2021/02/02 19:19:16 [release] SQL ERROR:C:/Cavalry/server/src/db/db_def.go:659%!(EXTRA *mysql.MySQLError=Error 1292: Incorrect datetime value: '0000-00-00' for column 'starter_pack_bought_at' at row 1)
2021/02/02 19:19:16 [release] SQL ERROR:C:/Cavalry/server/src/db/db_def.go:659%!(EXTRA *mysql.MySQLError=Error 1292: Incorrect datetime value: '0000-00-00' for column 'last_activity_summon_at' at row 1)
2021/02/02 19:19:16 [release] SQL ERROR:C:/Cavalry/server/src/db/db_def.go:659%!(EXTRA *mysql.MySQLError=Error 1292: Incorrect datetime value: '0000-00-00' for column 'starter_pack_bought_at' at row 1)
2021/02/02 19:19:16 [release] SQL ERROR:C:/Cavalry/server/src/db/db_def.go:659%!(EXTRA *mysql.MySQLError=Error 1292: Incorrect datetime value: '0000-00-00' for column 'starter_pack_bought_at' at row 1)
2021/02/02 19:19:16 [release] SQL ERROR:C:/Cavalry/server/src/db/db_def.go:659%!(EXTRA *mysql.MySQLError=Error 1292: Incorrect datetime value: '0000-00-00' for column 'starter_pack_bought_at' at row 1)
2021/02/02 19:19:16 [release] SQL ERROR:C:/Cavalry/server/src/db/db_def.go:659%!(EXTRA *mysql.MySQLError=Error 1292: Incorrect datetime value: '0000-00-00' for column 'starter_pack_bought_at' at row 1)
2021/02/02 19:19:16 [release] SQL ERROR:C:/Cavalry/server/src/db/db_def.go:659%!(EXTRA *mysql.MySQLError=Error 1292: Incorrect datetime value: '0000-00-00' for column 'starter_pack_bought_at' at row 1)
2021/02/02 19:19:16 [release] SQL ERROR:C:/Cavalry/server/src/db/db_def.go:659%!(EXTRA *mysql.MySQLError=Error 1292: Incorrect datetime value: '0000-00-00' for column 'starter_pack_bought_at' at row 1)
2021/02/02 19:19:16 [release] SQL ERROR:C:/Cavalry/server/src/db/db_def.go:659%!(EXTRA *mysql.MySQLError=Error 1292: Incorrect datetime value: '0000-00-00' for column 'last_activity_summon_at' at row 1)
2021/02/02 19:19:16 [release] SQL ERROR:C:/Cavalry/server/src/db/db_def.go:659%!(EXTRA *mysql.MySQLError=Error 1292: Incorrect datetime value: '0000-00-00' for column 'last_activity_summon_at' at row 1)
2021/02/02 19:19:16 [release] SQL ERROR:C:/Cavalry/server/src/db/db_def.go:659%!(EXTRA *mysql.MySQLError=Error 1292: Incorrect datetime value: '0000-00-00' for column 'last_activity_summon_at' at row 1)
2021/02/02 19:19:16 [release] SQL ERROR:C:/Cavalry/server/src/db/db_def.go:659%!(EXTRA *mysql.MySQLError=Error 1292: Incorrect datetime value: '0000-00-00' for column 'last_activity_summon_at' at row 1)
2021/02/02 19:19:16 [release] SQL ERROR:C:/Cavalry/server/src/db/db_def.go:659%!(EXTRA *mysql.MySQLError=Error 1292: Incorrect datetime value: '0000-00-00' for column 'last_activity_summon_at' at row 1)
2021/02/02 19:19:16 [release] SQL ERROR:C:/Cavalry/server/src/db/db_def.go:659%!(EXTRA *mysql.MySQLError=Error 1292: Incorrect datetime value: '0000-00-00' for column 'last_activity_summon_at' at row 1)
2021/02/02 19:19:16 [release] SQL ERROR:C:/Cavalry/server/src/db/db_def.go:659%!(EXTRA *mysql.MySQLError=Error 1292: Incorrect datetime value: '0000-00-00' for column 'starter_pack_bought_at' at row 1)
2021/02/02 19:19:16 [release] SQL ERROR:C:/Cavalry/server/src/db/db_def.go:659%!(EXTRA *mysql.MySQLError=Error 1292: Incorrect datetime value: '0000-00-00' for column 'starter_pack_bought_at' at row 1)
2021/02/02 19:19:16 [release] SQL ERROR:C:/Cavalry/server/src/db/db_def.go:659%!(EXTRA *mysql.MySQLError=Error 1292: Incorrect datetime value: '0000-00-00' for column 'last_activity_summon_at' at row 1)
2021/02/02 19:19:16 [release] SQL ERROR:C:/Cavalry/server/src/db/db_def.go:659%!(EXTRA *mysql.MySQLError=Error 1292: Incorrect datetime value: '0000-00-00' for column 'starter_pack_bought_at' at row 1)
2021/02/02 19:19:16 [release] SQL ERROR:C:/Cavalry/server/src/db/db_def.go:659%!(EXTRA *mysql.MySQLError=Error 1292: Incorrect datetime value: '0000-00-00' for column 'starter_pack_bought_at' at row 1)
2021/02/02 19:19:16 [release] SQL ERROR:C:/Cavalry/server/src/db/db_def.go:659%!(EXTRA *mysql.MySQLError=Error 1292: Incorrect datetime value: '0000-00-00' for column 'starter_pack_bought_at' at row 1)
2021/02/02 19:19:16 [release] SQL ERROR:C:/Cavalry/server/src/db/db_def.go:659%!(EXTRA *mysql.MySQLError=Error 1292: Incorrect datetime value: '0000-00-00' for column 'starter_pack_bought_at' at row 1)
2021/02/02 19:19:16 [release] SQL ERROR:C:/Cavalry/server/src/db/db_def.go:659%!(EXTRA *mysql.MySQLError=Error 1292: Incorrect datetime value: '0000-00-00' for column 'starter_pack_bought_at' at row 1)
2021/02/02 19:19:16 [release] SQL ERROR:C:/Cavalry/server/src/db/db_def.go:659%!(EXTRA *mysql.MySQLError=Error 1292: Incorrect datetime value: '0000-00-00' for column 'last_activity_summon_at' at row 1)
2021/02/02 19:19:16 [release] SQL ERROR:C:/Cavalry/server/src/db/db_def.go:659%!(EXTRA *mysql.MySQLError=Error 1292: Incorrect datetime value: '0000-00-00' for column 'starter_pack_bought_at' at row 1)
2021/02/02 19:19:16 [release] SQL ERROR:C:/Cavalry/server/src/db/db_def.go:659%!(EXTRA *mysql.MySQLError=Error 1292: Incorrect datetime value: '0000-00-00' for column 'starter_pack_bought_at' at row 1)
2021/02/02 19:19:16 [release] SQL ERROR:C:/Cavalry/server/src/db/db_def.go:659%!(EXTRA *mysql.MySQLError=Error 1292: Incorrect datetime value: '0000-00-00' for column 'starter_pack_bought_at' at row 1)
2021/02/02 19:19:16 [release] SQL ERROR:C:/Cavalry/server/src/db/db_def.go:659%!(EXTRA *mysql.MySQLError=Error 1292: Incorrect datetime value: '0000-00-00' for column 'starter_pack_bought_at' at row 1)
2021/02/02 19:19:16 [release] SQL ERROR:C:/Cavalry/server/src/db/db_def.go:659%!(EXTRA *mysql.MySQLError=Error 1292: Incorrect datetime value: '0000-00-00' for column 'last_activity_summon_at' at row 1)
2021/02/02 19:19:16 [release] SQL ERROR:C:/Cavalry/server/src/db/db_def.go:659%!(EXTRA *mysql.MySQLError=Error 1292: Incorrect datetime value: '0000-00-00' for column 'starter_pack_bought_at' at row 1)
2021/02/02 19:19:16 [release] SQL ERROR:C:/Cavalry/server/src/db/db_def.go:659%!(EXTRA *mysql.MySQLError=Error 1292: Incorrect datetime value: '0000-00-00' for column 'last_activity_summon_at' at row 1)
2021/02/02 19:19:16 [release] SQL ERROR:C:/Cavalry/server/src/db/db_def.go:659%!(EXTRA *mysql.MySQLError=Error 1292: Incorrect datetime value: '0000-00-00' for column 'last_activity_summon_at' at row 1)
2021/02/02 19:19:16 [release] SQL ERROR:C:/Cavalry/server/src/db/db_def.go:659%!(EXTRA *mysql.MySQLError=Error 1292: Incorrect datetime value: '0000-00-00' for column 'starter_pack_bought_at' at row 1)
2021/02/02 19:19:16 [release] SQL ERROR:C:/Cavalry/server/src/db/db_def.go:659%!(EXTRA *mysql.MySQLError=Error 1292: Incorrect datetime value: '0000-00-00' for column 'starter_pack_bought_at' at row 1)
2021/02/02 19:19:16 [release] SQL ERROR:C:/Cavalry/server/src/db/db_def.go:659%!(EXTRA *mysql.MySQLError=Error 1292: Incorrect datetime value: '0000-00-00' for column 'last_activity_summon_at' at row 1)
2021/02/02 19:19:16 [release] SQL ERROR:C:/Cavalry/server/src/db/db_def.go:659%!(EXTRA *mysql.MySQLError=Error 1292: Incorrect datetime value: '0000-00-00' for column 'starter_pack_bought_at' at row 1)
2021/02/02 19:19:16 [release] SQL ERROR:C:/Cavalry/server/src/db/db_def.go:659%!(EXTRA *mysql.MySQLError=Error 1292: Incorrect datetime value: '0000-00-00' for column 'starter_pack_bought_at' at row 1)
2021/02/02 19:19:16 [release] SQL ERROR:C:/Cavalry/server/src/db/db_def.go:659%!(EXTRA *mysql.MySQLError=Error 1292: Incorrect datetime value: '0000-00-00' for column 'starter_pack_bought_at' at row 1)
2021/02/02 19:19:16 [release] SQL ERROR:C:/Cavalry/server/src/db/db_def.go:659%!(EXTRA *mysql.MySQLError=Error 1292: Incorrect datetime value: '0000-00-00' for column 'starter_pack_bought_at' at row 1)
2021/02/02 19:19:16 [release] SQL ERROR:C:/Cavalry/server/src/db/db_def.go:659%!(EXTRA *mysql.MySQLError=Error 1292: Incorrect datetime value: '0000-00-00' for column 'last_activity_summon_at' at row 1)
2021/02/02 19:19:16 [release] SQL ERROR:C:/Cavalry/server/src/db/db_def.go:659%!(EXTRA *mysql.MySQLError=Error 1292: Incorrect datetime value: '0000-00-00' for column 'last_activity_summon_at' at row 1)
2021/02/02 19:19:16 [release] SQL ERROR:C:/Cavalry/server/src/db/db_def.go:659%!(EXTRA *mysql.MySQLError=Error 1292: Incorrect datetime value: '0000-00-00' for column 'starter_pack_bought_at' at row 1)
2021/02/02 19:19:16 [release] SQL ERROR:C:/Cavalry/server/src/db/db_def.go:659%!(EXTRA *mysql.MySQLError=Error 1292: Incorrect datetime value: '0000-00-00' for column 'starter_pack_bought_at' at row 1)
2021/02/02 19:19:16 [release] SQL ERROR:C:/Cavalry/server/src/db/db_def.go:659%!(EXTRA *mysql.MySQLError=Error 1292: Incorrect datetime value: '0000-00-00' for column 'starter_pack_bought_at' at row 1)
2021/02/02 19:19:16 [release] SQL ERROR:C:/Cavalry/server/src/db/db_def.go:659%!(EXTRA *mysql.MySQLError=Error 1292: Incorrect datetime value: '0000-00-00' for column 'starter_pack_bought_at' at row 1)
2021/02/02 19:19:16 [release] SQL ERROR:C:/Cavalry/server/src/db/db_def.go:659%!(EXTRA *mysql.MySQLError=Error 1292: Incorrect datetime value: '0000-00-00' for column 'starter_pack_bought_at' at row 1)
2021/02/02 19:19:16 [release] SQL ERROR:C:/Cavalry/server/src/db/db_def.go:659%!(EXTRA *mysql.MySQLError=Error 1292: Incorrect datetime value: '0000-00-00' for column 'starter_pack_bought_at' at row 1)
2021/02/02 19:19:16 [release] SQL ERROR:C:/Cavalry/server/src/db/db_def.go:659%!(EXTRA *mysql.MySQLError=Error 1292: Incorrect datetime value: '0000-00-00' for column 'starter_pack_bought_at' at row 1)
2021/02/02 19:19:16 [release] SQL ERROR:C:/Cavalry/server/src/db/db_def.go:659%!(EXTRA *mysql.MySQLError=Error 1292: Incorrect datetime value: '0000-00-00' for column 'starter_pack_bought_at' at row 1)
2021/02/02 19:19:16 [release] SQL ERROR:C:/Cavalry/server/src/db/db_def.go:659%!(EXTRA *mysql.MySQLError=Error 1292: Incorrect datetime value: '0000-00-00' for column 'starter_pack_bought_at' at row 1)
2021/02/02 19:19:16 [release] SQL ERROR:C:/Cavalry/server/src/db/db_def.go:659%!(EXTRA *mysql.MySQLError=Error 1292: Incorrect datetime value: '0000-00-00' for column 'last_activity_summon_at' at row 1)
2021/02/02 19:19:16 [release] SQL ERROR:C:/Cavalry/server/src/db/db_def.go:659%!(EXTRA *mysql.MySQLError=Error 1292: Incorrect datetime value: '0000-00-00' for column 'last_activity_summon_at' at row 1)
2021/02/02 19:19:16 [release] SQL ERROR:C:/Cavalry/server/src/db/db_def.go:659%!(EXTRA *mysql.MySQLError=Error 1292: Incorrect datetime value: '0000-00-00' for column 'starter_pack_bought_at' at row 1)
2021/02/02 19:19:16 [release] SQL ERROR:C:/Cavalry/server/src/db/db_def.go:659%!(EXTRA *mysql.MySQLError=Error 1292: Incorrect datetime value: '0000-00-00' for column 'starter_pack_bought_at' at row 1)
2021/02/02 19:19:16 [release] SQL ERROR:C:/Cavalry/server/src/db/db_def.go:659%!(EXTRA *mysql.MySQLError=Error 1292: Incorrect datetime value: '0000-00-00' for column 'starter_pack_bought_at' at row 1)
2021/02/02 19:19:16 [release] SQL ERROR:C:/Cavalry/server/src/db/db_def.go:659%!(EXTRA *mysql.MySQLError=Error 1292: Incorrect datetime value: '0000-00-00' for column 'starter_pack_bought_at' at row 1)
2021/02/02 19:19:16 [release] SQL ERROR:C:/Cavalry/server/src/db/db_def.go:659%!(EXTRA *mysql.MySQLError=Error 1292: Incorrect datetime value: '0000-00-00' for column 'starter_pack_bought_at' at row 1)
2021/02/02 19:19:16 [release] SQL ERROR:C:/Cavalry/server/src/db/db_def.go:659%!(EXTRA *mysql.MySQLError=Error 1292: Incorrect datetime value: '0000-00-00' for column 'starter_pack_bought_at' at row 1)
2021/02/02 19:19:16 [release] SQL ERROR:C:/Cavalry/server/src/db/db_def.go:659%!(EXTRA *mysql.MySQLError=Error 1292: Incorrect datetime value: '0000-00-00' for column 'starter_pack_bought_at' at row 1)
2021/02/02 19:19:16 [release] SQL ERROR:C:/Cavalry/server/src/db/db_def.go:659%!(EXTRA *mysql.MySQLError=Error 1292: Incorrect datetime value: '0000-00-00' for column 'starter_pack_bought_at' at row 1)
2021/02/02 19:19:16 [release] SQL ERROR:C:/Cavalry/server/src/db/db_def.go:659%!(EXTRA *mysql.MySQLError=Error 1292: Incorrect datetime value: '0000-00-00' for column 'last_activity_summon_at' at row 1)
2021/02/02 19:19:16 [release] SQL ERROR:C:/Cavalry/server/src/db/db_def.go:659%!(EXTRA *mysql.MySQLError=Error 1292: Incorrect datetime value: '0000-00-00' for column 'last_activity_summon_at' at row 1)
2021/02/02 19:19:16 [release] SQL ERROR:C:/Cavalry/server/src/db/db_def.go:659%!(EXTRA *mysql.MySQLError=Error 1292: Incorrect datetime value: '0000-00-00' for column 'starter_pack_bought_at' at row 1)
2021/02/02 19:19:16 [release] SQL ERROR:C:/Cavalry/server/src/db/db_def.go:659%!(EXTRA *mysql.MySQLError=Error 1292: Incorrect datetime value: '0000-00-00' for column 'starter_pack_bought_at' at row 1)
2021/02/02 19:19:16 [release] SQL ERROR:C:/Cavalry/server/src/db/db_def.go:659%!(EXTRA *mysql.MySQLError=Error 1292: Incorrect datetime value: '0000-00-00' for column 'last_activity_summon_at' at row 1)
2021/02/02 19:19:16 [release] SQL ERROR:C:/Cavalry/server/src/db/db_def.go:659%!(EXTRA *mysql.MySQLError=Error 1292: Incorrect datetime value: '0000-00-00' for column 'starter_pack_bought_at' at row 1)
2021/02/02 19:19:16 [release] SQL ERROR:C:/Cavalry/server/src/db/db_def.go:659%!(EXTRA *mysql.MySQLError=Error 1292: Incorrect datetime value: '0000-00-00' for column 'starter_pack_bought_at' at row 1)
2021/02/02 19:19:16 [release] SQL ERROR:C:/Cavalry/server/src/db/db_def.go:659%!(EXTRA *mysql.MySQLError=Error 1292: Incorrect datetime value: '0000-00-00' for column 'starter_pack_bought_at' at row 1)
2021/02/02 19:19:16 [release] SQL ERROR:C:/Cavalry/server/src/db/db_def.go:659%!(EXTRA *mysql.MySQLError=Error 1292: Incorrect datetime value: '0000-00-00' for column 'last_activity_summon_at' at row 1)
2021/02/02 19:19:16 [release] SQL ERROR:C:/Cavalry/server/src/db/db_def.go:659%!(EXTRA *mysql.MySQLError=Error 1292: Incorrect datetime value: '0000-00-00' for column 'last_activity_summon_at' at row 1)
2021/02/02 19:19:16 [release] SQL ERROR:C:/Cavalry/server/src/db/db_def.go:659%!(EXTRA *mysql.MySQLError=Error 1292: Incorrect datetime value: '0000-00-00' for column 'starter_pack_bought_at' at row 1)
2021/02/02 19:19:16 [release] SQL ERROR:C:/Cavalry/server/src/db/db_def.go:659%!(EXTRA *mysql.MySQLError=Error 1292: Incorrect datetime value: '0000-00-00' for column 'starter_pack_bought_at' at row 1)
2021/02/02 19:19:16 [release] SQL ERROR:C:/Cavalry/server/src/db/db_def.go:659%!(EXTRA *mysql.MySQLError=Error 1292: Incorrect datetime value: '0000-00-00' for column 'starter_pack_bought_at' at row 1)
2021/02/02 19:19:16 [release] SQL ERROR:C:/Cavalry/server/src/db/db_def.go:659%!(EXTRA *mysql.MySQLError=Error 1292: Incorrect datetime value: '0000-00-00' for column 'starter_pack_bought_at' at row 1)
2021/02/02 19:19:16 [release] SQL ERROR:C:/Cavalry/server/src/db/db_def.go:659%!(EXTRA *mysql.MySQLError=Error 1292: Incorrect datetime value: '0000-00-00' for column 'starter_pack_bought_at' at row 1)
2021/02/02 19:19:16 [release] SQL ERROR:C:/Cavalry/server/src/db/db_def.go:659%!(EXTRA *mysql.MySQLError=Error 1292: Incorrect datetime value: '0000-00-00' for column 'last_activity_summon_at' at row 1)
2021/02/02 19:19:16 [release] SQL ERROR:C:/Cavalry/server/src/db/db_def.go:659%!(EXTRA *mysql.MySQLError=Error 1292: Incorrect datetime value: '0000-00-00' for column 'starter_pack_bought_at' at row 1)
2021/02/02 19:19:16 [release] SQL ERROR:C:/Cavalry/server/src/db/db_def.go:659%!(EXTRA *mysql.MySQLError=Error 1292: Incorrect datetime value: '0000-00-00' for column 'starter_pack_bought_at' at row 1)
2021/02/02 19:19:16 [release] SQL ERROR:C:/Cavalry/server/src/db/db_def.go:659%!(EXTRA *mysql.MySQLError=Error 1292: Incorrect datetime value: '0000-00-00' for column 'starter_pack_bought_at' at row 1)
2021/02/02 19:19:16 [release] SQL ERROR:C:/Cavalry/server/src/db/db_def.go:659%!(EXTRA *mysql.MySQLError=Error 1292: Incorrect datetime value: '0000-00-00' for column 'last_activity_summon_at' at row 1)
2021/02/02 19:19:16 [release] SQL ERROR:C:/Cavalry/server/src/db/db_def.go:659%!(EXTRA *mysql.MySQLError=Error 1292: Incorrect datetime value: '0000-00-00' for column 'starter_pack_bought_at' at row 1)
2021/02/02 19:19:16 [release] SQL ERROR:C:/Cavalry/server/src/db/db_def.go:659%!(EXTRA *mysql.MySQLError=Error 1292: Incorrect datetime value: '0000-00-00' for column 'last_activity_summon_at' at row 1)
2021/02/02 19:19:16 [release] SQL ERROR:C:/Cavalry/server/src/db/db_def.go:659%!(EXTRA *mysql.MySQLError=Error 1292: Incorrect datetime value: '0000-00-00' for column 'starter_pack_bought_at' at row 1)
2021/02/02 19:19:16 [release] SQL ERROR:C:/Cavalry/server/src/db/db_def.go:659%!(EXTRA *mysql.MySQLError=Error 1292: Incorrect datetime value: '0000-00-00' for column 'starter_pack_bought_at' at row 1)
2021/02/02 19:19:16 [release] SQL ERROR:C:/Cavalry/server/src/db/db_def.go:659%!(EXTRA *mysql.MySQLError=Error 1292: Incorrect datetime value: '0000-00-00' for column 'starter_pack_bought_at' at row 1)
2021/02/02 19:19:16 [release] SQL ERROR:C:/Cavalry/server/src/db/db_def.go:659%!(EXTRA *mysql.MySQLError=Error 1292: Incorrect datetime value: '0000-00-00' for column 'starter_pack_bought_at' at row 1)
2021/02/02 19:19:16 [release] SQL ERROR:C:/Cavalry/server/src/db/db_def.go:659%!(EXTRA *mysql.MySQLError=Error 1292: Incorrect datetime value: '0000-00-00' for column 'last_activity_summon_at' at row 1)
2021/02/02 19:19:16 [release] SQL ERROR:C:/Cavalry/server/src/db/db_def.go:659%!(EXTRA *mysql.MySQLError=Error 1292: Incorrect datetime value: '0000-00-00' for column 'last_activity_summon_at' at row 1)
2021/02/02 19:19:16 [release] SQL ERROR:C:/Cavalry/server/src/db/db_def.go:659%!(EXTRA *mysql.MySQLError=Error 1292: Incorrect datetime value: '0000-00-00' for column 'starter_pack_bought_at' at row 1)
2021/02/02 19:19:16 [release] SQL ERROR:C:/Cavalry/server/src/db/db_def.go:659%!(EXTRA *mysql.MySQLError=Error 1292: Incorrect datetime value: '0000-00-00' for column 'starter_pack_bought_at' at row 1)
2021/02/02 19:19:16 [release] SQL ERROR:C:/Cavalry/server/src/db/db_def.go:659%!(EXTRA *mysql.MySQLError=Error 1292: Incorrect datetime value: '0000-00-00' for column 'last_activity_summon_at' at row 1)
2021/02/02 19:19:16 [release] SQL ERROR:C:/Cavalry/server/src/db/db_def.go:659%!(EXTRA *mysql.MySQLError=Error 1292: Incorrect datetime value: '0000-00-00' for column 'starter_pack_bought_at' at row 1)
2021/02/02 19:19:16 [release] SQL ERROR:C:/Cavalry/server/src/db/db_def.go:659%!(EXTRA *mysql.MySQLError=Error 1292: Incorrect datetime value: '0000-00-00' for column 'last_activity_summon_at' at row 1)
2021/02/02 19:19:16 [release] SQL ERROR:C:/Cavalry/server/src/db/db_def.go:659%!(EXTRA *mysql.MySQLError=Error 1292: Incorrect datetime value: '0000-00-00' for column 'starter_pack_bought_at' at row 1)
2021/02/02 19:19:16 [release] SQL ERROR:C:/Cavalry/server/src/db/db_def.go:659%!(EXTRA *mysql.MySQLError=Error 1292: Incorrect datetime value: '0000-00-00' for column 'starter_pack_bought_at' at row 1)
2021/02/02 19:19:16 [release] SQL ERROR:C:/Cavalry/server/src/db/db_def.go:659%!(EXTRA *mysql.MySQLError=Error 1292: Incorrect datetime value: '0000-00-00' for column 'starter_pack_bought_at' at row 1)
2021/02/02 19:19:16 [release] SQL ERROR:C:/Cavalry/server/src/db/db_def.go:659%!(EXTRA *mysql.MySQLError=Error 1292: Incorrect datetime value: '0000-00-00' for column 'starter_pack_bought_at' at row 1)
2021/02/02 19:19:16 [release] SQL ERROR:C:/Cavalry/server/src/db/db_def.go:659%!(EXTRA *mysql.MySQLError=Error 1292: Incorrect datetime value: '0000-00-00' for column 'last_activity_summon_at' at row 1)
2021/02/02 19:19:16 [release] SQL ERROR:C:/Cavalry/server/src/db/db_def.go:659%!(EXTRA *mysql.MySQLError=Error 1292: Incorrect datetime value: '0000-00-00' for column 'last_activity_summon_at' at row 1)
2021/02/02 19:19:16 [release] SQL ERROR:C:/Cavalry/server/src/db/db_def.go:659%!(EXTRA *mysql.MySQLError=Error 1292: Incorrect datetime value: '0000-00-00' for column 'last_activity_summon_at' at row 1)
2021/02/02 19:19:16 [release] SQL ERROR:C:/Cavalry/server/src/db/db_def.go:659%!(EXTRA *mysql.MySQLError=Error 1292: Incorrect datetime value: '0000-00-00' for column 'last_activity_summon_at' at row 1)
2021/02/02 19:19:16 [release] SQL ERROR:C:/Cavalry/server/src/db/db_def.go:659%!(EXTRA *mysql.MySQLError=Error 1292: Incorrect datetime value: '0000-00-00' for column 'starter_pack_bought_at' at row 1)
2021/02/02 19:19:16 [release] SQL ERROR:C:/Cavalry/server/src/db/db_def.go:659%!(EXTRA *mysql.MySQLError=Error 1292: Incorrect datetime value: '0000-00-00' for column 'last_activity_summon_at' at row 1)
2021/02/02 19:19:16 [release] SQL ERROR:C:/Cavalry/server/src/db/db_def.go:659%!(EXTRA *mysql.MySQLError=Error 1292: Incorrect datetime value: '0000-00-00' for column 'starter_pack_bought_at' at row 1)
2021/02/02 19:19:16 [release] SQL ERROR:C:/Cavalry/server/src/db/db_def.go:659%!(EXTRA *mysql.MySQLError=Error 1292: Incorrect datetime value: '0000-00-00' for column 'starter_pack_bought_at' at row 1)
2021/02/02 19:19:16 [release] SQL ERROR:C:/Cavalry/server/src/db/db_def.go:659%!(EXTRA *mysql.MySQLError=Error 1292: Incorrect datetime value: '0000-00-00' for column 'last_activity_summon_at' at row 1)
2021/02/02 19:19:16 [release] SQL ERROR:C:/Cavalry/server/src/db/db_def.go:659%!(EXTRA *mysql.MySQLError=Error 1292: Incorrect datetime value: '0000-00-00' for column 'starter_pack_bought_at' at row 1)
2021/02/02 19:19:16 [release] SQL ERROR:C:/Cavalry/server/src/db/db_def.go:659%!(EXTRA *mysql.MySQLError=Error 1292: Incorrect datetime value: '0000-00-00' for column 'starter_pack_bought_at' at row 1)
2021/02/02 19:19:16 [release] SQL ERROR:C:/Cavalry/server/src/db/db_def.go:659%!(EXTRA *mysql.MySQLError=Error 1292: Incorrect datetime value: '0000-00-00' for column 'starter_pack_bought_at' at row 1)
2021/02/02 19:19:16 [release] SQL ERROR:C:/Cavalry/server/src/db/db_def.go:659%!(EXTRA *mysql.MySQLError=Error 1292: Incorrect datetime value: '0000-00-00' for column 'starter_pack_bought_at' at row 1)
2021/02/02 19:19:16 [release] SQL ERROR:C:/Cavalry/server/src/db/db_def.go:659%!(EXTRA *mysql.MySQLError=Error 1292: Incorrect datetime value: '0000-00-00' for column 'last_activity_summon_at' at row 1)
2021/02/02 19:19:16 [release] SQL ERROR:C:/Cavalry/server/src/db/db_def.go:659%!(EXTRA *mysql.MySQLError=Error 1292: Incorrect datetime value: '0000-00-00' for column 'starter_pack_bought_at' at row 1)
2021/02/02 19:19:16 [release] SQL ERROR:C:/Cavalry/server/src/db/db_def.go:659%!(EXTRA *mysql.MySQLError=Error 1292: Incorrect datetime value: '0000-00-00' for column 'starter_pack_bought_at' at row 1)
2021/02/02 19:19:16 [release] SQL ERROR:C:/Cavalry/server/src/db/db_def.go:659%!(EXTRA *mysql.MySQLError=Error 1292: Incorrect datetime value: '0000-00-00' for column 'starter_pack_bought_at' at row 1)
2021/02/02 19:19:16 [release] SQL ERROR:C:/Cavalry/server/src/db/db_def.go:659%!(EXTRA *mysql.MySQLError=Error 1292: Incorrect datetime value: '0000-00-00' for column 'last_activity_summon_at' at row 1)
2021/02/02 19:19:16 [release] SQL ERROR:C:/Cavalry/server/src/db/db_def.go:659%!(EXTRA *mysql.MySQLError=Error 1292: Incorrect datetime value: '0000-00-00' for column 'starter_pack_bought_at' at row 1)
2021/02/02 19:19:16 [release] SQL ERROR:C:/Cavalry/server/src/db/db_def.go:659%!(EXTRA *mysql.MySQLError=Error 1292: Incorrect datetime value: '0000-00-00' for column 'starter_pack_bought_at' at row 1)
2021/02/02 19:19:16 [release] SQL ERROR:C:/Cavalry/server/src/db/db_def.go:659%!(EXTRA *mysql.MySQLError=Error 1292: Incorrect datetime value: '0000-00-00' for column 'starter_pack_bought_at' at row 1)
2021/02/02 19:19:16 [release] SQL ERROR:C:/Cavalry/server/src/db/db_def.go:659%!(EXTRA *mysql.MySQLError=Error 1292: Incorrect datetime value: '0000-00-00' for column 'starter_pack_bought_at' at row 1)
2021/02/02 19:19:16 [release] SQL ERROR:C:/Cavalry/server/src/db/db_def.go:659%!(EXTRA *mysql.MySQLError=Error 1292: Incorrect datetime value: '0000-00-00' for column 'starter_pack_bought_at' at row 1)
2021/02/02 19:19:16 [release] SQL ERROR:C:/Cavalry/server/src/db/db_def.go:659%!(EXTRA *mysql.MySQLError=Error 1292: Incorrect datetime value: '0000-00-00' for column 'starter_pack_bought_at' at row 1)
2021/02/02 19:19:16 [release] SQL ERROR:C:/Cavalry/server/src/db/db_def.go:659%!(EXTRA *mysql.MySQLError=Error 1292: Incorrect datetime value: '0000-00-00' for column 'starter_pack_bought_at' at row 1)
2021/02/02 19:19:16 [release] SQL ERROR:C:/Cavalry/server/src/db/db_def.go:659%!(EXTRA *mysql.MySQLError=Error 1292: Incorrect datetime value: '0000-00-00' for column 'last_activity_summon_at' at row 1)
2021/02/02 19:19:16 [release] SQL ERROR:C:/Cavalry/server/src/db/db_def.go:659%!(EXTRA *mysql.MySQLError=Error 1292: Incorrect datetime value: '0000-00-00' for column 'starter_pack_bought_at' at row 1)
2021/02/02 19:19:16 [release] SQL ERROR:C:/Cavalry/server/src/db/db_def.go:659%!(EXTRA *mysql.MySQLError=Error 1292: Incorrect datetime value: '0000-00-00' for column 'starter_pack_bought_at' at row 1)
2021/02/02 19:19:16 [release] SQL ERROR:C:/Cavalry/server/src/db/db_def.go:659%!(EXTRA *mysql.MySQLError=Error 1292: Incorrect datetime value: '0000-00-00' for column 'last_activity_summon_at' at row 1)
2021/02/02 19:19:16 [release] SQL ERROR:C:/Cavalry/server/src/db/db_def.go:659%!(EXTRA *mysql.MySQLError=Error 1292: Incorrect datetime value: '0000-00-00' for column 'starter_pack_bought_at' at row 1)
2021/02/02 19:19:16 [release] SQL ERROR:C:/Cavalry/server/src/db/db_def.go:659%!(EXTRA *mysql.MySQLError=Error 1292: Incorrect datetime value: '0000-00-00' for column 'starter_pack_bought_at' at row 1)
2021/02/02 19:19:16 [release] SQL ERROR:C:/Cavalry/server/src/db/db_def.go:659%!(EXTRA *mysql.MySQLError=Error 1292: Incorrect datetime value: '0000-00-00' for column 'starter_pack_bought_at' at row 1)
2021/02/02 19:19:16 [release] SQL ERROR:C:/Cavalry/server/src/db/db_def.go:659%!(EXTRA *mysql.MySQLError=Error 1292: Incorrect datetime value: '0000-00-00' for column 'starter_pack_bought_at' at row 1)
2021/02/02 19:19:16 [release] SQL ERROR:C:/Cavalry/server/src/db/db_def.go:659%!(EXTRA *mysql.MySQLError=Error 1292: Incorrect datetime value: '0000-00-00' for column 'starter_pack_bought_at' at row 1)
2021/02/02 19:19:16 [release] SQL ERROR:C:/Cavalry/server/src/db/db_def.go:659%!(EXTRA *mysql.MySQLError=Error 1292: Incorrect datetime value: '0000-00-00' for column 'starter_pack_bought_at' at row 1)
2021/02/02 19:19:16 [release] SQL ERROR:C:/Cavalry/server/src/db/db_def.go:659%!(EXTRA *mysql.MySQLError=Error 1292: Incorrect datetime value: '0000-00-00' for column 'last_activity_summon_at' at row 1)
2021/02/02 19:19:16 [release] SQL ERROR:C:/Cavalry/server/src/db/db_def.go:659%!(EXTRA *mysql.MySQLError=Error 1292: Incorrect datetime value: '0000-00-00' for column 'starter_pack_bought_at' at row 1)
2021/02/02 19:19:16 [release] SQL ERROR:C:/Cavalry/server/src/db/db_def.go:659%!(EXTRA *mysql.MySQLError=Error 1292: Incorrect datetime value: '0000-00-00' for column 'starter_pack_bought_at' at row 1)
2021/02/02 19:19:16 [release] SQL ERROR:C:/Cavalry/server/src/db/db_def.go:659%!(EXTRA *mysql.MySQLError=Error 1292: Incorrect datetime value: '0000-00-00' for column 'last_activity_summon_at' at row 1)
2021/02/02 19:19:16 [release] SQL ERROR:C:/Cavalry/server/src/db/db_def.go:659%!(EXTRA *mysql.MySQLError=Error 1292: Incorrect datetime value: '0000-00-00' for column 'starter_pack_bought_at' at row 1)
2021/02/02 19:19:16 [release] SQL ERROR:C:/Cavalry/server/src/db/db_def.go:659%!(EXTRA *mysql.MySQLError=Error 1292: Incorrect datetime value: '0000-00-00' for column 'starter_pack_bought_at' at row 1)
2021/02/02 19:19:16 [release] SQL ERROR:C:/Cavalry/server/src/db/db_def.go:659%!(EXTRA *mysql.MySQLError=Error 1292: Incorrect datetime value: '0000-00-00' for column 'starter_pack_bought_at' at row 1)
2021/02/02 19:19:16 [release] SQL ERROR:C:/Cavalry/server/src/db/db_def.go:659%!(EXTRA *mysql.MySQLError=Error 1292: Incorrect datetime value: '0000-00-00' for column 'last_activity_summon_at' at row 1)
2021/02/02 19:19:16 [release] SQL ERROR:C:/Cavalry/server/src/db/db_def.go:659%!(EXTRA *mysql.MySQLError=Error 1292: Incorrect datetime value: '0000-00-00' for column 'last_activity_summon_at' at row 1)
2021/02/02 19:19:16 [release] SQL ERROR:C:/Cavalry/server/src/db/db_def.go:659%!(EXTRA *mysql.MySQLError=Error 1292: Incorrect datetime value: '0000-00-00' for column 'last_activity_summon_at' at row 1)
2021/02/02 19:19:16 [release] SQL ERROR:C:/Cavalry/server/src/db/db_def.go:659%!(EXTRA *mysql.MySQLError=Error 1292: Incorrect datetime value: '0000-00-00' for column 'starter_pack_bought_at' at row 1)
2021/02/02 19:19:16 [release] SQL ERROR:C:/Cavalry/server/src/db/db_def.go:659%!(EXTRA *mysql.MySQLError=Error 1292: Incorrect datetime value: '0000-00-00' for column 'starter_pack_bought_at' at row 1)
2021/02/02 19:19:16 [release] SQL ERROR:C:/Cavalry/server/src/db/db_def.go:659%!(EXTRA *mysql.MySQLError=Error 1292: Incorrect datetime value: '0000-00-00' for column 'starter_pack_bought_at' at row 1)
2021/02/02 19:19:16 [release] SQL ERROR:C:/Cavalry/server/src/db/db_def.go:659%!(EXTRA *mysql.MySQLError=Error 1292: Incorrect datetime value: '0000-00-00' for column 'starter_pack_bought_at' at row 1)
2021/02/02 19:19:16 [release] SQL ERROR:C:/Cavalry/server/src/db/db_def.go:659%!(EXTRA *mysql.MySQLError=Error 1292: Incorrect datetime value: '0000-00-00' for column 'starter_pack_bought_at' at row 1)
2021/02/02 19:19:16 [release] SQL ERROR:C:/Cavalry/server/src/db/db_def.go:659%!(EXTRA *mysql.MySQLError=Error 1292: Incorrect datetime value: '0000-00-00' for column 'starter_pack_bought_at' at row 1)
2021/02/02 19:19:16 [release] SQL ERROR:C:/Cavalry/server/src/db/db_def.go:659%!(EXTRA *mysql.MySQLError=Error 1292: Incorrect datetime value: '0000-00-00' for column 'starter_pack_bought_at' at row 1)
2021/02/02 19:19:16 [release] SQL ERROR:C:/Cavalry/server/src/db/db_def.go:659%!(EXTRA *mysql.MySQLError=Error 1292: Incorrect datetime value: '0000-00-00' for column 'starter_pack_bought_at' at row 1)
2021/02/02 19:19:16 [release] SQL ERROR:C:/Cavalry/server/src/db/db_def.go:659%!(EXTRA *mysql.MySQLError=Error 1292: Incorrect datetime value: '0000-00-00' for column 'starter_pack_bought_at' at row 1)
2021/02/02 19:19:16 [release] SQL ERROR:C:/Cavalry/server/src/db/db_def.go:659%!(EXTRA *mysql.MySQLError=Error 1292: Incorrect datetime value: '0000-00-00' for column 'starter_pack_bought_at' at row 1)
2021/02/02 19:19:16 [release] SQL ERROR:C:/Cavalry/server/src/db/db_def.go:659%!(EXTRA *mysql.MySQLError=Error 1292: Incorrect datetime value: '0000-00-00' for column 'starter_pack_bought_at' at row 1)
2021/02/02 19:19:16 [release] SQL ERROR:C:/Cavalry/server/src/db/db_def.go:659%!(EXTRA *mysql.MySQLError=Error 1292: Incorrect datetime value: '0000-00-00' for column 'starter_pack_bought_at' at row 1)
2021/02/02 19:19:16 [release] SQL ERROR:C:/Cavalry/server/src/db/db_def.go:659%!(EXTRA *mysql.MySQLError=Error 1292: Incorrect datetime value: '0000-00-00' for column 'starter_pack_bought_at' at row 1)
2021/02/02 19:19:16 [release] SQL ERROR:C:/Cavalry/server/src/db/db_def.go:659%!(EXTRA *mysql.MySQLError=Error 1292: Incorrect datetime value: '0000-00-00' for column 'starter_pack_bought_at' at row 1)
2021/02/02 19:19:16 [release] SQL ERROR:C:/Cavalry/server/src/db/db_def.go:659%!(EXTRA *mysql.MySQLError=Error 1292: Incorrect datetime value: '0000-00-00' for column 'starter_pack_bought_at' at row 1)
2021/02/02 19:19:16 [release] SQL ERROR:C:/Cavalry/server/src/db/db_def.go:659%!(EXTRA *mysql.MySQLError=Error 1292: Incorrect datetime value: '0000-00-00' for column 'starter_pack_bought_at' at row 1)
2021/02/02 19:19:16 [release] SQL ERROR:C:/Cavalry/server/src/db/db_def.go:659%!(EXTRA *mysql.MySQLError=Error 1292: Incorrect datetime value: '0000-00-00' for column 'starter_pack_bought_at' at row 1)
2021/02/02 19:19:16 [release] SQL ERROR:C:/Cavalry/server/src/db/db_def.go:659%!(EXTRA *mysql.MySQLError=Error 1292: Incorrect datetime value: '0000-00-00' for column 'last_activity_summon_at' at row 1)
2021/02/02 19:19:16 [release] SQL ERROR:C:/Cavalry/server/src/db/db_def.go:659%!(EXTRA *mysql.MySQLError=Error 1292: Incorrect datetime value: '0000-00-00' for column 'last_activity_summon_at' at row 1)
2021/02/02 19:19:16 [release] SQL ERROR:C:/Cavalry/server/src/db/db_def.go:659%!(EXTRA *mysql.MySQLError=Error 1292: Incorrect datetime value: '0000-00-00' for column 'starter_pack_bought_at' at row 1)
2021/02/02 19:19:16 [release] SQL ERROR:C:/Cavalry/server/src/db/db_def.go:659%!(EXTRA *mysql.MySQLError=Error 1292: Incorrect datetime value: '0000-00-00' for column 'starter_pack_bought_at' at row 1)
2021/02/02 19:19:16 [release] SQL ERROR:C:/Cavalry/server/src/db/db_def.go:659%!(EXTRA *mysql.MySQLError=Error 1292: Incorrect datetime value: '0000-00-00' for column 'starter_pack_bought_at' at row 1)
2021/02/02 19:19:16 [release] SQL ERROR:C:/Cavalry/server/src/db/db_def.go:659%!(EXTRA *mysql.MySQLError=Error 1292: Incorrect datetime value: '0000-00-00' for column 'starter_pack_bought_at' at row 1)
2021/02/02 19:19:16 [release] SQL ERROR:C:/Cavalry/server/src/db/db_def.go:659%!(EXTRA *mysql.MySQLError=Error 1292: Incorrect datetime value: '0000-00-00' for column 'starter_pack_bought_at' at row 1)
2021/02/02 19:19:16 [release] SQL ERROR:C:/Cavalry/server/src/db/db_def.go:659%!(EXTRA *mysql.MySQLError=Error 1292: Incorrect datetime value: '0000-00-00' for column 'last_activity_summon_at' at row 1)
2021/02/02 19:19:16 [release] SQL ERROR:C:/Cavalry/server/src/db/db_def.go:659%!(EXTRA *mysql.MySQLError=Error 1292: Incorrect datetime value: '0000-00-00' for column 'last_activity_summon_at' at row 1)
2021/02/02 19:19:16 [release] SQL ERROR:C:/Cavalry/server/src/db/db_def.go:659%!(EXTRA *mysql.MySQLError=Error 1292: Incorrect datetime value: '0000-00-00' for column 'starter_pack_bought_at' at row 1)
2021/02/02 19:19:16 [release] SQL ERROR:C:/Cavalry/server/src/db/db_def.go:659%!(EXTRA *mysql.MySQLError=Error 1292: Incorrect datetime value: '0000-00-00' for column 'starter_pack_bought_at' at row 1)
2021/02/02 19:19:16 [release] SQL ERROR:C:/Cavalry/server/src/db/db_def.go:659%!(EXTRA *mysql.MySQLError=Error 1292: Incorrect datetime value: '0000-00-00' for column 'starter_pack_bought_at' at row 1)
2021/02/02 19:19:16 [release] SQL ERROR:C:/Cavalry/server/src/db/db_def.go:659%!(EXTRA *mysql.MySQLError=Error 1292: Incorrect datetime value: '0000-00-00' for column 'starter_pack_bought_at' at row 1)
2021/02/02 19:19:16 [release] SQL ERROR:C:/Cavalry/server/src/db/db_def.go:659%!(EXTRA *mysql.MySQLError=Error 1292: Incorrect datetime value: '0000-00-00' for column 'starter_pack_bought_at' at row 1)
2021/02/02 19:19:16 [release] SQL ERROR:C:/Cavalry/server/src/db/db_def.go:659%!(EXTRA *mysql.MySQLError=Error 1292: Incorrect datetime value: '0000-00-00' for column 'starter_pack_bought_at' at row 1)
2021/02/02 19:19:16 [release] SQL ERROR:C:/Cavalry/server/src/db/db_def.go:659%!(EXTRA *mysql.MySQLError=Error 1292: Incorrect datetime value: '0000-00-00' for column 'starter_pack_bought_at' at row 1)
2021/02/02 19:19:16 [release] SQL ERROR:C:/Cavalry/server/src/db/db_def.go:659%!(EXTRA *mysql.MySQLError=Error 1292: Incorrect datetime value: '0000-00-00' for column 'starter_pack_bought_at' at row 1)
2021/02/02 19:19:16 [release] SQL ERROR:C:/Cavalry/server/src/db/db_def.go:659%!(EXTRA *mysql.MySQLError=Error 1292: Incorrect datetime value: '0000-00-00' for column 'starter_pack_bought_at' at row 1)
2021/02/02 19:19:16 [release] SQL ERROR:C:/Cavalry/server/src/db/db_def.go:659%!(EXTRA *mysql.MySQLError=Error 1292: Incorrect datetime value: '0000-00-00' for column 'starter_pack_bought_at' at row 1)
2021/02/02 19:19:16 [release] SQL ERROR:C:/Cavalry/server/src/db/db_def.go:659%!(EXTRA *mysql.MySQLError=Error 1292: Incorrect datetime value: '0000-00-00' for column 'starter_pack_bought_at' at row 1)
2021/02/02 19:19:16 [release] SQL ERROR:C:/Cavalry/server/src/db/db_def.go:659%!(EXTRA *mysql.MySQLError=Error 1292: Incorrect datetime value: '0000-00-00' for column 'starter_pack_bought_at' at row 1)
2021/02/02 19:19:16 [release] SQL ERROR:C:/Cavalry/server/src/db/db_def.go:659%!(EXTRA *mysql.MySQLError=Error 1292: Incorrect datetime value: '0000-00-00' for column 'starter_pack_bought_at' at row 1)
2021/02/02 19:19:16 [release] SQL ERROR:C:/Cavalry/server/src/db/db_def.go:659%!(EXTRA *mysql.MySQLError=Error 1292: Incorrect datetime value: '0000-00-00' for column 'last_activity_summon_at' at row 1)
2021/02/02 19:19:16 [release] SQL ERROR:C:/Cavalry/server/src/db/db_def.go:659%!(EXTRA *mysql.MySQLError=Error 1292: Incorrect datetime value: '0000-00-00' for column 'starter_pack_bought_at' at row 1)
2021/02/02 19:19:16 [release] SQL ERROR:C:/Cavalry/server/src/db/db_def.go:659%!(EXTRA *mysql.MySQLError=Error 1292: Incorrect datetime value: '0000-00-00' for column 'starter_pack_bought_at' at row 1)
2021/02/02 19:19:16 [release] SQL ERROR:C:/Cavalry/server/src/db/db_def.go:659%!(EXTRA *mysql.MySQLError=Error 1292: Incorrect datetime value: '0000-00-00' for column 'starter_pack_bought_at' at row 1)
2021/02/02 19:19:16 [release] SQL ERROR:C:/Cavalry/server/src/db/db_def.go:659%!(EXTRA *mysql.MySQLError=Error 1292: Incorrect datetime value: '0000-00-00' for column 'starter_pack_bought_at' at row 1)
2021/02/02 19:19:16 [release] SQL ERROR:C:/Cavalry/server/src/db/db_def.go:659%!(EXTRA *mysql.MySQLError=Error 1292: Incorrect datetime value: '0000-00-00' for column 'starter_pack_bought_at' at row 1)
2021/02/02 19:19:16 [release] SQL ERROR:C:/Cavalry/server/src/db/db_def.go:659%!(EXTRA *mysql.MySQLError=Error 1292: Incorrect datetime value: '0000-00-00' for column 'last_activity_summon_at' at row 1)
2021/02/02 19:19:16 [release] SQL ERROR:C:/Cavalry/server/src/db/db_def.go:659%!(EXTRA *mysql.MySQLError=Error 1292: Incorrect datetime value: '0000-00-00' for column 'starter_pack_bought_at' at row 1)
2021/02/02 19:19:17 [release] SQL ERROR:C:/Cavalry/server/src/db/db_def.go:659%!(EXTRA *mysql.MySQLError=Error 1292: Incorrect datetime value: '0000-00-00' for column 'last_activity_summon_at' at row 1)
2021/02/02 19:19:17 [release] SQL ERROR:C:/Cavalry/server/src/db/db_def.go:659%!(EXTRA *mysql.MySQLError=Error 1292: Incorrect datetime value: '0000-00-00' for column 'starter_pack_bought_at' at row 1)
2021/02/02 19:19:17 [release] SQL ERROR:C:/Cavalry/server/src/db/db_def.go:659%!(EXTRA *mysql.MySQLError=Error 1292: Incorrect datetime value: '0000-00-00' for column 'starter_pack_bought_at' at row 1)
2021/02/02 19:19:17 [release] SQL ERROR:C:/Cavalry/server/src/db/db_def.go:659%!(EXTRA *mysql.MySQLError=Error 1292: Incorrect datetime value: '0000-00-00' for column 'starter_pack_bought_at' at row 1)
2021/02/02 19:19:17 [release] SQL ERROR:C:/Cavalry/server/src/db/db_def.go:659%!(EXTRA *mysql.MySQLError=Error 1292: Incorrect datetime value: '0000-00-00' for column 'starter_pack_bought_at' at row 1)
2021/02/02 19:19:17 [release] SQL ERROR:C:/Cavalry/server/src/db/db_def.go:659%!(EXTRA *mysql.MySQLError=Error 1292: Incorrect datetime value: '0000-00-00' for column 'last_activity_summon_at' at row 1)
2021/02/02 19:19:17 [release] SQL ERROR:C:/Cavalry/server/src/db/db_def.go:659%!(EXTRA *mysql.MySQLError=Error 1292: Incorrect datetime value: '0000-00-00' for column 'starter_pack_bought_at' at row 1)
2021/02/02 19:19:17 [release] SQL ERROR:C:/Cavalry/server/src/db/db_def.go:659%!(EXTRA *mysql.MySQLError=Error 1292: Incorrect datetime value: '0000-00-00' for column 'last_activity_summon_at' at row 1)
2021/02/02 19:19:17 [release] SQL ERROR:C:/Cavalry/server/src/db/db_def.go:659%!(EXTRA *mysql.MySQLError=Error 1292: Incorrect datetime value: '0000-00-00' for column 'starter_pack_bought_at' at row 1)
2021/02/02 19:19:17 [release] SQL ERROR:C:/Cavalry/server/src/db/db_def.go:659%!(EXTRA *mysql.MySQLError=Error 1292: Incorrect datetime value: '0000-00-00' for column 'starter_pack_bought_at' at row 1)
2021/02/02 19:19:17 [release] SQL ERROR:C:/Cavalry/server/src/db/db_def.go:659%!(EXTRA *mysql.MySQLError=Error 1292: Incorrect datetime value: '0000-00-00' for column 'starter_pack_bought_at' at row 1)
2021/02/02 19:19:17 [release] SQL ERROR:C:/Cavalry/server/src/db/db_def.go:659%!(EXTRA *mysql.MySQLError=Error 1292: Incorrect datetime value: '0000-00-00' for column 'starter_pack_bought_at' at row 1)
2021/02/02 19:19:17 [release] SQL ERROR:C:/Cavalry/server/src/db/db_def.go:659%!(EXTRA *mysql.MySQLError=Error 1292: Incorrect datetime value: '0000-00-00' for column 'starter_pack_bought_at' at row 1)
2021/02/02 19:19:17 [release] SQL ERROR:C:/Cavalry/server/src/db/db_def.go:659%!(EXTRA *mysql.MySQLError=Error 1292: Incorrect datetime value: '0000-00-00' for column 'starter_pack_bought_at' at row 1)
2021/02/02 19:19:17 [release] SQL ERROR:C:/Cavalry/server/src/db/db_def.go:659%!(EXTRA *mysql.MySQLError=Error 1292: Incorrect datetime value: '0000-00-00' for column 'last_activity_summon_at' at row 1)
2021/02/02 19:19:17 [release] SQL ERROR:C:/Cavalry/server/src/db/db_def.go:659%!(EXTRA *mysql.MySQLError=Error 1292: Incorrect datetime value: '0000-00-00' for column 'starter_pack_bought_at' at row 1)
2021/02/02 19:19:17 [release] SQL ERROR:C:/Cavalry/server/src/db/db_def.go:659%!(EXTRA *mysql.MySQLError=Error 1292: Incorrect datetime value: '0000-00-00' for column 'starter_pack_bought_at' at row 1)
2021/02/02 19:19:17 [release] SQL ERROR:C:/Cavalry/server/src/db/db_def.go:659%!(EXTRA *mysql.MySQLError=Error 1292: Incorrect datetime value: '0000-00-00' for column 'last_activity_summon_at' at row 1)
2021/02/02 19:19:17 [release] SQL ERROR:C:/Cavalry/server/src/db/db_def.go:659%!(EXTRA *mysql.MySQLError=Error 1292: Incorrect datetime value: '0000-00-00' for column 'starter_pack_bought_at' at row 1)
2021/02/02 19:19:17 [release] SQL ERROR:C:/Cavalry/server/src/db/db_def.go:659%!(EXTRA *mysql.MySQLError=Error 1292: Incorrect datetime value: '0000-00-00' for column 'starter_pack_bought_at' at row 1)
2021/02/02 19:19:17 [release] SQL ERROR:C:/Cavalry/server/src/db/db_def.go:659%!(EXTRA *mysql.MySQLError=Error 1292: Incorrect datetime value: '0000-00-00' for column 'starter_pack_bought_at' at row 1)
2021/02/02 19:19:17 [release] SQL ERROR:C:/Cavalry/server/src/db/db_def.go:659%!(EXTRA *mysql.MySQLError=Error 1292: Incorrect datetime value: '0000-00-00' for column 'starter_pack_bought_at' at row 1)
2021/02/02 19:19:17 [release] SQL ERROR:C:/Cavalry/server/src/db/db_def.go:659%!(EXTRA *mysql.MySQLError=Error 1292: Incorrect datetime value: '0000-00-00' for column 'starter_pack_bought_at' at row 1)
2021/02/02 19:19:17 [release] SQL ERROR:C:/Cavalry/server/src/db/db_def.go:659%!(EXTRA *mysql.MySQLError=Error 1292: Incorrect datetime value: '0000-00-00' for column 'last_activity_summon_at' at row 1)
2021/02/02 19:19:17 [release] SQL ERROR:C:/Cavalry/server/src/db/db_def.go:659%!(EXTRA *mysql.MySQLError=Error 1292: Incorrect datetime value: '0000-00-00' for column 'starter_pack_bought_at' at row 1)
2021/02/02 19:19:17 [release] SQL ERROR:C:/Cavalry/server/src/db/db_def.go:659%!(EXTRA *mysql.MySQLError=Error 1292: Incorrect datetime value: '0000-00-00' for column 'last_activity_summon_at' at row 1)
2021/02/02 19:19:17 [release] SQL ERROR:C:/Cavalry/server/src/db/db_def.go:659%!(EXTRA *mysql.MySQLError=Error 1292: Incorrect datetime value: '0000-00-00' for column 'starter_pack_bought_at' at row 1)
2021/02/02 19:19:17 [release] SQL ERROR:C:/Cavalry/server/src/db/db_def.go:659%!(EXTRA *mysql.MySQLError=Error 1292: Incorrect datetime value: '0000-00-00' for column 'starter_pack_bought_at' at row 1)
2021/02/02 19:19:17 [release] SQL ERROR:C:/Cavalry/server/src/db/db_def.go:659%!(EXTRA *mysql.MySQLError=Error 1292: Incorrect datetime value: '0000-00-00' for column 'starter_pack_bought_at' at row 1)
2021/02/02 19:19:17 [release] SQL ERROR:C:/Cavalry/server/src/db/db_def.go:659%!(EXTRA *mysql.MySQLError=Error 1292: Incorrect datetime value: '0000-00-00' for column 'starter_pack_bought_at' at row 1)
2021/02/02 19:19:17 [release] SQL ERROR:C:/Cavalry/server/src/db/db_def.go:659%!(EXTRA *mysql.MySQLError=Error 1292: Incorrect datetime value: '0000-00-00' for column 'starter_pack_bought_at' at row 1)
2021/02/02 19:19:17 [release] SQL ERROR:C:/Cavalry/server/src/db/db_def.go:659%!(EXTRA *mysql.MySQLError=Error 1292: Incorrect datetime value: '0000-00-00' for column 'last_activity_summon_at' at row 1)
2021/02/02 19:19:17 [release] SQL ERROR:C:/Cavalry/server/src/db/db_def.go:659%!(EXTRA *mysql.MySQLError=Error 1292: Incorrect datetime value: '0000-00-00' for column 'last_activity_summon_at' at row 1)
2021/02/02 19:19:17 [release] SQL ERROR:C:/Cavalry/server/src/db/db_def.go:659%!(EXTRA *mysql.MySQLError=Error 1292: Incorrect datetime value: '0000-00-00' for column 'starter_pack_bought_at' at row 1)
2021/02/02 19:19:17 [release] SQL ERROR:C:/Cavalry/server/src/db/db_def.go:659%!(EXTRA *mysql.MySQLError=Error 1292: Incorrect datetime value: '0000-00-00' for column 'starter_pack_bought_at' at row 1)
2021/02/02 19:19:17 [release] SQL ERROR:C:/Cavalry/server/src/db/db_def.go:659%!(EXTRA *mysql.MySQLError=Error 1292: Incorrect datetime value: '0000-00-00' for column 'last_activity_summon_at' at row 1)
2021/02/02 19:19:17 [release] SQL ERROR:C:/Cavalry/server/src/db/db_def.go:659%!(EXTRA *mysql.MySQLError=Error 1292: Incorrect datetime value: '0000-00-00' for column 'last_activity_summon_at' at row 1)
2021/02/02 19:19:17 [release] SQL ERROR:C:/Cavalry/server/src/db/db_def.go:659%!(EXTRA *mysql.MySQLError=Error 1292: Incorrect datetime value: '0000-00-00' for column 'last_activity_summon_at' at row 1)
2021/02/02 19:19:17 [release] SQL ERROR:C:/Cavalry/server/src/db/db_def.go:659%!(EXTRA *mysql.MySQLError=Error 1292: Incorrect datetime value: '0000-00-00' for column 'starter_pack_bought_at' at row 1)
2021/02/02 19:19:17 [release] SQL ERROR:C:/Cavalry/server/src/db/db_def.go:659%!(EXTRA *mysql.MySQLError=Error 1292: Incorrect datetime value: '0000-00-00' for column 'starter_pack_bought_at' at row 1)
2021/02/02 19:19:17 [release] SQL ERROR:C:/Cavalry/server/src/db/db_def.go:659%!(EXTRA *mysql.MySQLError=Error 1292: Incorrect datetime value: '0000-00-00' for column 'starter_pack_bought_at' at row 1)
2021/02/02 19:19:17 [release] SQL ERROR:C:/Cavalry/server/src/db/db_def.go:659%!(EXTRA *mysql.MySQLError=Error 1292: Incorrect datetime value: '0000-00-00' for column 'starter_pack_bought_at' at row 1)
2021/02/02 19:19:17 [release] SQL ERROR:C:/Cavalry/server/src/db/db_def.go:659%!(EXTRA *mysql.MySQLError=Error 1292: Incorrect datetime value: '0000-00-00' for column 'starter_pack_bought_at' at row 1)
2021/02/02 19:19:17 [release] SQL ERROR:C:/Cavalry/server/src/db/db_def.go:659%!(EXTRA *mysql.MySQLError=Error 1292: Incorrect datetime value: '0000-00-00' for column 'starter_pack_bought_at' at row 1)
2021/02/02 19:19:17 [release] SQL ERROR:C:/Cavalry/server/src/db/db_def.go:659%!(EXTRA *mysql.MySQLError=Error 1292: Incorrect datetime value: '0000-00-00' for column 'starter_pack_bought_at' at row 1)
2021/02/02 19:19:17 [release] SQL ERROR:C:/Cavalry/server/src/db/db_def.go:659%!(EXTRA *mysql.MySQLError=Error 1292: Incorrect datetime value: '0000-00-00' for column 'starter_pack_bought_at' at row 1)
2021/02/02 19:19:17 [release] SQL ERROR:C:/Cavalry/server/src/db/db_def.go:659%!(EXTRA *mysql.MySQLError=Error 1292: Incorrect datetime value: '0000-00-00' for column 'last_activity_summon_at' at row 1)
2021/02/02 19:19:17 [release] SQL ERROR:C:/Cavalry/server/src/db/db_def.go:659%!(EXTRA *mysql.MySQLError=Error 1292: Incorrect datetime value: '0000-00-00' for column 'starter_pack_bought_at' at row 1)
2021/02/02 19:19:17 [release] SQL ERROR:C:/Cavalry/server/src/db/db_def.go:659%!(EXTRA *mysql.MySQLError=Error 1292: Incorrect datetime value: '0000-00-00' for column 'starter_pack_bought_at' at row 1)
2021/02/02 19:19:17 [release] SQL ERROR:C:/Cavalry/server/src/db/db_def.go:659%!(EXTRA *mysql.MySQLError=Error 1292: Incorrect datetime value: '0000-00-00' for column 'starter_pack_bought_at' at row 1)
2021/02/02 19:19:17 [release] SQL ERROR:C:/Cavalry/server/src/db/db_def.go:659%!(EXTRA *mysql.MySQLError=Error 1292: Incorrect datetime value: '0000-00-00' for column 'last_activity_summon_at' at row 1)
2021/02/02 19:19:17 [release] SQL ERROR:C:/Cavalry/server/src/db/db_def.go:659%!(EXTRA *mysql.MySQLError=Error 1292: Incorrect datetime value: '0000-00-00' for column 'starter_pack_bought_at' at row 1)
2021/02/02 19:19:17 [release] SQL ERROR:C:/Cavalry/server/src/db/db_def.go:659%!(EXTRA *mysql.MySQLError=Error 1292: Incorrect datetime value: '0000-00-00' for column 'starter_pack_bought_at' at row 1)
2021/02/02 19:19:17 [release] SQL ERROR:C:/Cavalry/server/src/db/db_def.go:659%!(EXTRA *mysql.MySQLError=Error 1292: Incorrect datetime value: '0000-00-00' for column 'starter_pack_bought_at' at row 1)
2021/02/02 19:19:17 [release] SQL ERROR:C:/Cavalry/server/src/db/db_def.go:659%!(EXTRA *mysql.MySQLError=Error 1292: Incorrect datetime value: '0000-00-00' for column 'starter_pack_bought_at' at row 1)
2021/02/02 19:19:17 [release] SQL ERROR:C:/Cavalry/server/src/db/db_def.go:659%!(EXTRA *mysql.MySQLError=Error 1292: Incorrect datetime value: '0000-00-00' for column 'starter_pack_bought_at' at row 1)
2021/02/02 19:19:17 [release] SQL ERROR:C:/Cavalry/server/src/db/db_def.go:659%!(EXTRA *mysql.MySQLError=Error 1292: Incorrect datetime value: '0000-00-00' for column 'starter_pack_bought_at' at row 1)
2021/02/02 19:19:17 [release] SQL ERROR:C:/Cavalry/server/src/db/db_def.go:659%!(EXTRA *mysql.MySQLError=Error 1292: Incorrect datetime value: '0000-00-00' for column 'starter_pack_bought_at' at row 1)
2021/02/02 19:19:17 [release] SQL ERROR:C:/Cavalry/server/src/db/db_def.go:659%!(EXTRA *mysql.MySQLError=Error 1292: Incorrect datetime value: '0000-00-00' for column 'starter_pack_bought_at' at row 1)
2021/02/02 19:19:17 [release] SQL ERROR:C:/Cavalry/server/src/db/db_def.go:659%!(EXTRA *mysql.MySQLError=Error 1292: Incorrect datetime value: '0000-00-00' for column 'starter_pack_bought_at' at row 1)
2021/02/02 19:19:17 [release] SQL ERROR:C:/Cavalry/server/src/db/db_def.go:659%!(EXTRA *mysql.MySQLError=Error 1292: Incorrect datetime value: '0000-00-00' for column 'starter_pack_bought_at' at row 1)
2021/02/02 19:19:17 [release] SQL ERROR:C:/Cavalry/server/src/db/db_def.go:659%!(EXTRA *mysql.MySQLError=Error 1292: Incorrect datetime value: '0000-00-00' for column 'last_activity_summon_at' at row 1)
2021/02/02 19:19:17 [release] SQL ERROR:C:/Cavalry/server/src/db/db_def.go:659%!(EXTRA *mysql.MySQLError=Error 1292: Incorrect datetime value: '0000-00-00' for column 'starter_pack_bought_at' at row 1)
2021/02/02 19:19:17 [release] SQL ERROR:C:/Cavalry/server/src/db/db_def.go:659%!(EXTRA *mysql.MySQLError=Error 1292: Incorrect datetime value: '0000-00-00' for column 'starter_pack_bought_at' at row 1)
2021/02/02 19:19:17 [release] SQL ERROR:C:/Cavalry/server/src/db/db_def.go:659%!(EXTRA *mysql.MySQLError=Error 1292: Incorrect datetime value: '0000-00-00' for column 'starter_pack_bought_at' at row 1)
2021/02/02 19:19:17 [release] SQL ERROR:C:/Cavalry/server/src/db/db_def.go:659%!(EXTRA *mysql.MySQLError=Error 1292: Incorrect datetime value: '0000-00-00' for column 'starter_pack_bought_at' at row 1)
2021/02/02 19:19:17 [release] SQL ERROR:C:/Cavalry/server/src/db/db_def.go:659%!(EXTRA *mysql.MySQLError=Error 1292: Incorrect datetime value: '0000-00-00' for column 'starter_pack_bought_at' at row 1)
2021/02/02 19:19:17 [release] SQL ERROR:C:/Cavalry/server/src/db/db_def.go:659%!(EXTRA *mysql.MySQLError=Error 1292: Incorrect datetime value: '0000-00-00' for column 'starter_pack_bought_at' at row 1)
2021/02/02 19:19:17 [release] SQL ERROR:C:/Cavalry/server/src/db/db_def.go:659%!(EXTRA *mysql.MySQLError=Error 1292: Incorrect datetime value: '0000-00-00' for column 'starter_pack_bought_at' at row 1)
2021/02/02 19:19:17 [release] SQL ERROR:C:/Cavalry/server/src/db/db_def.go:659%!(EXTRA *mysql.MySQLError=Error 1292: Incorrect datetime value: '0000-00-00' for column 'last_activity_summon_at' at row 1)
2021/02/02 19:19:17 [release] SQL ERROR:C:/Cavalry/server/src/db/db_def.go:659%!(EXTRA *mysql.MySQLError=Error 1292: Incorrect datetime value: '0000-00-00' for column 'starter_pack_bought_at' at row 1)
2021/02/02 19:19:17 [release] SQL ERROR:C:/Cavalry/server/src/db/db_def.go:659%!(EXTRA *mysql.MySQLError=Error 1292: Incorrect datetime value: '0000-00-00' for column 'starter_pack_bought_at' at row 1)
2021/02/02 19:19:17 [release] SQL ERROR:C:/Cavalry/server/src/db/db_def.go:659%!(EXTRA *mysql.MySQLError=Error 1292: Incorrect datetime value: '0000-00-00' for column 'starter_pack_bought_at' at row 1)
2021/02/02 19:19:17 [release] SQL ERROR:C:/Cavalry/server/src/db/db_def.go:659%!(EXTRA *mysql.MySQLError=Error 1292: Incorrect datetime value: '0000-00-00' for column 'last_activity_summon_at' at row 1)
2021/02/02 19:19:17 [release] SQL ERROR:C:/Cavalry/server/src/db/db_def.go:659%!(EXTRA *mysql.MySQLError=Error 1292: Incorrect datetime value: '0000-00-00' for column 'starter_pack_bought_at' at row 1)
2021/02/02 19:19:17 [release] SQL ERROR:C:/Cavalry/server/src/db/db_def.go:659%!(EXTRA *mysql.MySQLError=Error 1292: Incorrect datetime value: '0000-00-00' for column 'starter_pack_bought_at' at row 1)
2021/02/02 19:19:17 [release] SQL ERROR:C:/Cavalry/server/src/db/db_def.go:659%!(EXTRA *mysql.MySQLError=Error 1292: Incorrect datetime value: '0000-00-00' for column 'last_activity_summon_at' at row 1)
2021/02/02 19:19:17 [release] SQL ERROR:C:/Cavalry/server/src/db/db_def.go:659%!(EXTRA *mysql.MySQLError=Error 1292: Incorrect datetime value: '0000-00-00' for column 'starter_pack_bought_at' at row 1)
2021/02/02 19:19:17 [release] SQL ERROR:C:/Cavalry/server/src/db/db_def.go:659%!(EXTRA *mysql.MySQLError=Error 1292: Incorrect datetime value: '0000-00-00' for column 'starter_pack_bought_at' at row 1)
2021/02/02 19:19:17 [release] SQL ERROR:C:/Cavalry/server/src/db/db_def.go:659%!(EXTRA *mysql.MySQLError=Error 1292: Incorrect datetime value: '0000-00-00' for column 'starter_pack_bought_at' at row 1)
2021/02/02 19:19:17 [release] SQL ERROR:C:/Cavalry/server/src/db/db_def.go:659%!(EXTRA *mysql.MySQLError=Error 1292: Incorrect datetime value: '0000-00-00' for column 'starter_pack_bought_at' at row 1)
2021/02/02 19:19:17 [release] SQL ERROR:C:/Cavalry/server/src/db/db_def.go:659%!(EXTRA *mysql.MySQLError=Error 1292: Incorrect datetime value: '0000-00-00' for column 'starter_pack_bought_at' at row 1)
2021/02/02 19:19:17 [release] SQL ERROR:C:/Cavalry/server/src/db/db_def.go:659%!(EXTRA *mysql.MySQLError=Error 1292: Incorrect datetime value: '0000-00-00' for column 'starter_pack_bought_at' at row 1)
2021/02/02 19:19:17 [release] SQL ERROR:C:/Cavalry/server/src/db/db_def.go:659%!(EXTRA *mysql.MySQLError=Error 1292: Incorrect datetime value: '0000-00-00' for column 'starter_pack_bought_at' at row 1)
2021/02/02 19:19:17 [release] SQL ERROR:C:/Cavalry/server/src/db/db_def.go:659%!(EXTRA *mysql.MySQLError=Error 1292: Incorrect datetime value: '0000-00-00' for column 'starter_pack_bought_at' at row 1)
2021/02/02 19:19:17 [release] SQL ERROR:C:/Cavalry/server/src/db/db_def.go:659%!(EXTRA *mysql.MySQLError=Error 1292: Incorrect datetime value: '0000-00-00' for column 'starter_pack_bought_at' at row 1)
2021/02/02 19:19:17 [release] SQL ERROR:C:/Cavalry/server/src/db/db_def.go:659%!(EXTRA *mysql.MySQLError=Error 1292: Incorrect datetime value: '0000-00-00' for column 'last_activity_summon_at' at row 1)
2021/02/02 19:19:17 [release] SQL ERROR:C:/Cavalry/server/src/db/db_def.go:659%!(EXTRA *mysql.MySQLError=Error 1292: Incorrect datetime value: '0000-00-00' for column 'starter_pack_bought_at' at row 1)
2021/02/02 19:19:17 [release] SQL ERROR:C:/Cavalry/server/src/db/db_def.go:659%!(EXTRA *mysql.MySQLError=Error 1292: Incorrect datetime value: '0000-00-00' for column 'starter_pack_bought_at' at row 1)
2021/02/02 19:19:17 [release] SQL ERROR:C:/Cavalry/server/src/db/db_def.go:659%!(EXTRA *mysql.MySQLError=Error 1292: Incorrect datetime value: '0000-00-00' for column 'starter_pack_bought_at' at row 1)
2021/02/02 19:19:17 [release] SQL ERROR:C:/Cavalry/server/src/db/db_def.go:659%!(EXTRA *mysql.MySQLError=Error 1292: Incorrect datetime value: '0000-00-00' for column 'starter_pack_bought_at' at row 1)
2021/02/02 19:19:17 [release] SQL ERROR:C:/Cavalry/server/src/db/db_def.go:659%!(EXTRA *mysql.MySQLError=Error 1292: Incorrect datetime value: '0000-00-00' for column 'starter_pack_bought_at' at row 1)
2021/02/02 19:19:17 [release] SQL ERROR:C:/Cavalry/server/src/db/db_def.go:659%!(EXTRA *mysql.MySQLError=Error 1292: Incorrect datetime value: '0000-00-00' for column 'last_activity_summon_at' at row 1)
2021/02/02 19:19:17 [release] SQL ERROR:C:/Cavalry/server/src/db/db_def.go:659%!(EXTRA *mysql.MySQLError=Error 1292: Incorrect datetime value: '0000-00-00' for column 'starter_pack_bought_at' at row 1)
2021/02/02 19:19:17 [release] SQL ERROR:C:/Cavalry/server/src/db/db_def.go:659%!(EXTRA *mysql.MySQLError=Error 1292: Incorrect datetime value: '0000-00-00' for column 'starter_pack_bought_at' at row 1)
2021/02/02 19:19:17 [release] SQL ERROR:C:/Cavalry/server/src/db/db_def.go:659%!(EXTRA *mysql.MySQLError=Error 1292: Incorrect datetime value: '0000-00-00' for column 'starter_pack_bought_at' at row 1)
2021/02/02 19:19:17 [release] SQL ERROR:C:/Cavalry/server/src/db/db_def.go:659%!(EXTRA *mysql.MySQLError=Error 1292: Incorrect datetime value: '0000-00-00' for column 'starter_pack_bought_at' at row 1)
2021/02/02 19:19:17 [release] SQL ERROR:C:/Cavalry/server/src/db/db_def.go:659%!(EXTRA *mysql.MySQLError=Error 1292: Incorrect datetime value: '0000-00-00' for column 'last_activity_summon_at' at row 1)
2021/02/02 19:19:17 [release] SQL ERROR:C:/Cavalry/server/src/db/db_def.go:659%!(EXTRA *mysql.MySQLError=Error 1292: Incorrect datetime value: '0000-00-00' for column 'starter_pack_bought_at' at row 1)
2021/02/02 19:19:17 [release] SQL ERROR:C:/Cavalry/server/src/db/db_def.go:659%!(EXTRA *mysql.MySQLError=Error 1292: Incorrect datetime value: '0000-00-00' for column 'starter_pack_bought_at' at row 1)
2021/02/02 19:19:17 [release] SQL ERROR:C:/Cavalry/server/src/db/db_def.go:659%!(EXTRA *mysql.MySQLError=Error 1292: Incorrect datetime value: '0000-00-00' for column 'starter_pack_bought_at' at row 1)
2021/02/02 19:19:17 [release] SQL ERROR:C:/Cavalry/server/src/db/db_def.go:659%!(EXTRA *mysql.MySQLError=Error 1292: Incorrect datetime value: '0000-00-00' for column 'starter_pack_bought_at' at row 1)
2021/02/02 19:19:17 [release] SQL ERROR:C:/Cavalry/server/src/db/db_def.go:659%!(EXTRA *mysql.MySQLError=Error 1292: Incorrect datetime value: '0000-00-00' for column 'starter_pack_bought_at' at row 1)
2021/02/02 19:19:17 [release] SQL ERROR:C:/Cavalry/server/src/db/db_def.go:659%!(EXTRA *mysql.MySQLError=Error 1292: Incorrect datetime value: '0000-00-00' for column 'starter_pack_bought_at' at row 1)
2021/02/02 19:19:17 [release] SQL ERROR:C:/Cavalry/server/src/db/db_def.go:659%!(EXTRA *mysql.MySQLError=Error 1292: Incorrect datetime value: '0000-00-00' for column 'starter_pack_bought_at' at row 1)
2021/02/02 19:19:17 [release] SQL ERROR:C:/Cavalry/server/src/db/db_def.go:659%!(EXTRA *mysql.MySQLError=Error 1292: Incorrect datetime value: '0000-00-00' for column 'starter_pack_bought_at' at row 1)
2021/02/02 19:19:17 [release] SQL ERROR:C:/Cavalry/server/src/db/db_def.go:659%!(EXTRA *mysql.MySQLError=Error 1292: Incorrect datetime value: '0000-00-00' for column 'starter_pack_bought_at' at row 1)
2021/02/02 19:19:17 [release] SQL ERROR:C:/Cavalry/server/src/db/db_def.go:659%!(EXTRA *mysql.MySQLError=Error 1292: Incorrect datetime value: '0000-00-00' for column 'starter_pack_bought_at' at row 1)
2021/02/02 19:19:17 [release] SQL ERROR:C:/Cavalry/server/src/db/db_def.go:659%!(EXTRA *mysql.MySQLError=Error 1292: Incorrect datetime value: '0000-00-00' for column 'starter_pack_bought_at' at row 1)
2021/02/02 19:19:17 [release] SQL ERROR:C:/Cavalry/server/src/db/db_def.go:659%!(EXTRA *mysql.MySQLError=Error 1292: Incorrect datetime value: '0000-00-00' for column 'last_activity_summon_at' at row 1)
2021/02/02 19:19:17 [release] SQL ERROR:C:/Cavalry/server/src/db/db_def.go:659%!(EXTRA *mysql.MySQLError=Error 1292: Incorrect datetime value: '0000-00-00' for column 'last_activity_summon_at' at row 1)
2021/02/02 19:19:17 [release] SQL ERROR:C:/Cavalry/server/src/db/db_def.go:659%!(EXTRA *mysql.MySQLError=Error 1292: Incorrect datetime value: '0000-00-00' for column 'starter_pack_bought_at' at row 1)
2021/02/02 19:19:17 [release] SQL ERROR:C:/Cavalry/server/src/db/db_def.go:659%!(EXTRA *mysql.MySQLError=Error 1292: Incorrect datetime value: '0000-00-00' for column 'starter_pack_bought_at' at row 1)
2021/02/02 19:19:17 [release] SQL ERROR:C:/Cavalry/server/src/db/db_def.go:659%!(EXTRA *mysql.MySQLError=Error 1292: Incorrect datetime value: '0000-00-00' for column 'last_activity_summon_at' at row 1)
2021/02/02 19:19:17 [release] SQL ERROR:C:/Cavalry/server/src/db/db_def.go:659%!(EXTRA *mysql.MySQLError=Error 1292: Incorrect datetime value: '0000-00-00' for column 'starter_pack_bought_at' at row 1)
2021/02/02 19:19:17 [release] SQL ERROR:C:/Cavalry/server/src/db/db_def.go:659%!(EXTRA *mysql.MySQLError=Error 1292: Incorrect datetime value: '0000-00-00' for column 'starter_pack_bought_at' at row 1)
2021/02/02 19:19:17 [release] SQL ERROR:C:/Cavalry/server/src/db/db_def.go:659%!(EXTRA *mysql.MySQLError=Error 1292: Incorrect datetime value: '0000-00-00' for column 'starter_pack_bought_at' at row 1)
2021/02/02 19:19:17 [release] SQL ERROR:C:/Cavalry/server/src/db/db_def.go:659%!(EXTRA *mysql.MySQLError=Error 1292: Incorrect datetime value: '0000-00-00' for column 'starter_pack_bought_at' at row 1)
2021/02/02 19:19:17 [release] SQL ERROR:C:/Cavalry/server/src/db/db_def.go:659%!(EXTRA *mysql.MySQLError=Error 1292: Incorrect datetime value: '0000-00-00' for column 'starter_pack_bought_at' at row 1)
2021/02/02 19:19:17 [release] SQL ERROR:C:/Cavalry/server/src/db/db_def.go:659%!(EXTRA *mysql.MySQLError=Error 1292: Incorrect datetime value: '0000-00-00' for column 'starter_pack_bought_at' at row 1)
2021/02/02 19:19:17 [release] SQL ERROR:C:/Cavalry/server/src/db/db_def.go:659%!(EXTRA *mysql.MySQLError=Error 1292: Incorrect datetime value: '0000-00-00' for column 'starter_pack_bought_at' at row 1)
2021/02/02 19:19:17 [release] SQL ERROR:C:/Cavalry/server/src/db/db_def.go:659%!(EXTRA *mysql.MySQLError=Error 1292: Incorrect datetime value: '0000-00-00' for column 'starter_pack_bought_at' at row 1)
2021/02/02 19:19:17 [release] SQL ERROR:C:/Cavalry/server/src/db/db_def.go:659%!(EXTRA *mysql.MySQLError=Error 1292: Incorrect datetime value: '0000-00-00' for column 'starter_pack_bought_at' at row 1)
2021/02/02 19:19:17 [release] SQL ERROR:C:/Cavalry/server/src/db/db_def.go:659%!(EXTRA *mysql.MySQLError=Error 1292: Incorrect datetime value: '0000-00-00' for column 'starter_pack_bought_at' at row 1)
2021/02/02 19:19:17 [release] SQL ERROR:C:/Cavalry/server/src/db/db_def.go:659%!(EXTRA *mysql.MySQLError=Error 1292: Incorrect datetime value: '0000-00-00' for column 'starter_pack_bought_at' at row 1)
2021/02/02 19:19:17 [release] SQL ERROR:C:/Cavalry/server/src/db/db_def.go:659%!(EXTRA *mysql.MySQLError=Error 1292: Incorrect datetime value: '0000-00-00' for column 'starter_pack_bought_at' at row 1)
2021/02/02 19:19:17 [release] SQL ERROR:C:/Cavalry/server/src/db/db_def.go:659%!(EXTRA *mysql.MySQLError=Error 1292: Incorrect datetime value: '0000-00-00' for column 'starter_pack_bought_at' at row 1)
2021/02/02 19:19:17 [release] SQL ERROR:C:/Cavalry/server/src/db/db_def.go:659%!(EXTRA *mysql.MySQLError=Error 1292: Incorrect datetime value: '0000-00-00' for column 'starter_pack_bought_at' at row 1)
2021/02/02 19:19:17 [release] SQL ERROR:C:/Cavalry/server/src/db/db_def.go:659%!(EXTRA *mysql.MySQLError=Error 1292: Incorrect datetime value: '0000-00-00' for column 'starter_pack_bought_at' at row 1)
2021/02/02 19:19:17 [release] SQL ERROR:C:/Cavalry/server/src/db/db_def.go:659%!(EXTRA *mysql.MySQLError=Error 1292: Incorrect datetime value: '0000-00-00' for column 'starter_pack_bought_at' at row 1)
2021/02/02 19:19:17 [release] SQL ERROR:C:/Cavalry/server/src/db/db_def.go:659%!(EXTRA *mysql.MySQLError=Error 1292: Incorrect datetime value: '0000-00-00' for column 'starter_pack_bought_at1' at row 1)
2021/02/02 19:19:17 [release] SQL ERROR:C:/Cavalry/server/src/db/db_def.go:659%!(EXTRA *mysql.MySQLError=Error 1292: Incorrect datetime value: '0000-00-00' for column 'starter_pack_bought_at' at row 1)
2021/02/02 19:19:18 [release] SQL ERROR:C:/Cavalry/server/src/db/db_def.go:659%!(EXTRA *mysql.MySQLError=Error 1292: Incorrect datetime value: '0000-00-00' for column 'starter_pack_bought_at1' at row 1)
2021/02/02 19:19:18 [release] SQL ERROR:C:/Cavalry/server/src/db/db_def.go:659%!(EXTRA *mysql.MySQLError=Error 1292: Incorrect datetime value: '0000-00-00' for column 'starter_pack_bought_at1' at row 1)
2021/02/02 19:19:18 [release] SQL ERROR:C:/Cavalry/server/src/db/db_def.go:659%!(EXTRA *mysql.MySQLError=Error 1292: Incorrect datetime value: '0000-00-00' for column 'starter_pack_bought_at' at row 1)
2021/02/02 19:19:18 [release] SQL ERROR:C:/Cavalry/server/src/db/db_def.go:659%!(EXTRA *mysql.MySQLError=Error 1292: Incorrect datetime value: '0000-00-00' for column 'starter_pack_bought_at' at row 1)
2021/02/02 19:19:18 [release] SQL ERROR:C:/Cavalry/server/src/db/db_def.go:659%!(EXTRA *mysql.MySQLError=Error 1292: Incorrect datetime value: '0000-00-00' for column 'starter_pack_bought_at' at row 1)
2021/02/02 19:19:18 [release] SQL ERROR:C:/Cavalry/server/src/db/db_def.go:659%!(EXTRA *mysql.MySQLError=Error 1292: Incorrect datetime value: '0000-00-00' for column 'starter_pack_bought_at' at row 1)
2021/02/02 19:19:18 [release] SQL ERROR:C:/Cavalry/server/src/db/db_def.go:659%!(EXTRA *mysql.MySQLError=Error 1292: Incorrect datetime value: '0000-00-00' for column 'starter_pack_bought_at' at row 1)
2021/02/02 19:19:18 [release] SQL ERROR:C:/Cavalry/server/src/db/db_def.go:659%!(EXTRA *mysql.MySQLError=Error 1292: Incorrect datetime value: '0000-00-00' for column 'starter_pack_bought_at' at row 1)
2021/02/02 19:19:18 [release] SQL ERROR:C:/Cavalry/server/src/db/db_def.go:659%!(EXTRA *mysql.MySQLError=Error 1292: Incorrect datetime value: '0000-00-00' for column 'starter_pack_bought_at' at row 1)
2021/02/02 19:19:18 [release] SQL ERROR:C:/Cavalry/server/src/db/db_def.go:659%!(EXTRA *mysql.MySQLError=Error 1292: Incorrect datetime value: '0000-00-00' for column 'starter_pack_bought_at1' at row 1)
2021/02/02 19:19:18 [release] SQL ERROR:C:/Cavalry/server/src/db/db_def.go:659%!(EXTRA *mysql.MySQLError=Error 1292: Incorrect datetime value: '0000-00-00' for column 'starter_pack_bought_at1' at row 1)
2021/02/02 19:19:18 [release] SQL ERROR:C:/Cavalry/server/src/db/db_def.go:659%!(EXTRA *mysql.MySQLError=Error 1292: Incorrect datetime value: '0000-00-00' for column 'starter_pack_bought_at1' at row 1)
2021/02/02 19:19:18 [release] SQL ERROR:C:/Cavalry/server/src/db/db_def.go:659%!(EXTRA *mysql.MySQLError=Error 1292: Incorrect datetime value: '0000-00-00' for column 'starter_pack_bought_at' at row 1)
2021/02/02 19:19:18 [release] SQL ERROR:C:/Cavalry/server/src/db/db_def.go:659%!(EXTRA *mysql.MySQLError=Error 1292: Incorrect datetime value: '0000-00-00' for column 'starter_pack_bought_at' at row 1)
2021/02/02 19:19:18 [release] SQL ERROR:C:/Cavalry/server/src/db/db_def.go:659%!(EXTRA *mysql.MySQLError=Error 1292: Incorrect datetime value: '0000-00-00' for column 'starter_pack_bought_at' at row 1)
2021/02/02 19:19:18 [release] SQL ERROR:C:/Cavalry/server/src/db/db_def.go:659%!(EXTRA *mysql.MySQLError=Error 1292: Incorrect datetime value: '0000-00-00' for column 'starter_pack_bought_at' at row 1)
2021/02/02 19:19:18 [release] SQL ERROR:C:/Cavalry/server/src/db/db_def.go:659%!(EXTRA *mysql.MySQLError=Error 1292: Incorrect datetime value: '0000-00-00' for column 'starter_pack_bought_at' at row 1)
2021/02/02 19:19:18 [release] SQL ERROR:C:/Cavalry/server/src/db/db_def.go:659%!(EXTRA *mysql.MySQLError=Error 1292: Incorrect datetime value: '0000-00-00' for column 'starter_pack_bought_at' at row 1)
2021/02/02 19:19:18 [release] SQL ERROR:C:/Cavalry/server/src/db/db_def.go:659%!(EXTRA *mysql.MySQLError=Error 1292: Incorrect datetime value: '0000-00-00' for column 'starter_pack_bought_at' at row 1)
2021/02/02 19:19:18 [release] SQL ERROR:C:/Cavalry/server/src/db/db_def.go:659%!(EXTRA *mysql.MySQLError=Error 1292: Incorrect datetime value: '0000-00-00' for column 'starter_pack_bought_at' at row 1)
2021/02/02 19:19:18 [release] SQL ERROR:C:/Cavalry/server/src/db/db_def.go:659%!(EXTRA *mysql.MySQLError=Error 1292: Incorrect datetime value: '0000-00-00' for column 'starter_pack_bought_at' at row 1)
2021/02/02 19:19:18 [release] SQL ERROR:C:/Cavalry/server/src/db/db_def.go:659%!(EXTRA *mysql.MySQLError=Error 1292: Incorrect datetime value: '0000-00-00' for column 'starter_pack_bought_at' at row 1)
2021/02/02 19:19:18 [release] SQL ERROR:C:/Cavalry/server/src/db/db_def.go:659%!(EXTRA *mysql.MySQLError=Error 1292: Incorrect datetime value: '0000-00-00' for column 'starter_pack_bought_at' at row 1)
2021/02/02 19:19:18 [release] SQL ERROR:C:/Cavalry/server/src/db/db_def.go:659%!(EXTRA *mysql.MySQLError=Error 1292: Incorrect datetime value: '0000-00-00' for column 'starter_pack_bought_at' at row 1)
2021/02/02 19:19:18 [release] SQL ERROR:C:/Cavalry/server/src/db/db_def.go:659%!(EXTRA *mysql.MySQLError=Error 1292: Incorrect datetime value: '0000-00-00' for column 'starter_pack_bought_at1' at row 1)
2021/02/02 19:19:18 [release] SQL ERROR:C:/Cavalry/server/src/db/db_def.go:659%!(EXTRA *mysql.MySQLError=Error 1292: Incorrect datetime value: '0000-00-00' for column 'starter_pack_bought_at1' at row 1)
2021/02/02 19:19:18 [release] SQL ERROR:C:/Cavalry/server/src/db/db_def.go:659%!(EXTRA *mysql.MySQLError=Error 1292: Incorrect datetime value: '0000-00-00' for column 'starter_pack_bought_at1' at row 1)
2021/02/02 19:19:18 [release] SQL ERROR:C:/Cavalry/server/src/db/db_def.go:659%!(EXTRA *mysql.MySQLError=Error 1292: Incorrect datetime value: '0000-00-00' for column 'starter_pack_bought_at' at row 1)
2021/02/02 19:19:18 [release] SQL ERROR:C:/Cavalry/server/src/db/db_def.go:659%!(EXTRA *mysql.MySQLError=Error 1292: Incorrect datetime value: '0000-00-00' for column 'starter_pack_bought_at1' at row 1)
2021/02/02 19:19:18 [release] SQL ERROR:C:/Cavalry/server/src/db/db_def.go:659%!(EXTRA *mysql.MySQLError=Error 1292: Incorrect datetime value: '0000-00-00' for column 'starter_pack_bought_at' at row 1)
2021/02/02 19:19:18 [release] SQL ERROR:C:/Cavalry/server/src/db/db_def.go:659%!(EXTRA *mysql.MySQLError=Error 1292: Incorrect datetime value: '0000-00-00' for column 'starter_pack_bought_at' at row 1)
2021/02/02 19:19:18 [release] SQL ERROR:C:/Cavalry/server/src/db/db_def.go:659%!(EXTRA *mysql.MySQLError=Error 1292: Incorrect datetime value: '0000-00-00' for column 'starter_pack_bought_at' at row 1)
2021/02/02 19:19:18 [release] SQL ERROR:C:/Cavalry/server/src/db/db_def.go:659%!(EXTRA *mysql.MySQLError=Error 1292: Incorrect datetime value: '0000-00-00' for column 'starter_pack_bought_at' at row 1)
2021/02/02 19:19:18 [release] SQL ERROR:C:/Cavalry/server/src/db/db_def.go:659%!(EXTRA *mysql.MySQLError=Error 1292: Incorrect datetime value: '0000-00-00' for column 'starter_pack_bought_at' at row 1)
2021/02/02 19:19:18 [release] SQL ERROR:C:/Cavalry/server/src/db/db_def.go:659%!(EXTRA *mysql.MySQLError=Error 1292: Incorrect datetime value: '0000-00-00' for column 'starter_pack_bought_at1' at row 1)
2021/02/02 19:19:18 [release] SQL ERROR:C:/Cavalry/server/src/db/db_def.go:659%!(EXTRA *mysql.MySQLError=Error 1292: Incorrect datetime value: '0000-00-00' for column 'starter_pack_bought_at' at row 1)
2021/02/02 19:19:18 [release] SQL ERROR:C:/Cavalry/server/src/db/db_def.go:659%!(EXTRA *mysql.MySQLError=Error 1292: Incorrect datetime value: '0000-00-00' for column 'starter_pack_bought_at' at row 1)
2021/02/02 19:19:18 [release] SQL ERROR:C:/Cavalry/server/src/db/db_def.go:659%!(EXTRA *mysql.MySQLError=Error 1292: Incorrect datetime value: '0000-00-00' for column 'starter_pack_bought_at' at row 1)
2021/02/02 19:19:18 [release] SQL ERROR:C:/Cavalry/server/src/db/db_def.go:659%!(EXTRA *mysql.MySQLError=Error 1292: Incorrect datetime value: '0000-00-00' for column 'starter_pack_bought_at' at row 1)
2021/02/02 19:19:18 [release] SQL ERROR:C:/Cavalry/server/src/db/db_def.go:659%!(EXTRA *mysql.MySQLError=Error 1292: Incorrect datetime value: '0000-00-00' for column 'starter_pack_bought_at' at row 1)
2021/02/02 19:19:18 [release] SQL ERROR:C:/Cavalry/server/src/db/db_def.go:659%!(EXTRA *mysql.MySQLError=Error 1292: Incorrect datetime value: '0000-00-00' for column 'starter_pack_bought_at' at row 1)
2021/02/02 19:19:18 [release] SQL ERROR:C:/Cavalry/server/src/db/db_def.go:659%!(EXTRA *mysql.MySQLError=Error 1292: Incorrect datetime value: '0000-00-00' for column 'starter_pack_bought_at' at row 1)
2021/02/02 19:19:18 [release] SQL ERROR:C:/Cavalry/server/src/db/db_def.go:659%!(EXTRA *mysql.MySQLError=Error 1292: Incorrect datetime value: '0000-00-00' for column 'starter_pack_bought_at' at row 1)
2021/02/02 19:19:18 [release] SQL ERROR:C:/Cavalry/server/src/db/db_def.go:659%!(EXTRA *mysql.MySQLError=Error 1292: Incorrect datetime value: '0000-00-00' for column 'starter_pack_bought_at1' at row 1)
2021/02/02 19:19:18 [release] SQL ERROR:C:/Cavalry/server/src/db/db_def.go:659%!(EXTRA *mysql.MySQLError=Error 1292: Incorrect datetime value: '0000-00-00' for column 'starter_pack_bought_at1' at row 1)
2021/02/02 19:19:18 [release] SQL ERROR:C:/Cavalry/server/src/db/db_def.go:659%!(EXTRA *mysql.MySQLError=Error 1292: Incorrect datetime value: '0000-00-00' for column 'starter_pack_bought_at' at row 1)
2021/02/02 19:19:18 [release] SQL ERROR:C:/Cavalry/server/src/db/db_def.go:659%!(EXTRA *mysql.MySQLError=Error 1292: Incorrect datetime value: '0000-00-00' for column 'starter_pack_bought_at' at row 1)
2021/02/02 19:19:18 [release] SQL ERROR:C:/Cavalry/server/src/db/db_def.go:659%!(EXTRA *mysql.MySQLError=Error 1292: Incorrect datetime value: '0000-00-00' for column 'starter_pack_bought_at1' at row 1)
2021/02/02 19:19:18 [release] SQL ERROR:C:/Cavalry/server/src/db/db_def.go:659%!(EXTRA *mysql.MySQLError=Error 1292: Incorrect datetime value: '0000-00-00' for column 'starter_pack_bought_at1' at row 1)
2021/02/02 19:19:18 [release] SQL ERROR:C:/Cavalry/server/src/db/db_def.go:659%!(EXTRA *mysql.MySQLError=Error 1292: Incorrect datetime value: '0000-00-00' for column 'starter_pack_bought_at' at row 1)
2021/02/02 19:19:18 [release] SQL ERROR:C:/Cavalry/server/src/db/db_def.go:659%!(EXTRA *mysql.MySQLError=Error 1292: Incorrect datetime value: '0000-00-00' for column 'starter_pack_bought_at' at row 1)
2021/02/02 19:19:18 [release] SQL ERROR:C:/Cavalry/server/src/db/db_def.go:659%!(EXTRA *mysql.MySQLError=Error 1292: Incorrect datetime value: '0000-00-00' for column 'starter_pack_bought_at' at row 1)
2021/02/02 19:19:18 [release] SQL ERROR:C:/Cavalry/server/src/db/db_def.go:659%!(EXTRA *mysql.MySQLError=Error 1292: Incorrect datetime value: '0000-00-00' for column 'starter_pack_bought_at' at row 1)
2021/02/02 19:19:18 [release] SQL ERROR:C:/Cavalry/server/src/db/db_def.go:659%!(EXTRA *mysql.MySQLError=Error 1292: Incorrect datetime value: '0000-00-00' for column 'starter_pack_bought_at' at row 1)
2021/02/02 19:19:18 [release] SQL ERROR:C:/Cavalry/server/src/db/db_def.go:659%!(EXTRA *mysql.MySQLError=Error 1292: Incorrect datetime value: '0000-00-00' for column 'starter_pack_bought_at' at row 1)
2021/02/02 19:19:18 [release] SQL ERROR:C:/Cavalry/server/src/db/db_def.go:659%!(EXTRA *mysql.MySQLError=Error 1292: Incorrect datetime value: '0000-00-00' for column 'starter_pack_bought_at' at row 1)
2021/02/02 19:19:18 [release] SQL ERROR:C:/Cavalry/server/src/db/db_def.go:659%!(EXTRA *mysql.MySQLError=Error 1292: Incorrect datetime value: '0000-00-00' for column 'starter_pack_bought_at' at row 1)
2021/02/02 19:19:18 [release] SQL ERROR:C:/Cavalry/server/src/db/db_def.go:659%!(EXTRA *mysql.MySQLError=Error 1292: Incorrect datetime value: '0000-00-00' for column 'starter_pack_bought_at' at row 1)
2021/02/02 19:19:18 [release] SQL ERROR:C:/Cavalry/server/src/db/db_def.go:659%!(EXTRA *mysql.MySQLError=Error 1292: Incorrect datetime value: '0000-00-00' for column 'starter_pack_bought_at' at row 1)
2021/02/02 19:19:18 [release] SQL ERROR:C:/Cavalry/server/src/db/db_def.go:659%!(EXTRA *mysql.MySQLError=Error 1292: Incorrect datetime value: '0000-00-00' for column 'starter_pack_bought_at' at row 1)
2021/02/02 19:19:18 [release] SQL ERROR:C:/Cavalry/server/src/db/db_def.go:659%!(EXTRA *mysql.MySQLError=Error 1292: Incorrect datetime value: '0000-00-00' for column 'starter_pack_bought_at' at row 1)
2021/02/02 19:19:18 [release] SQL ERROR:C:/Cavalry/server/src/db/db_def.go:659%!(EXTRA *mysql.MySQLError=Error 1292: Incorrect datetime value: '0000-00-00' for column 'starter_pack_bought_at' at row 1)
2021/02/02 19:19:18 [release] SQL ERROR:C:/Cavalry/server/src/db/db_def.go:659%!(EXTRA *mysql.MySQLError=Error 1292: Incorrect datetime value: '0000-00-00' for column 'starter_pack_bought_at' at row 1)
2021/02/02 19:19:18 [release] SQL ERROR:C:/Cavalry/server/src/db/db_def.go:659%!(EXTRA *mysql.MySQLError=Error 1292: Incorrect datetime value: '0000-00-00' for column 'starter_pack_bought_at' at row 1)
2021/02/02 19:19:18 [release] SQL ERROR:C:/Cavalry/server/src/db/db_def.go:659%!(EXTRA *mysql.MySQLError=Error 1292: Incorrect datetime value: '0000-00-00' for column 'starter_pack_bought_at' at row 1)
2021/02/02 19:19:18 [release] SQL ERROR:C:/Cavalry/server/src/db/db_def.go:659%!(EXTRA *mysql.MySQLError=Error 1292: Incorrect datetime value: '0000-00-00' for column 'starter_pack_bought_at2' at row 1)
2021/02/02 19:19:18 [release] SQL ERROR:C:/Cavalry/server/src/db/db_def.go:659%!(EXTRA *mysql.MySQLError=Error 1292: Incorrect datetime value: '0000-00-00' for column 'starter_pack_bought_at2' at row 1)
2021/02/02 19:19:18 [release] SQL ERROR:C:/Cavalry/server/src/db/db_def.go:659%!(EXTRA *mysql.MySQLError=Error 1292: Incorrect datetime value: '0000-00-00' for column 'starter_pack_bought_at' at row 1)
2021/02/02 19:19:18 [release] SQL ERROR:C:/Cavalry/server/src/db/db_def.go:659%!(EXTRA *mysql.MySQLError=Error 1292: Incorrect datetime value: '0000-00-00' for column 'starter_pack_bought_at' at row 1)
2021/02/02 19:19:18 [release] SQL ERROR:C:/Cavalry/server/src/db/db_def.go:659%!(EXTRA *mysql.MySQLError=Error 1292: Incorrect datetime value: '0000-00-00' for column 'starter_pack_bought_at' at row 1)
2021/02/02 19:19:18 [release] SQL ERROR:C:/Cavalry/server/src/db/db_def.go:659%!(EXTRA *mysql.MySQLError=Error 1292: Incorrect datetime value: '0000-00-00' for column 'starter_pack_bought_at' at row 1)
2021/02/02 19:19:18 [release] SQL ERROR:C:/Cavalry/server/src/db/db_def.go:659%!(EXTRA *mysql.MySQLError=Error 1292: Incorrect datetime value: '0000-00-00' for column 'starter_pack_bought_at2' at row 1)
2021/02/02 19:19:18 [release] SQL ERROR:C:/Cavalry/server/src/db/db_def.go:659%!(EXTRA *mysql.MySQLError=Error 1292: Incorrect datetime value: '0000-00-00' for column 'starter_pack_bought_at2' at row 1)
2021/02/02 19:19:18 [release] SQL ERROR:C:/Cavalry/server/src/db/db_def.go:659%!(EXTRA *mysql.MySQLError=Error 1292: Incorrect datetime value: '0000-00-00' for column 'starter_pack_bought_at' at row 1)
2021/02/02 19:19:18 [release] SQL ERROR:C:/Cavalry/server/src/db/db_def.go:659%!(EXTRA *mysql.MySQLError=Error 1292: Incorrect datetime value: '0000-00-00' for column 'starter_pack_bought_at2' at row 1)
2021/02/02 19:19:18 [release] SQL ERROR:C:/Cavalry/server/src/db/db_def.go:659%!(EXTRA *mysql.MySQLError=Error 1292: Incorrect datetime value: '0000-00-00' for column 'starter_pack_bought_at' at row 1)
2021/02/02 19:19:18 [debug  ] 2000 Players Loaded UseTime:9s
2021/02/02 19:19:18 [release] SQL ERROR:C:/Cavalry/server/src/db/db_def.go:659%!(EXTRA *mysql.MySQLError=Error 1292: Incorrect datetime value: '0000-00-00' for column 'starter_pack_bought_at' at row 1)
2021/02/02 19:19:18 [release] SQL ERROR:C:/Cavalry/server/src/db/db_def.go:659%!(EXTRA *mysql.MySQLError=Error 1292: Incorrect datetime value: '0000-00-00' for column 'starter_pack_bought_at2' at row 1)
2021/02/02 19:19:18 [release] SQL ERROR:C:/Cavalry/server/src/db/db_def.go:659%!(EXTRA *mysql.MySQLError=Error 1292: Incorrect datetime value: '0000-00-00' for column 'starter_pack_bought_at' at row 1)
2021/02/02 19:19:18 [release] SQL ERROR:C:/Cavalry/server/src/db/db_def.go:659%!(EXTRA *mysql.MySQLError=Error 1292: Incorrect datetime value: '0000-00-00' for column 'starter_pack_bought_at' at row 1)
2021/02/02 19:19:18 [release] SQL ERROR:C:/Cavalry/server/src/db/db_def.go:659%!(EXTRA *mysql.MySQLError=Error 1292: Incorrect datetime value: '0000-00-00' for column 'starter_pack_bought_at' at row 1)
2021/02/02 19:19:18 [release] SQL ERROR:C:/Cavalry/server/src/db/db_def.go:659%!(EXTRA *mysql.MySQLError=Error 1292: Incorrect datetime value: '0000-00-00' for column 'starter_pack_bought_at' at row 1)
2021/02/02 19:19:18 [release] SQL ERROR:C:/Cavalry/server/src/db/db_def.go:659%!(EXTRA *mysql.MySQLError=Error 1292: Incorrect datetime value: '0000-00-00' for column 'starter_pack_bought_at' at row 1)
2021/02/02 19:19:18 [release] SQL ERROR:C:/Cavalry/server/src/db/db_def.go:659%!(EXTRA *mysql.MySQLError=Error 1292: Incorrect datetime value: '0000-00-00' for column 'starter_pack_bought_at' at row 1)
2021/02/02 19:19:18 [release] SQL ERROR:C:/Cavalry/server/src/db/db_def.go:659%!(EXTRA *mysql.MySQLError=Error 1292: Incorrect datetime value: '0000-00-00' for column 'loop_quest2_money_end_time' at row 1)
2021/02/02 19:19:18 [release] SQL ERROR:C:/Cavalry/server/src/db/db_def.go:659%!(EXTRA *mysql.MySQLError=Error 1292: Incorrect datetime value: '0000-00-00' for column 'loop_quest2_money_end_time' at row 1)
2021/02/02 19:19:18 [release] SQL ERROR:C:/Cavalry/server/src/db/db_def.go:659%!(EXTRA *mysql.MySQLError=Error 1292: Incorrect datetime value: '0000-00-00' for column 'loop_quest2_money_end_time' at row 1)
2021/02/02 19:19:18 [release] SQL ERROR:C:/Cavalry/server/src/db/db_def.go:659%!(EXTRA *mysql.MySQLError=Error 1292: Incorrect datetime value: '0000-00-00' for column 'starter_pack_bought_at' at row 1)
2021/02/02 19:19:18 [release] SQL ERROR:C:/Cavalry/server/src/db/db_def.go:659%!(EXTRA *mysql.MySQLError=Error 1292: Incorrect datetime value: '0000-00-00' for column 'starter_pack_bought_at' at row 1)
2021/02/02 19:19:18 [release] SQL ERROR:C:/Cavalry/server/src/db/db_def.go:659%!(EXTRA *mysql.MySQLError=Error 1292: Incorrect datetime value: '0000-00-00' for column 'starter_pack_bought_at' at row 1)
2021/02/02 19:19:18 [release] SQL ERROR:C:/Cavalry/server/src/db/db_def.go:659%!(EXTRA *mysql.MySQLError=Error 1292: Incorrect datetime value: '0000-00-00' for column 'loop_quest2_money_end_time' at row 1)
2021/02/02 19:19:18 [release] SQL ERROR:C:/Cavalry/server/src/db/db_def.go:659%!(EXTRA *mysql.MySQLError=Error 1292: Incorrect datetime value: '0000-00-00' for column 'starter_pack_bought_at' at row 1)
2021/02/02 19:19:18 [release] SQL ERROR:C:/Cavalry/server/src/db/db_def.go:659%!(EXTRA *mysql.MySQLError=Error 1292: Incorrect datetime value: '0000-00-00' for column 'starter_pack_bought_at' at row 1)
2021/02/02 19:19:18 [release] SQL ERROR:C:/Cavalry/server/src/db/db_def.go:659%!(EXTRA *mysql.MySQLError=Error 1292: Incorrect datetime value: '0000-00-00' for column 'starter_pack_bought_at' at row 1)
2021/02/02 19:19:18 [release] SQL ERROR:C:/Cavalry/server/src/db/db_def.go:659%!(EXTRA *mysql.MySQLError=Error 1292: Incorrect datetime value: '0000-00-00' for column 'starter_pack_bought_at' at row 1)
2021/02/02 19:19:19 [release] SQL ERROR:C:/Cavalry/server/src/db/db_def.go:659%!(EXTRA *mysql.MySQLError=Error 1292: Incorrect datetime value: '0000-00-00' for column 'starter_pack_bought_at' at row 1)
2021/02/02 19:19:19 [release] SQL ERROR:C:/Cavalry/server/src/db/db_def.go:659%!(EXTRA *mysql.MySQLError=Error 1292: Incorrect datetime value: '0000-00-00' for column 'starter_pack_bought_at' at row 1)
2021/02/02 19:19:19 [release] SQL ERROR:C:/Cavalry/server/src/db/db_def.go:659%!(EXTRA *mysql.MySQLError=Error 1292: Incorrect datetime value: '0000-00-00' for column 'starter_pack_bought_at' at row 1)
2021/02/02 19:19:19 [release] SQL ERROR:C:/Cavalry/server/src/db/db_def.go:659%!(EXTRA *mysql.MySQLError=Error 1292: Incorrect datetime value: '0000-00-00' for column 'starter_pack_bought_at' at row 1)
2021/02/02 19:19:19 [release] SQL ERROR:C:/Cavalry/server/src/db/db_def.go:659%!(EXTRA *mysql.MySQLError=Error 1292: Incorrect datetime value: '0000-00-00' for column 'starter_pack_bought_at' at row 1)
2021/02/02 19:19:19 [release] SQL ERROR:C:/Cavalry/server/src/db/db_def.go:659%!(EXTRA *mysql.MySQLError=Error 1292: Incorrect datetime value: '0000-00-00' for column 'starter_pack_bought_at' at row 1)
2021/02/02 19:19:19 [release] SQL ERROR:C:/Cavalry/server/src/db/db_def.go:659%!(EXTRA *mysql.MySQLError=Error 1292: Incorrect datetime value: '0000-00-00' for column 'starter_pack_bought_at' at row 1)
2021/02/02 19:19:19 [release] SQL ERROR:C:/Cavalry/server/src/db/db_def.go:659%!(EXTRA *mysql.MySQLError=Error 1292: Incorrect datetime value: '0000-00-00' for column 'starter_pack_bought_at' at row 1)
2021/02/02 19:19:19 [release] SQL ERROR:C:/Cavalry/server/src/db/db_def.go:659%!(EXTRA *mysql.MySQLError=Error 1292: Incorrect datetime value: '0000-00-00' for column 'starter_pack_bought_at' at row 1)
2021/02/02 19:19:19 [release] SQL ERROR:C:/Cavalry/server/src/db/db_def.go:659%!(EXTRA *mysql.MySQLError=Error 1292: Incorrect datetime value: '0000-00-00' for column 'starter_pack_bought_at' at row 1)
2021/02/02 19:19:19 [release] SQL ERROR:C:/Cavalry/server/src/db/db_def.go:659%!(EXTRA *mysql.MySQLError=Error 1292: Incorrect datetime value: '0000-00-00' for column 'starter_pack_bought_at' at row 1)
2021/02/02 19:19:19 [release] SQL ERROR:C:/Cavalry/server/src/db/db_def.go:659%!(EXTRA *mysql.MySQLError=Error 1292: Incorrect datetime value: '0000-00-00' for column 'starter_pack_bought_at' at row 1)
2021/02/02 19:19:19 [release] SQL ERROR:C:/Cavalry/server/src/db/db_def.go:659%!(EXTRA *mysql.MySQLError=Error 1292: Incorrect datetime value: '0000-00-00' for column 'starter_pack_bought_at1' at row 1)
2021/02/02 19:19:19 [release] SQL ERROR:C:/Cavalry/server/src/db/db_def.go:659%!(EXTRA *mysql.MySQLError=Error 1292: Incorrect datetime value: '0000-00-00' for column 'starter_pack_bought_at' at row 1)
2021/02/02 19:19:19 [release] SQL ERROR:C:/Cavalry/server/src/db/db_def.go:659%!(EXTRA *mysql.MySQLError=Error 1292: Incorrect datetime value: '0000-00-00' for column 'starter_pack_bought_at' at row 1)
2021/02/02 19:19:19 [release] SQL ERROR:C:/Cavalry/server/src/db/db_def.go:659%!(EXTRA *mysql.MySQLError=Error 1292: Incorrect datetime value: '0000-00-00' for column 'starter_pack_bought_at' at row 1)
2021/02/02 19:19:19 [release] SQL ERROR:C:/Cavalry/server/src/db/db_def.go:659%!(EXTRA *mysql.MySQLError=Error 1292: Incorrect datetime value: '0000-00-00' for column 'starter_pack_bought_at' at row 1)
2021/02/02 19:19:19 [release] SQL ERROR:C:/Cavalry/server/src/db/db_def.go:659%!(EXTRA *mysql.MySQLError=Error 1292: Incorrect datetime value: '0000-00-00' for column 'starter_pack_bought_at' at row 1)
2021/02/02 19:19:19 [release] SQL ERROR:C:/Cavalry/server/src/db/db_def.go:659%!(EXTRA *mysql.MySQLError=Error 1292: Incorrect datetime value: '0000-00-00' for column 'starter_pack_bought_at' at row 1)
2021/02/02 19:19:19 [release] SQL ERROR:C:/Cavalry/server/src/db/db_def.go:659%!(EXTRA *mysql.MySQLError=Error 1292: Incorrect datetime value: '0000-00-00' for column 'starter_pack_bought_at' at row 1)
2021/02/02 19:19:19 [release] SQL ERROR:C:/Cavalry/server/src/db/db_def.go:659%!(EXTRA *mysql.MySQLError=Error 1292: Incorrect datetime value: '0000-00-00' for column 'starter_pack_bought_at2' at row 1)
2021/02/02 19:19:19 [release] SQL ERROR:C:/Cavalry/server/src/db/db_def.go:659%!(EXTRA *mysql.MySQLError=Error 1292: Incorrect datetime value: '0000-00-00' for column 'starter_pack_bought_at' at row 1)
2021/02/02 19:19:19 [release] SQL ERROR:C:/Cavalry/server/src/db/db_def.go:659%!(EXTRA *mysql.MySQLError=Error 1292: Incorrect datetime value: '0000-00-00' for column 'starter_pack_bought_at' at row 1)
2021/02/02 19:19:19 [release] SQL ERROR:C:/Cavalry/server/src/db/db_def.go:659%!(EXTRA *mysql.MySQLError=Error 1292: Incorrect datetime value: '0000-00-00' for column 'starter_pack_bought_at' at row 1)
2021/02/02 19:19:19 [release] SQL ERROR:C:/Cavalry/server/src/db/db_def.go:659%!(EXTRA *mysql.MySQLError=Error 1292: Incorrect datetime value: '0000-00-00' for column 'starter_pack_bought_at' at row 1)
2021/02/02 19:19:19 [release] SQL ERROR:C:/Cavalry/server/src/db/db_def.go:659%!(EXTRA *mysql.MySQLError=Error 1292: Incorrect datetime value: '0000-00-00' for column 'starter_pack_bought_at' at row 1)
2021/02/02 19:19:19 [release] SQL ERROR:C:/Cavalry/server/src/db/db_def.go:659%!(EXTRA *mysql.MySQLError=Error 1292: Incorrect datetime value: '0000-00-00' for column 'starter_pack_bought_at' at row 1)
2021/02/02 19:19:19 [release] SQL ERROR:C:/Cavalry/server/src/db/db_def.go:659%!(EXTRA *mysql.MySQLError=Error 1292: Incorrect datetime value: '0000-00-00' for column 'starter_pack_bought_at' at row 1)
2021/02/02 19:19:19 [release] SQL ERROR:C:/Cavalry/server/src/db/db_def.go:659%!(EXTRA *mysql.MySQLError=Error 1292: Incorrect datetime value: '0000-00-00' for column 'starter_pack_bought_at' at row 1)
2021/02/02 19:19:19 [release] SQL ERROR:C:/Cavalry/server/src/db/db_def.go:659%!(EXTRA *mysql.MySQLError=Error 1292: Incorrect datetime value: '0000-00-00' for column 'starter_pack_bought_at' at row 1)
2021/02/02 19:19:19 [release] SQL ERROR:C:/Cavalry/server/src/db/db_def.go:659%!(EXTRA *mysql.MySQLError=Error 1292: Incorrect datetime value: '0000-00-00' for column 'starter_pack_bought_at' at row 1)
2021/02/02 19:19:19 [release] SQL ERROR:C:/Cavalry/server/src/db/db_def.go:659%!(EXTRA *mysql.MySQLError=Error 1292: Incorrect datetime value: '0000-00-00' for column 'starter_pack_bought_at' at row 1)
2021/02/02 19:19:19 [release] SQL ERROR:C:/Cavalry/server/src/db/db_def.go:659%!(EXTRA *mysql.MySQLError=Error 1292: Incorrect datetime value: '0000-00-00' for column 'starter_pack_bought_at' at row 1)
2021/02/02 19:19:19 [debug  ] End Load All Player (Loaded:2116) UseTime:10s
2021/02/02 19:19:19 [debug  ] >>>>Finish Loading InitPlayers
2021/02/02 19:19:19 [debug  ] >>>>Start Loading BanPlayers
2021/02/02 19:19:19 [release] SQL ERROR:C:/Cavalry/server/src/db/db_def.go:659%!(EXTRA *mysql.MySQLError=Error 1292: Incorrect datetime value: '0000-00-00' for column 'starter_pack_bought_at' at row 1)
2021/02/02 19:19:19 [debug  ] >>>>Finish Loading BanPlayers
2021/02/02 19:19:19 [debug  ] >>>>Start Loading LoadOrderNear
2021/02/02 19:19:19 [debug  ] Start Load Orders
2021/02/02 19:19:19 [debug  ] End Preload Order UseTime:0s
2021/02/02 19:19:19 [debug  ] >>>>Finish Loading LoadOrderNear
2021/02/02 19:19:19 [debug  ] >>>>Start Loading LoadAllGlobalMail
2021/02/02 19:19:19 [debug  ] >>>>Finish Loading LoadAllGlobalMail
2021/02/02 19:19:19 [debug  ] >>>>Start Loading LoadAllGiftCode
2021/02/02 19:19:19 [debug  ] >>>>Finish Loading LoadAllGiftCode
2021/02/02 19:19:19 [debug  ] >>>>Start Check PlayerData
2021/02/02 19:19:19 [debug  ] 1000 Players Data Checked:0s
2021/02/02 19:19:19 [debug  ] 2000 Players Data Checked:0s
2021/02/02 19:19:19 [debug  ] >>>>Finish Check PlayerData
2021/02/02 19:19:19 [debug  ] >>>>Start Init Rank Data
2021/02/02 19:19:19 [release] SQL ERROR:C:/Cavalry/server/src/db/db_def.go:659%!(EXTRA *mysql.MySQLError=Error 1292: Incorrect datetime value: '0000-00-00' for column 'starter_pack_bought_at' at row 1)
2021/02/02 19:19:19 [release] SQL ERROR:C:/Cavalry/server/src/db/db_def.go:659%!(EXTRA *mysql.MySQLError=Error 1292: Incorrect datetime value: '0000-00-00' for column 'starter_pack_bought_at' at row 1)
2021/02/02 19:19:19 [release] SQL ERROR:C:/Cavalry/server/src/db/db_def.go:659%!(EXTRA *mysql.MySQLError=Error 1292: Incorrect datetime value: '0000-00-00' for column 'starter_pack_bought_at' at row 1)
2021/02/02 19:19:19 [release] SQL ERROR:C:/Cavalry/server/src/db/db_def.go:659%!(EXTRA *mysql.MySQLError=Error 1292: Incorrect datetime value: '0000-00-00' for column 'starter_pack_bought_at' at row 1)
2021/02/02 19:19:19 [release] SQL ERROR:C:/Cavalry/server/src/db/db_def.go:659%!(EXTRA *mysql.MySQLError=Error 1292: Incorrect datetime value: '0000-00-00' for column 'starter_pack_bought_at' at row 1)
2021/02/02 19:19:19 [debug  ] >>>>Finish Init Rank Data
2021/02/02 19:19:19 [release] SQL ERROR:C:/Cavalry/server/src/db/db_def.go:659%!(EXTRA *mysql.MySQLError=Error 1292: Incorrect datetime value: '0000-00-00' for column 'starter_pack_bought_at' at row 1)
2021/02/02 19:19:19 [release] SQL ERROR:C:/Cavalry/server/src/db/db_def.go:659%!(EXTRA *mysql.MySQLError=Error 1292: Incorrect datetime value: '0000-00-00' for column 'starter_pack_bought_at' at row 1)
2021/02/02 19:19:19 [release] SQL ERROR:C:/Cavalry/server/src/db/db_def.go:659%!(EXTRA *mysql.MySQLError=Error 1292: Incorrect datetime value: '0000-00-00' for column 'starter_pack_bought_at' at row 1)
2021/02/02 19:19:19 [release] SQL ERROR:C:/Cavalry/server/src/db/db_def.go:659%!(EXTRA *mysql.MySQLError=Error 1292: Incorrect datetime value: '0000-00-00' for column 'starter_pack_bought_at' at row 1)
2021/02/02 19:19:19 [release] SQL ERROR:C:/Cavalry/server/src/db/db_def.go:659%!(EXTRA *mysql.MySQLError=Error 1292: Incorrect datetime value: '0000-00-00' for column 'starter_pack_bought_at' at row 1)
2021/02/02 19:19:19 [release] SQL ERROR:C:/Cavalry/server/src/db/db_def.go:659%!(EXTRA *mysql.MySQLError=Error 1292: Incorrect datetime value: '0000-00-00' for column 'starter_pack_bought_at' at row 1)
2021/02/02 19:19:19 [debug  ] LoadGuildAll: begin
2021/02/02 19:19:19 [release] SQL ERROR:C:/Cavalry/server/src/db/db_def.go:659%!(EXTRA *mysql.MySQLError=Error 1292: Incorrect datetime value: '0000-00-00' for column 'starter_pack_bought_at' at row 1)
2021/02/02 19:19:19 [release] SQL ERROR:C:/Cavalry/server/src/db/db_def.go:659%!(EXTRA *mysql.MySQLError=Error 1292: Incorrect datetime value: '0000-00-00' for column 'starter_pack_bought_at' at row 1)
2021/02/02 19:19:19 [release] SQL ERROR:C:/Cavalry/server/src/db/db_def.go:659%!(EXTRA *mysql.MySQLError=Error 1292: Incorrect datetime value: '0000-00-00' for column 'starter_pack_bought_at' at row 1)
2021/02/02 19:19:19 [release] SQL ERROR:C:/Cavalry/server/src/db/db_def.go:659%!(EXTRA *mysql.MySQLError=Error 1292: Incorrect datetime value: '0000-00-00' for column 'starter_pack_bought_at' at row 1)
2021/02/02 19:19:19 [release] SQL ERROR:C:/Cavalry/server/src/db/db_def.go:659%!(EXTRA *mysql.MySQLError=Error 1292: Incorrect datetime value: '0000-00-00' for column 'starter_pack_bought_at' at row 1)
2021/02/02 19:19:19 [release] SQL ERROR:C:/Cavalry/server/src/db/db_def.go:659%!(EXTRA *mysql.MySQLError=Error 1292: Incorrect datetime value: '0000-00-00' for column 'starter_pack_bought_at' at row 1)
2021/02/02 19:19:19 [release] SQL ERROR:C:/Cavalry/server/src/db/db_def.go:659%!(EXTRA *mysql.MySQLError=Error 1292: Incorrect datetime value: '0000-00-00' for column 'starter_pack_bought_at' at row 1)
2021/02/02 19:19:19 [release] SQL ERROR:C:/Cavalry/server/src/db/db_def.go:659%!(EXTRA *mysql.MySQLError=Error 1292: Incorrect datetime value: '0000-00-00' for column 'starter_pack_bought_at' at row 1)
2021/02/02 19:19:19 [release] SQL ERROR:C:/Cavalry/server/src/db/db_def.go:659%!(EXTRA *mysql.MySQLError=Error 1292: Incorrect datetime value: '0000-00-00' for column 'starter_pack_bought_at' at row 1)
2021/02/02 19:19:19 [release] SQL ERROR:C:/Cavalry/server/src/db/db_def.go:659%!(EXTRA *mysql.MySQLError=Error 1292: Incorrect datetime value: '0000-00-00' for column 'starter_pack_bought_at' at row 1)
2021/02/02 19:19:19 [release] SQL ERROR:C:/Cavalry/server/src/db/db_def.go:659%!(EXTRA *mysql.MySQLError=Error 1292: Incorrect datetime value: '0000-00-00' for column 'starter_pack_bought_at' at row 1)
2021/02/02 19:19:19 [release] SQL ERROR:C:/Cavalry/server/src/db/db_def.go:659%!(EXTRA *mysql.MySQLError=Error 1292: Incorrect datetime value: '0000-00-00' for column 'starter_pack_bought_at' at row 1)
2021/02/02 19:19:19 [release] SQL ERROR:C:/Cavalry/server/src/db/db_def.go:659%!(EXTRA *mysql.MySQLError=Error 1292: Incorrect datetime value: '0000-00-00' for column 'starter_pack_bought_at' at row 1)
2021/02/02 19:19:19 [release] SQL ERROR:C:/Cavalry/server/src/db/db_def.go:659%!(EXTRA *mysql.MySQLError=Error 1292: Incorrect datetime value: '0000-00-00' for column 'starter_pack_bought_at' at row 1)
2021/02/02 19:19:19 [release] SQL ERROR:C:/Cavalry/server/src/db/db_def.go:659%!(EXTRA *mysql.MySQLError=Error 1292: Incorrect datetime value: '0000-00-00' for column 'starter_pack_bought_at' at row 1)
2021/02/02 19:19:19 [release] SQL ERROR:C:/Cavalry/server/src/db/db_def.go:659%!(EXTRA *mysql.MySQLError=Error 1292: Incorrect datetime value: '0000-00-00' for column 'starter_pack_bought_at' at row 1)
2021/02/02 19:19:19 [release] SQL ERROR:C:/Cavalry/server/src/db/db_def.go:659%!(EXTRA *mysql.MySQLError=Error 1292: Incorrect datetime value: '0000-00-00' for column 'starter_pack_bought_at' at row 1)
2021/02/02 19:19:19 [release] SQL ERROR:C:/Cavalry/server/src/db/db_def.go:659%!(EXTRA *mysql.MySQLError=Error 1292: Incorrect datetime value: '0000-00-00' for column 'starter_pack_bought_at' at row 1)
2021/02/02 19:19:19 [release] SQL ERROR:C:/Cavalry/server/src/db/db_def.go:659%!(EXTRA *mysql.MySQLError=Error 1292: Incorrect datetime value: '0000-00-00' for column 'starter_pack_bought_at' at row 1)
2021/02/02 19:19:19 [release] SQL ERROR:C:/Cavalry/server/src/db/db_def.go:659%!(EXTRA *mysql.MySQLError=Error 1292: Incorrect datetime value: '0000-00-00' for column 'starter_pack_bought_at' at row 1)
2021/02/02 19:19:19 [release] SQL ERROR:C:/Cavalry/server/src/db/db_def.go:659%!(EXTRA *mysql.MySQLError=Error 1292: Incorrect datetime value: '0000-00-00' for column 'starter_pack_bought_at' at row 1)
2021/02/02 19:19:19 [release] SQL ERROR:C:/Cavalry/server/src/db/db_def.go:659%!(EXTRA *mysql.MySQLError=Error 1292: Incorrect datetime value: '0000-00-00' for column 'starter_pack_bought_at' at row 1)
2021/02/02 19:19:19 [release] SQL ERROR:C:/Cavalry/server/src/db/db_def.go:659%!(EXTRA *mysql.MySQLError=Error 1292: Incorrect datetime value: '0000-00-00' for column 'starter_pack_bought_at' at row 1)
2021/02/02 19:19:19 [release] SQL ERROR:C:/Cavalry/server/src/db/db_def.go:659%!(EXTRA *mysql.MySQLError=Error 1292: Incorrect datetime value: '0000-00-00' for column 'starter_pack_bought_at' at row 1)
2021/02/02 19:19:19 [release] SQL ERROR:C:/Cavalry/server/src/db/db_def.go:659%!(EXTRA *mysql.MySQLError=Error 1292: Incorrect datetime value: '0000-00-00' for column 'starter_pack_bought_at' at row 1)
2021/02/02 19:19:19 [release] SQL ERROR:C:/Cavalry/server/src/db/db_def.go:659%!(EXTRA *mysql.MySQLError=Error 1292: Incorrect datetime value: '0000-00-00' for column 'starter_pack_bought_at' at row 1)
2021/02/02 19:19:19 [release] SQL ERROR:C:/Cavalry/server/src/db/db_def.go:659%!(EXTRA *mysql.MySQLError=Error 1292: Incorrect datetime value: '0000-00-00' for column 'starter_pack_bought_at' at row 1)
2021/02/02 19:19:19 [release] SQL ERROR:C:/Cavalry/server/src/db/db_def.go:659%!(EXTRA *mysql.MySQLError=Error 1292: Incorrect datetime value: '0000-00-00' for column 'starter_pack_bought_at' at row 1)
2021/02/02 19:19:19 [release] SQL ERROR:C:/Cavalry/server/src/db/db_def.go:659%!(EXTRA *mysql.MySQLError=Error 1292: Incorrect datetime value: '0000-00-00' for column 'starter_pack_bought_at' at row 1)
2021/02/02 19:19:19 [release] SQL ERROR:C:/Cavalry/server/src/db/db_def.go:659%!(EXTRA *mysql.MySQLError=Error 1292: Incorrect datetime value: '0000-00-00' for column 'starter_pack_bought_at' at row 1)
2021/02/02 19:19:19 [release] SQL ERROR:C:/Cavalry/server/src/db/db_def.go:659%!(EXTRA *mysql.MySQLError=Error 1292: Incorrect datetime value: '0000-00-00' for column 'starter_pack_bought_at' at row 1)
2021/02/02 19:19:19 [release] SQL ERROR:C:/Cavalry/server/src/db/db_def.go:659%!(EXTRA *mysql.MySQLError=Error 1292: Incorrect datetime value: '0000-00-00' for column 'starter_pack_bought_at' at row 1)
2021/02/02 19:19:19 [release] SQL ERROR:C:/Cavalry/server/src/db/db_def.go:659%!(EXTRA *mysql.MySQLError=Error 1292: Incorrect datetime value: '0000-00-00' for column 'starter_pack_bought_at' at row 1)
2021/02/02 19:19:19 [release] SQL ERROR:C:/Cavalry/server/src/db/db_def.go:659%!(EXTRA *mysql.MySQLError=Error 1292: Incorrect datetime value: '0000-00-00' for column 'starter_pack_bought_at' at row 1)
2021/02/02 19:19:19 [release] SQL ERROR:C:/Cavalry/server/src/db/db_def.go:659%!(EXTRA *mysql.MySQLError=Error 1292: Incorrect datetime value: '0000-00-00' for column 'starter_pack_bought_at' at row 1)
2021/02/02 19:19:19 [release] SQL ERROR:C:/Cavalry/server/src/db/db_def.go:659%!(EXTRA *mysql.MySQLError=Error 1292: Incorrect datetime value: '0000-00-00' for column 'starter_pack_bought_at1' at row 1)
2021/02/02 19:19:19 [release] SQL ERROR:C:/Cavalry/server/src/db/db_def.go:659%!(EXTRA *mysql.MySQLError=Error 1292: Incorrect datetime value: '0000-00-00' for column 'starter_pack_bought_at' at row 1)
2021/02/02 19:19:19 [release] SQL ERROR:C:/Cavalry/server/src/db/db_def.go:659%!(EXTRA *mysql.MySQLError=Error 1292: Incorrect datetime value: '0000-00-00' for column 'starter_pack_bought_at' at row 1)
2021/02/02 19:19:19 [release] SQL ERROR:C:/Cavalry/server/src/db/db_def.go:659%!(EXTRA *mysql.MySQLError=Error 1292: Incorrect datetime value: '0000-00-00' for column 'starter_pack_bought_at' at row 1)
2021/02/02 19:19:19 [release] SQL ERROR:C:/Cavalry/server/src/db/db_def.go:659%!(EXTRA *mysql.MySQLError=Error 1292: Incorrect datetime value: '0000-00-00' for column 'starter_pack_bought_at' at row 1)
2021/02/02 19:19:19 [release] SQL ERROR:C:/Cavalry/server/src/db/db_def.go:659%!(EXTRA *mysql.MySQLError=Error 1292: Incorrect datetime value: '0000-00-00' for column 'starter_pack_bought_at' at row 1)
2021/02/02 19:19:19 [release] SQL ERROR:C:/Cavalry/server/src/db/db_def.go:659%!(EXTRA *mysql.MySQLError=Error 1292: Incorrect datetime value: '0000-00-00' for column 'starter_pack_bought_at' at row 1)
2021/02/02 19:19:19 [release] SQL ERROR:C:/Cavalry/server/src/db/db_def.go:659%!(EXTRA *mysql.MySQLError=Error 1292: Incorrect datetime value: '0000-00-00' for column 'starter_pack_bought_at' at row 1)
2021/02/02 19:19:19 [release] SQL ERROR:C:/Cavalry/server/src/db/db_def.go:659%!(EXTRA *mysql.MySQLError=Error 1292: Incorrect datetime value: '0000-00-00' for column 'starter_pack_bought_at' at row 1)
2021/02/02 19:19:19 [release] SQL ERROR:C:/Cavalry/server/src/db/db_def.go:659%!(EXTRA *mysql.MySQLError=Error 1292: Incorrect datetime value: '0000-00-00' for column 'starter_pack_bought_at' at row 1)
2021/02/02 19:19:19 [release] SQL ERROR:C:/Cavalry/server/src/db/db_def.go:659%!(EXTRA *mysql.MySQLError=Error 1292: Incorrect datetime value: '0000-00-00' for column 'starter_pack_bought_at' at row 1)
2021/02/02 19:19:19 [release] SQL ERROR:C:/Cavalry/server/src/db/db_def.go:659%!(EXTRA *mysql.MySQLError=Error 1292: Incorrect datetime value: '0000-00-00' for column 'starter_pack_bought_at' at row 1)
2021/02/02 19:19:19 [release] SQL ERROR:C:/Cavalry/server/src/db/db_def.go:659%!(EXTRA *mysql.MySQLError=Error 1292: Incorrect datetime value: '0000-00-00' for column 'starter_pack_bought_at' at row 1)
2021/02/02 19:19:19 [release] SQL ERROR:C:/Cavalry/server/src/db/db_def.go:659%!(EXTRA *mysql.MySQLError=Error 1292: Incorrect datetime value: '0000-00-00' for column 'starter_pack_bought_at' at row 1)
2021/02/02 19:19:19 [release] SQL ERROR:C:/Cavalry/server/src/db/db_def.go:659%!(EXTRA *mysql.MySQLError=Error 1292: Incorrect datetime value: '0000-00-00' for column 'starter_pack_bought_at' at row 1)
2021/02/02 19:19:19 [release] SQL ERROR:C:/Cavalry/server/src/db/db_def.go:659%!(EXTRA *mysql.MySQLError=Error 1292: Incorrect datetime value: '0000-00-00' for column 'starter_pack_bought_at' at row 1)
2021/02/02 19:19:19 [release] SQL ERROR:C:/Cavalry/server/src/db/db_def.go:659%!(EXTRA *mysql.MySQLError=Error 1292: Incorrect datetime value: '0000-00-00' for column 'starter_pack_bought_at' at row 1)
2021/02/02 19:19:19 [release] SQL ERROR:C:/Cavalry/server/src/db/db_def.go:659%!(EXTRA *mysql.MySQLError=Error 1292: Incorrect datetime value: '0000-00-00' for column 'starter_pack_bought_at' at row 1)
2021/02/02 19:19:19 [release] SQL ERROR:C:/Cavalry/server/src/db/db_def.go:659%!(EXTRA *mysql.MySQLError=Error 1292: Incorrect datetime value: '0000-00-00' for column 'starter_pack_bought_at' at row 1)
2021/02/02 19:19:19 [release] SQL ERROR:C:/Cavalry/server/src/db/db_def.go:659%!(EXTRA *mysql.MySQLError=Error 1292: Incorrect datetime value: '0000-00-00' for column 'starter_pack_bought_at' at row 1)
2021/02/02 19:19:19 [release] SQL ERROR:C:/Cavalry/server/src/db/db_def.go:659%!(EXTRA *mysql.MySQLError=Error 1292: Incorrect datetime value: '0000-00-00' for column 'starter_pack_bought_at' at row 1)
2021/02/02 19:19:19 [release] SQL ERROR:C:/Cavalry/server/src/db/db_def.go:659%!(EXTRA *mysql.MySQLError=Error 1292: Incorrect datetime value: '0000-00-00' for column 'starter_pack_bought_at' at row 1)
2021/02/02 19:19:19 [release] SQL ERROR:C:/Cavalry/server/src/db/db_def.go:659%!(EXTRA *mysql.MySQLError=Error 1292: Incorrect datetime value: '0000-00-00' for column 'starter_pack_bought_at' at row 1)
2021/02/02 19:19:19 [release] SQL ERROR:C:/Cavalry/server/src/db/db_def.go:659%!(EXTRA *mysql.MySQLError=Error 1292: Incorrect datetime value: '0000-00-00' for column 'starter_pack_bought_at' at row 1)
2021/02/02 19:19:19 [release] SQL ERROR:C:/Cavalry/server/src/db/db_def.go:659%!(EXTRA *mysql.MySQLError=Error 1292: Incorrect datetime value: '0000-00-00' for column 'starter_pack_bought_at' at row 1)
2021/02/02 19:19:19 [release] SQL ERROR:C:/Cavalry/server/src/db/db_def.go:659%!(EXTRA *mysql.MySQLError=Error 1292: Incorrect datetime value: '0000-00-00' for column 'starter_pack_bought_at' at row 1)
2021/02/02 19:19:19 [release] SQL ERROR:C:/Cavalry/server/src/db/db_def.go:659%!(EXTRA *mysql.MySQLError=Error 1292: Incorrect datetime value: '0000-00-00' for column 'starter_pack_bought_at' at row 1)
2021/02/02 19:19:19 [release] SQL ERROR:C:/Cavalry/server/src/db/db_def.go:659%!(EXTRA *mysql.MySQLError=Error 1292: Incorrect datetime value: '0000-00-00' for column 'starter_pack_bought_at' at row 1)
2021/02/02 19:19:19 [release] SQL ERROR:C:/Cavalry/server/src/db/db_def.go:659%!(EXTRA *mysql.MySQLError=Error 1292: Incorrect datetime value: '0000-00-00' for column 'starter_pack_bought_at' at row 1)
2021/02/02 19:19:19 [release] SQL ERROR:C:/Cavalry/server/src/db/db_def.go:659%!(EXTRA *mysql.MySQLError=Error 1292: Incorrect datetime value: '0000-00-00' for column 'starter_pack_bought_at' at row 1)
2021/02/02 19:19:19 [release] SQL ERROR:C:/Cavalry/server/src/db/db_def.go:659%!(EXTRA *mysql.MySQLError=Error 1292: Incorrect datetime value: '0000-00-00' for column 'starter_pack_bought_at' at row 1)
2021/02/02 19:19:19 [release] SQL ERROR:C:/Cavalry/server/src/db/db_def.go:659%!(EXTRA *mysql.MySQLError=Error 1292: Incorrect datetime value: '0000-00-00' for column 'starter_pack_bought_at' at row 1)
2021/02/02 19:19:19 [release] SQL ERROR:C:/Cavalry/server/src/db/db_def.go:659%!(EXTRA *mysql.MySQLError=Error 1292: Incorrect datetime value: '0000-00-00' for column 'starter_pack_bought_at' at row 1)
2021/02/02 19:19:19 [release] SQL ERROR:C:/Cavalry/server/src/db/db_def.go:659%!(EXTRA *mysql.MySQLError=Error 1292: Incorrect datetime value: '0000-00-00' for column 'starter_pack_bought_at' at row 1)
2021/02/02 19:19:19 [release] SQL ERROR:C:/Cavalry/server/src/db/db_def.go:659%!(EXTRA *mysql.MySQLError=Error 1292: Incorrect datetime value: '0000-00-00' for column 'starter_pack_bought_at1' at row 1)
2021/02/02 19:19:19 [release] SQL ERROR:C:/Cavalry/server/src/db/db_def.go:659%!(EXTRA *mysql.MySQLError=Error 1292: Incorrect datetime value: '0000-00-00' for column 'starter_pack_bought_at' at row 1)
2021/02/02 19:19:19 [release] SQL ERROR:C:/Cavalry/server/src/db/db_def.go:659%!(EXTRA *mysql.MySQLError=Error 1292: Incorrect datetime value: '0000-00-00' for column 'starter_pack_bought_at' at row 1)
2021/02/02 19:19:19 [release] SQL ERROR:C:/Cavalry/server/src/db/db_def.go:659%!(EXTRA *mysql.MySQLError=Error 1292: Incorrect datetime value: '0000-00-00' for column 'starter_pack_bought_at' at row 1)
2021/02/02 19:19:19 [release] SQL ERROR:C:/Cavalry/server/src/db/db_def.go:659%!(EXTRA *mysql.MySQLError=Error 1292: Incorrect datetime value: '0000-00-00' for column 'starter_pack_bought_at' at row 1)
2021/02/02 19:19:19 [release] SQL ERROR:C:/Cavalry/server/src/db/db_def.go:659%!(EXTRA *mysql.MySQLError=Error 1292: Incorrect datetime value: '0000-00-00' for column 'starter_pack_bought_at' at row 1)
2021/02/02 19:19:19 [release] SQL ERROR:C:/Cavalry/server/src/db/db_def.go:659%!(EXTRA *mysql.MySQLError=Error 1292: Incorrect datetime value: '0000-00-00' for column 'starter_pack_bought_at' at row 1)
2021/02/02 19:19:19 [release] SQL ERROR:C:/Cavalry/server/src/db/db_def.go:659%!(EXTRA *mysql.MySQLError=Error 1292: Incorrect datetime value: '0000-00-00' for column 'starter_pack_bought_at' at row 1)
2021/02/02 19:19:19 [release] SQL ERROR:C:/Cavalry/server/src/db/db_def.go:659%!(EXTRA *mysql.MySQLError=Error 1292: Incorrect datetime value: '0000-00-00' for column 'starter_pack_bought_at2' at row 1)
2021/02/02 19:19:19 [release] SQL ERROR:C:/Cavalry/server/src/db/db_def.go:659%!(EXTRA *mysql.MySQLError=Error 1292: Incorrect datetime value: '0000-00-00' for column 'starter_pack_bought_at' at row 1)
2021/02/02 19:19:19 [release] SQL ERROR:C:/Cavalry/server/src/db/db_def.go:659%!(EXTRA *mysql.MySQLError=Error 1292: Incorrect datetime value: '0000-00-00' for column 'starter_pack_bought_at' at row 1)
2021/02/02 19:19:19 [release] SQL ERROR:C:/Cavalry/server/src/db/db_def.go:659%!(EXTRA *mysql.MySQLError=Error 1292: Incorrect datetime value: '0000-00-00' for column 'starter_pack_bought_at' at row 1)
2021/02/02 19:19:19 [release] SQL ERROR:C:/Cavalry/server/src/db/db_def.go:659%!(EXTRA *mysql.MySQLError=Error 1292: Incorrect datetime value: '0000-00-00' for column 'starter_pack_bought_at' at row 1)
2021/02/02 19:19:19 [release] SQL ERROR:C:/Cavalry/server/src/db/db_def.go:659%!(EXTRA *mysql.MySQLError=Error 1292: Incorrect datetime value: '0000-00-00' for column 'starter_pack_bought_at' at row 1)
2021/02/02 19:19:19 [release] SQL ERROR:C:/Cavalry/server/src/db/db_def.go:659%!(EXTRA *mysql.MySQLError=Error 1292: Incorrect datetime value: '0000-00-00' for column 'starter_pack_bought_at' at row 1)
2021/02/02 19:19:19 [release] SQL ERROR:C:/Cavalry/server/src/db/db_def.go:659%!(EXTRA *mysql.MySQLError=Error 1292: Incorrect datetime value: '0000-00-00' for column 'starter_pack_bought_at' at row 1)
2021/02/02 19:19:19 [release] SQL ERROR:C:/Cavalry/server/src/db/db_def.go:659%!(EXTRA *mysql.MySQLError=Error 1292: Incorrect datetime value: '0000-00-00' for column 'starter_pack_bought_at' at row 1)
2021/02/02 19:19:19 [release] SQL ERROR:C:/Cavalry/server/src/db/db_def.go:659%!(EXTRA *mysql.MySQLError=Error 1292: Incorrect datetime value: '0000-00-00' for column 'starter_pack_bought_at' at row 1)
2021/02/02 19:19:19 [release] SQL ERROR:C:/Cavalry/server/src/db/db_def.go:659%!(EXTRA *mysql.MySQLError=Error 1292: Incorrect datetime value: '0000-00-00' for column 'starter_pack_bought_at' at row 1)
2021/02/02 19:19:19 [release] SQL ERROR:C:/Cavalry/server/src/db/db_def.go:659%!(EXTRA *mysql.MySQLError=Error 1292: Incorrect datetime value: '0000-00-00' for column 'starter_pack_bought_at' at row 1)
2021/02/02 19:19:19 [release] SQL ERROR:C:/Cavalry/server/src/db/db_def.go:659%!(EXTRA *mysql.MySQLError=Error 1292: Incorrect datetime value: '0000-00-00' for column 'starter_pack_bought_at' at row 1)
2021/02/02 19:19:19 [release] SQL ERROR:C:/Cavalry/server/src/db/db_def.go:659%!(EXTRA *mysql.MySQLError=Error 1292: Incorrect datetime value: '0000-00-00' for column 'starter_pack_bought_at' at row 1)
2021/02/02 19:19:19 [release] SQL ERROR:C:/Cavalry/server/src/db/db_def.go:659%!(EXTRA *mysql.MySQLError=Error 1292: Incorrect datetime value: '0000-00-00' for column 'starter_pack_bought_at' at row 1)
2021/02/02 19:19:19 [release] SQL ERROR:C:/Cavalry/server/src/db/db_def.go:659%!(EXTRA *mysql.MySQLError=Error 1292: Incorrect datetime value: '0000-00-00' for column 'starter_pack_bought_at' at row 1)
2021/02/02 19:19:19 [release] SQL ERROR:C:/Cavalry/server/src/db/db_def.go:659%!(EXTRA *mysql.MySQLError=Error 1292: Incorrect datetime value: '0000-00-00' for column 'starter_pack_bought_at' at row 1)
2021/02/02 19:19:19 [release] SQL ERROR:C:/Cavalry/server/src/db/db_def.go:659%!(EXTRA *mysql.MySQLError=Error 1292: Incorrect datetime value: '0000-00-00' for column 'starter_pack_bought_at' at row 1)
2021/02/02 19:19:19 [release] SQL ERROR:C:/Cavalry/server/src/db/db_def.go:659%!(EXTRA *mysql.MySQLError=Error 1292: Incorrect datetime value: '0000-00-00' for column 'starter_pack_bought_at' at row 1)
2021/02/02 19:19:19 [release] SQL ERROR:C:/Cavalry/server/src/db/db_def.go:659%!(EXTRA *mysql.MySQLError=Error 1292: Incorrect datetime value: '0000-00-00' for column 'starter_pack_bought_at' at row 1)
2021/02/02 19:19:19 [release] SQL ERROR:C:/Cavalry/server/src/db/db_def.go:659%!(EXTRA *mysql.MySQLError=Error 1292: Incorrect datetime value: '0000-00-00' for column 'starter_pack_bought_at' at row 1)
2021/02/02 19:19:19 [release] SQL ERROR:C:/Cavalry/server/src/db/db_def.go:659%!(EXTRA *mysql.MySQLError=Error 1292: Incorrect datetime value: '0000-00-00' for column 'starter_pack_bought_at' at row 1)
2021/02/02 19:19:19 [release] SQL ERROR:C:/Cavalry/server/src/db/db_def.go:659%!(EXTRA *mysql.MySQLError=Error 1292: Incorrect datetime value: '0000-00-00' for column 'starter_pack_bought_at' at row 1)
2021/02/02 19:19:19 [release] SQL ERROR:C:/Cavalry/server/src/db/db_def.go:659%!(EXTRA *mysql.MySQLError=Error 1292: Incorrect datetime value: '0000-00-00' for column 'starter_pack_bought_at' at row 1)
2021/02/02 19:19:19 [release] SQL ERROR:C:/Cavalry/server/src/db/db_def.go:659%!(EXTRA *mysql.MySQLError=Error 1292: Incorrect datetime value: '0000-00-00' for column 'starter_pack_bought_at' at row 1)
2021/02/02 19:19:19 [release] SQL ERROR:C:/Cavalry/server/src/db/db_def.go:659%!(EXTRA *mysql.MySQLError=Error 1292: Incorrect datetime value: '0000-00-00' for column 'starter_pack_bought_at' at row 1)
2021/02/02 19:19:19 [release] SQL ERROR:C:/Cavalry/server/src/db/db_def.go:659%!(EXTRA *mysql.MySQLError=Error 1292: Incorrect datetime value: '0000-00-00' for column 'starter_pack_bought_at' at row 1)
2021/02/02 19:19:19 [release] SQL ERROR:C:/Cavalry/server/src/db/db_def.go:659%!(EXTRA *mysql.MySQLError=Error 1292: Incorrect datetime value: '0000-00-00' for column 'starter_pack_bought_at1' at row 1)
2021/02/02 19:19:19 [release] SQL ERROR:C:/Cavalry/server/src/db/db_def.go:659%!(EXTRA *mysql.MySQLError=Error 1292: Incorrect datetime value: '0000-00-00' for column 'starter_pack_bought_at' at row 1)
2021/02/02 19:19:19 [release] SQL ERROR:C:/Cavalry/server/src/db/db_def.go:659%!(EXTRA *mysql.MySQLError=Error 1292: Incorrect datetime value: '0000-00-00' for column 'starter_pack_bought_at' at row 1)
2021/02/02 19:19:19 [release] SQL ERROR:C:/Cavalry/server/src/db/db_def.go:659%!(EXTRA *mysql.MySQLError=Error 1292: Incorrect datetime value: '0000-00-00' for column 'starter_pack_bought_at' at row 1)
2021/02/02 19:19:19 [release] SQL ERROR:C:/Cavalry/server/src/db/db_def.go:659%!(EXTRA *mysql.MySQLError=Error 1292: Incorrect datetime value: '0000-00-00' for column 'starter_pack_bought_at' at row 1)
2021/02/02 19:19:19 [release] SQL ERROR:C:/Cavalry/server/src/db/db_def.go:659%!(EXTRA *mysql.MySQLError=Error 1292: Incorrect datetime value: '0000-00-00' for column 'starter_pack_bought_at' at row 1)
2021/02/02 19:19:19 [release] SQL ERROR:C:/Cavalry/server/src/db/db_def.go:659%!(EXTRA *mysql.MySQLError=Error 1292: Incorrect datetime value: '0000-00-00' for column 'starter_pack_bought_at' at row 1)
2021/02/02 19:19:19 [release] SQL ERROR:C:/Cavalry/server/src/db/db_def.go:659%!(EXTRA *mysql.MySQLError=Error 1292: Incorrect datetime value: '0000-00-00' for column 'starter_pack_bought_at' at row 1)
2021/02/02 19:19:19 [release] SQL ERROR:C:/Cavalry/server/src/db/db_def.go:659%!(EXTRA *mysql.MySQLError=Error 1292: Incorrect datetime value: '0000-00-00' for column 'starter_pack_bought_at' at row 1)
2021/02/02 19:19:19 [release] SQL ERROR:C:/Cavalry/server/src/db/db_def.go:659%!(EXTRA *mysql.MySQLError=Error 1292: Incorrect datetime value: '0000-00-00' for column 'starter_pack_bought_at' at row 1)
2021/02/02 19:19:19 [release] SQL ERROR:C:/Cavalry/server/src/db/db_def.go:659%!(EXTRA *mysql.MySQLError=Error 1292: Incorrect datetime value: '0000-00-00' for column 'starter_pack_bought_at' at row 1)
2021/02/02 19:19:19 [release] SQL ERROR:C:/Cavalry/server/src/db/db_def.go:659%!(EXTRA *mysql.MySQLError=Error 1292: Incorrect datetime value: '0000-00-00' for column 'starter_pack_bought_at' at row 1)
2021/02/02 19:19:19 [release] SQL ERROR:C:/Cavalry/server/src/db/db_def.go:659%!(EXTRA *mysql.MySQLError=Error 1292: Incorrect datetime value: '0000-00-00' for column 'starter_pack_bought_at' at row 1)
2021/02/02 19:19:19 [release] SQL ERROR:C:/Cavalry/server/src/db/db_def.go:659%!(EXTRA *mysql.MySQLError=Error 1292: Incorrect datetime value: '0000-00-00' for column 'starter_pack_bought_at' at row 1)
2021/02/02 19:19:19 [release] SQL ERROR:C:/Cavalry/server/src/db/db_def.go:659%!(EXTRA *mysql.MySQLError=Error 1292: Incorrect datetime value: '0000-00-00' for column 'starter_pack_bought_at' at row 1)
2021/02/02 19:19:19 [release] SQL ERROR:C:/Cavalry/server/src/db/db_def.go:659%!(EXTRA *mysql.MySQLError=Error 1292: Incorrect datetime value: '0000-00-00' for column 'starter_pack_bought_at' at row 1)
2021/02/02 19:19:19 [release] SQL ERROR:C:/Cavalry/server/src/db/db_def.go:659%!(EXTRA *mysql.MySQLError=Error 1292: Incorrect datetime value: '0000-00-00' for column 'starter_pack_bought_at' at row 1)
2021/02/02 19:19:19 [release] SQL ERROR:C:/Cavalry/server/src/db/db_def.go:659%!(EXTRA *mysql.MySQLError=Error 1292: Incorrect datetime value: '0000-00-00' for column 'starter_pack_bought_at' at row 1)
2021/02/02 19:19:19 [release] SQL ERROR:C:/Cavalry/server/src/db/db_def.go:659%!(EXTRA *mysql.MySQLError=Error 1292: Incorrect datetime value: '0000-00-00' for column 'starter_pack_bought_at' at row 1)
2021/02/02 19:19:19 [release] SQL ERROR:C:/Cavalry/server/src/db/db_def.go:659%!(EXTRA *mysql.MySQLError=Error 1292: Incorrect datetime value: '0000-00-00' for column 'starter_pack_bought_at' at row 1)
2021/02/02 19:19:19 [release] SQL ERROR:C:/Cavalry/server/src/db/db_def.go:659%!(EXTRA *mysql.MySQLError=Error 1292: Incorrect datetime value: '0000-00-00' for column 'starter_pack_bought_at' at row 1)
2021/02/02 19:19:19 [release] SQL ERROR:C:/Cavalry/server/src/db/db_def.go:659%!(EXTRA *mysql.MySQLError=Error 1292: Incorrect datetime value: '0000-00-00' for column 'starter_pack_bought_at' at row 1)
2021/02/02 19:19:19 [release] SQL ERROR:C:/Cavalry/server/src/db/db_def.go:659%!(EXTRA *mysql.MySQLError=Error 1292: Incorrect datetime value: '0000-00-00' for column 'starter_pack_bought_at' at row 1)
2021/02/02 19:19:19 [release] SQL ERROR:C:/Cavalry/server/src/db/db_def.go:659%!(EXTRA *mysql.MySQLError=Error 1292: Incorrect datetime value: '0000-00-00' for column 'starter_pack_bought_at' at row 1)
2021/02/02 19:19:19 [release] SQL ERROR:C:/Cavalry/server/src/db/db_def.go:659%!(EXTRA *mysql.MySQLError=Error 1292: Incorrect datetime value: '0000-00-00' for column 'starter_pack_bought_at' at row 1)
2021/02/02 19:19:19 [release] SQL ERROR:C:/Cavalry/server/src/db/db_def.go:659%!(EXTRA *mysql.MySQLError=Error 1292: Incorrect datetime value: '0000-00-00' for column 'starter_pack_bought_at' at row 1)
2021/02/02 19:19:19 [release] SQL ERROR:C:/Cavalry/server/src/db/db_def.go:659%!(EXTRA *mysql.MySQLError=Error 1292: Incorrect datetime value: '0000-00-00' for column 'starter_pack_bought_at' at row 1)
2021/02/02 19:19:19 [release] SQL ERROR:C:/Cavalry/server/src/db/db_def.go:659%!(EXTRA *mysql.MySQLError=Error 1292: Incorrect datetime value: '0000-00-00' for column 'starter_pack_bought_at' at row 1)
2021/02/02 19:19:19 [release] SQL ERROR:C:/Cavalry/server/src/db/db_def.go:659%!(EXTRA *mysql.MySQLError=Error 1292: Incorrect datetime value: '0000-00-00' for column 'starter_pack_bought_at' at row 1)
2021/02/02 19:19:19 [release] SQL ERROR:C:/Cavalry/server/src/db/db_def.go:659%!(EXTRA *mysql.MySQLError=Error 1292: Incorrect datetime value: '0000-00-00' for column 'starter_pack_bought_at' at row 1)
2021/02/02 19:19:19 [release] SQL ERROR:C:/Cavalry/server/src/db/db_def.go:659%!(EXTRA *mysql.MySQLError=Error 1292: Incorrect datetime value: '0000-00-00' for column 'starter_pack_bought_at' at row 1)
2021/02/02 19:19:19 [release] SQL ERROR:C:/Cavalry/server/src/db/db_def.go:659%!(EXTRA *mysql.MySQLError=Error 1292: Incorrect datetime value: '0000-00-00' for column 'starter_pack_bought_at' at row 1)
2021/02/02 19:19:19 [release] SQL ERROR:C:/Cavalry/server/src/db/db_def.go:659%!(EXTRA *mysql.MySQLError=Error 1292: Incorrect datetime value: '0000-00-00' for column 'starter_pack_bought_at' at row 1)
2021/02/02 19:19:19 [release] SQL ERROR:C:/Cavalry/server/src/db/db_def.go:659%!(EXTRA *mysql.MySQLError=Error 1292: Incorrect datetime value: '0000-00-00' for column 'starter_pack_bought_at' at row 1)
2021/02/02 19:19:19 [release] SQL ERROR:C:/Cavalry/server/src/db/db_def.go:659%!(EXTRA *mysql.MySQLError=Error 1292: Incorrect datetime value: '0000-00-00' for column 'starter_pack_bought_at' at row 1)
2021/02/02 19:19:19 [release] SQL ERROR:C:/Cavalry/server/src/db/db_def.go:659%!(EXTRA *mysql.MySQLError=Error 1292: Incorrect datetime value: '0000-00-00' for column 'starter_pack_bought_at' at row 1)
2021/02/02 19:19:19 [release] SQL ERROR:C:/Cavalry/server/src/db/db_def.go:659%!(EXTRA *mysql.MySQLError=Error 1292: Incorrect datetime value: '0000-00-00' for column 'starter_pack_bought_at' at row 1)
2021/02/02 19:19:19 [release] SQL ERROR:C:/Cavalry/server/src/db/db_def.go:659%!(EXTRA *mysql.MySQLError=Error 1292: Incorrect datetime value: '0000-00-00' for column 'starter_pack_bought_at' at row 1)
2021/02/02 19:19:19 [release] SQL ERROR:C:/Cavalry/server/src/db/db_def.go:659%!(EXTRA *mysql.MySQLError=Error 1292: Incorrect datetime value: '0000-00-00' for column 'starter_pack_bought_at' at row 1)
2021/02/02 19:19:19 [release] SQL ERROR:C:/Cavalry/server/src/db/db_def.go:659%!(EXTRA *mysql.MySQLError=Error 1292: Incorrect datetime value: '0000-00-00' for column 'starter_pack_bought_at' at row 1)
2021/02/02 19:19:19 [release] SQL ERROR:C:/Cavalry/server/src/db/db_def.go:659%!(EXTRA *mysql.MySQLError=Error 1292: Incorrect datetime value: '0000-00-00' for column 'starter_pack_bought_at' at row 1)
2021/02/02 19:19:19 [release] SQL ERROR:C:/Cavalry/server/src/db/db_def.go:659%!(EXTRA *mysql.MySQLError=Error 1292: Incorrect datetime value: '0000-00-00' for column 'starter_pack_bought_at' at row 1)
2021/02/02 19:19:19 [release] SQL ERROR:C:/Cavalry/server/src/db/db_def.go:659%!(EXTRA *mysql.MySQLError=Error 1292: Incorrect datetime value: '0000-00-00' for column 'starter_pack_bought_at' at row 1)
2021/02/02 19:19:19 [release] SQL ERROR:C:/Cavalry/server/src/db/db_def.go:659%!(EXTRA *mysql.MySQLError=Error 1292: Incorrect datetime value: '0000-00-00' for column 'starter_pack_bought_at' at row 1)
2021/02/02 19:19:19 [release] SQL ERROR:C:/Cavalry/server/src/db/db_def.go:659%!(EXTRA *mysql.MySQLError=Error 1292: Incorrect datetime value: '0000-00-00' for column 'starter_pack_bought_at' at row 1)
2021/02/02 19:19:19 [release] SQL ERROR:C:/Cavalry/server/src/db/db_def.go:659%!(EXTRA *mysql.MySQLError=Error 1292: Incorrect datetime value: '0000-00-00' for column 'starter_pack_bought_at' at row 1)
2021/02/02 19:19:19 [release] SQL ERROR:C:/Cavalry/server/src/db/db_def.go:659%!(EXTRA *mysql.MySQLError=Error 1292: Incorrect datetime value: '0000-00-00' for column 'starter_pack_bought_at' at row 1)
2021/02/02 19:19:19 [release] SQL ERROR:C:/Cavalry/server/src/db/db_def.go:659%!(EXTRA *mysql.MySQLError=Error 1292: Incorrect datetime value: '0000-00-00' for column 'starter_pack_bought_at' at row 1)
2021/02/02 19:19:19 [release] SQL ERROR:C:/Cavalry/server/src/db/db_def.go:659%!(EXTRA *mysql.MySQLError=Error 1292: Incorrect datetime value: '0000-00-00' for column 'starter_pack_bought_at' at row 1)
2021/02/02 19:19:19 [release] SQL ERROR:C:/Cavalry/server/src/db/db_def.go:659%!(EXTRA *mysql.MySQLError=Error 1292: Incorrect datetime value: '0000-00-00' for column 'starter_pack_bought_at2' at row 1)
2021/02/02 19:19:19 [release] SQL ERROR:C:/Cavalry/server/src/db/db_def.go:659%!(EXTRA *mysql.MySQLError=Error 1292: Incorrect datetime value: '0000-00-00' for column 'starter_pack_bought_at' at row 1)
2021/02/02 19:19:19 [release] SQL ERROR:C:/Cavalry/server/src/db/db_def.go:659%!(EXTRA *mysql.MySQLError=Error 1292: Incorrect datetime value: '0000-00-00' for column 'starter_pack_bought_at' at row 1)
2021/02/02 19:19:19 [release] SQL ERROR:C:/Cavalry/server/src/db/db_def.go:659%!(EXTRA *mysql.MySQLError=Error 1292: Incorrect datetime value: '0000-00-00' for column 'starter_pack_bought_at' at row 1)
2021/02/02 19:19:19 [release] SQL ERROR:C:/Cavalry/server/src/db/db_def.go:659%!(EXTRA *mysql.MySQLError=Error 1292: Incorrect datetime value: '0000-00-00' for column 'starter_pack_bought_at' at row 1)
2021/02/02 19:19:19 [release] SQL ERROR:C:/Cavalry/server/src/db/db_def.go:659%!(EXTRA *mysql.MySQLError=Error 1292: Incorrect datetime value: '0000-00-00' for column 'starter_pack_bought_at' at row 1)
2021/02/02 19:19:19 [release] SQL ERROR:C:/Cavalry/server/src/db/db_def.go:659%!(EXTRA *mysql.MySQLError=Error 1292: Incorrect datetime value: '0000-00-00' for column 'starter_pack_bought_at' at row 1)
2021/02/02 19:19:19 [release] SQL ERROR:C:/Cavalry/server/src/db/db_def.go:659%!(EXTRA *mysql.MySQLError=Error 1292: Incorrect datetime value: '0000-00-00' for column 'starter_pack_bought_at' at row 1)
2021/02/02 19:19:19 [release] SQL ERROR:C:/Cavalry/server/src/db/db_def.go:659%!(EXTRA *mysql.MySQLError=Error 1292: Incorrect datetime value: '0000-00-00' for column 'starter_pack_bought_at' at row 1)
2021/02/02 19:19:19 [release] SQL ERROR:C:/Cavalry/server/src/db/db_def.go:659%!(EXTRA *mysql.MySQLError=Error 1292: Incorrect datetime value: '0000-00-00' for column 'starter_pack_bought_at' at row 1)
2021/02/02 19:19:19 [release] SQL ERROR:C:/Cavalry/server/src/db/db_def.go:659%!(EXTRA *mysql.MySQLError=Error 1292: Incorrect datetime value: '0000-00-00' for column 'starter_pack_bought_at' at row 1)
2021/02/02 19:19:19 [release] SQL ERROR:C:/Cavalry/server/src/db/db_def.go:659%!(EXTRA *mysql.MySQLError=Error 1292: Incorrect datetime value: '0000-00-00' for column 'starter_pack_bought_at' at row 1)
2021/02/02 19:19:19 [release] SQL ERROR:C:/Cavalry/server/src/db/db_def.go:659%!(EXTRA *mysql.MySQLError=Error 1292: Incorrect datetime value: '0000-00-00' for column 'starter_pack_bought_at' at row 1)
2021/02/02 19:19:19 [release] SQL ERROR:C:/Cavalry/server/src/db/db_def.go:659%!(EXTRA *mysql.MySQLError=Error 1292: Incorrect datetime value: '0000-00-00' for column 'starter_pack_bought_at' at row 1)
2021/02/02 19:19:19 [release] SQL ERROR:C:/Cavalry/server/src/db/db_def.go:659%!(EXTRA *mysql.MySQLError=Error 1292: Incorrect datetime value: '0000-00-00' for column 'starter_pack_bought_at' at row 1)
2021/02/02 19:19:19 [release] SQL ERROR:C:/Cavalry/server/src/db/db_def.go:659%!(EXTRA *mysql.MySQLError=Error 1292: Incorrect datetime value: '0000-00-00' for column 'starter_pack_bought_at1' at row 1)
2021/02/02 19:19:19 [release] SQL ERROR:C:/Cavalry/server/src/db/db_def.go:659%!(EXTRA *mysql.MySQLError=Error 1292: Incorrect datetime value: '0000-00-00' for column 'loop_quest2_money_end_time' at row 1)
2021/02/02 19:19:19 [release] SQL ERROR:C:/Cavalry/server/src/db/db_def.go:659%!(EXTRA *mysql.MySQLError=Error 1292: Incorrect datetime value: '0000-00-00' for column 'starter_pack_bought_at' at row 1)
2021/02/02 19:19:19 [release] SQL ERROR:C:/Cavalry/server/src/db/db_def.go:659%!(EXTRA *mysql.MySQLError=Error 1292: Incorrect datetime value: '0000-00-00' for column 'starter_pack_bought_at' at row 1)
2021/02/02 19:19:19 [release] SQL ERROR:C:/Cavalry/server/src/db/db_def.go:659%!(EXTRA *mysql.MySQLError=Error 1292: Incorrect datetime value: '0000-00-00' for column 'starter_pack_bought_at' at row 1)
2021/02/02 19:19:19 [release] SQL ERROR:C:/Cavalry/server/src/db/db_def.go:659%!(EXTRA *mysql.MySQLError=Error 1292: Incorrect datetime value: '0000-00-00' for column 'starter_pack_bought_at' at row 1)
2021/02/02 19:19:19 [release] SQL ERROR:C:/Cavalry/server/src/db/db_def.go:659%!(EXTRA *mysql.MySQLError=Error 1292: Incorrect datetime value: '0000-00-00' for column 'starter_pack_bought_at' at row 1)
2021/02/02 19:19:19 [release] SQL ERROR:C:/Cavalry/server/src/db/db_def.go:659%!(EXTRA *mysql.MySQLError=Error 1292: Incorrect datetime value: '0000-00-00' for column 'starter_pack_bought_at' at row 1)
2021/02/02 19:19:19 [release] SQL ERROR:C:/Cavalry/server/src/db/db_def.go:659%!(EXTRA *mysql.MySQLError=Error 1292: Incorrect datetime value: '0000-00-00' for column 'starter_pack_bought_at' at row 1)
2021/02/02 19:19:19 [release] SQL ERROR:C:/Cavalry/server/src/db/db_def.go:659%!(EXTRA *mysql.MySQLError=Error 1292: Incorrect datetime value: '0000-00-00' for column 'starter_pack_bought_at' at row 1)
2021/02/02 19:19:19 [release] SQL ERROR:C:/Cavalry/server/src/db/db_def.go:659%!(EXTRA *mysql.MySQLError=Error 1292: Incorrect datetime value: '0000-00-00' for column 'starter_pack_bought_at' at row 1)
2021/02/02 19:19:19 [release] SQL ERROR:C:/Cavalry/server/src/db/db_def.go:659%!(EXTRA *mysql.MySQLError=Error 1292: Incorrect datetime value: '0000-00-00' for column 'starter_pack_bought_at' at row 1)
2021/02/02 19:19:19 [release] SQL ERROR:C:/Cavalry/server/src/db/db_def.go:659%!(EXTRA *mysql.MySQLError=Error 1292: Incorrect datetime value: '0000-00-00' for column 'starter_pack_bought_at' at row 1)
2021/02/02 19:19:19 [release] SQL ERROR:C:/Cavalry/server/src/db/db_def.go:659%!(EXTRA *mysql.MySQLError=Error 1292: Incorrect datetime value: '0000-00-00' for column 'starter_pack_bought_at' at row 1)
2021/02/02 19:19:19 [release] SQL ERROR:C:/Cavalry/server/src/db/db_def.go:659%!(EXTRA *mysql.MySQLError=Error 1292: Incorrect datetime value: '0000-00-00' for column 'starter_pack_bought_at' at row 1)
2021/02/02 19:19:19 [release] SQL ERROR:C:/Cavalry/server/src/db/db_def.go:659%!(EXTRA *mysql.MySQLError=Error 1292: Incorrect datetime value: '0000-00-00' for column 'starter_pack_bought_at' at row 1)
2021/02/02 19:19:19 [release] SQL ERROR:C:/Cavalry/server/src/db/db_def.go:659%!(EXTRA *mysql.MySQLError=Error 1292: Incorrect datetime value: '0000-00-00' for column 'starter_pack_bought_at' at row 1)
2021/02/02 19:19:19 [release] SQL ERROR:C:/Cavalry/server/src/db/db_def.go:659%!(EXTRA *mysql.MySQLError=Error 1292: Incorrect datetime value: '0000-00-00' for column 'starter_pack_bought_at' at row 1)
2021/02/02 19:19:19 [release] SQL ERROR:C:/Cavalry/server/src/db/db_def.go:659%!(EXTRA *mysql.MySQLError=Error 1292: Incorrect datetime value: '0000-00-00' for column 'starter_pack_bought_at' at row 1)
2021/02/02 19:19:19 [release] SQL ERROR:C:/Cavalry/server/src/db/db_def.go:659%!(EXTRA *mysql.MySQLError=Error 1292: Incorrect datetime value: '0000-00-00' for column 'starter_pack_bought_at' at row 1)
2021/02/02 19:19:19 [release] SQL ERROR:C:/Cavalry/server/src/db/db_def.go:659%!(EXTRA *mysql.MySQLError=Error 1292: Incorrect datetime value: '0000-00-00' for column 'starter_pack_bought_at' at row 1)
2021/02/02 19:19:19 [release] SQL ERROR:C:/Cavalry/server/src/db/db_def.go:659%!(EXTRA *mysql.MySQLError=Error 1292: Incorrect datetime value: '0000-00-00' for column 'starter_pack_bought_at' at row 1)
2021/02/02 19:19:19 [release] SQL ERROR:C:/Cavalry/server/src/db/db_def.go:659%!(EXTRA *mysql.MySQLError=Error 1292: Incorrect datetime value: '0000-00-00' for column 'starter_pack_bought_at' at row 1)
2021/02/02 19:19:19 [release] SQL ERROR:C:/Cavalry/server/src/db/db_def.go:659%!(EXTRA *mysql.MySQLError=Error 1292: Incorrect datetime value: '0000-00-00' for column 'starter_pack_bought_at' at row 1)
2021/02/02 19:19:19 [release] SQL ERROR:C:/Cavalry/server/src/db/db_def.go:659%!(EXTRA *mysql.MySQLError=Error 1292: Incorrect datetime value: '0000-00-00' for column 'starter_pack_bought_at' at row 1)
2021/02/02 19:19:19 [release] SQL ERROR:C:/Cavalry/server/src/db/db_def.go:659%!(EXTRA *mysql.MySQLError=Error 1292: Incorrect datetime value: '0000-00-00' for column 'starter_pack_bought_at' at row 1)
2021/02/02 19:19:19 [release] SQL ERROR:C:/Cavalry/server/src/db/db_def.go:659%!(EXTRA *mysql.MySQLError=Error 1292: Incorrect datetime value: '0000-00-00' for column 'starter_pack_bought_at' at row 1)
2021/02/02 19:19:19 [release] SQL ERROR:C:/Cavalry/server/src/db/db_def.go:659%!(EXTRA *mysql.MySQLError=Error 1292: Incorrect datetime value: '0000-00-00' for column 'starter_pack_bought_at' at row 1)
2021/02/02 19:19:19 [release] SQL ERROR:C:/Cavalry/server/src/db/db_def.go:659%!(EXTRA *mysql.MySQLError=Error 1292: Incorrect datetime value: '0000-00-00' for column 'starter_pack_bought_at1' at row 1)
2021/02/02 19:19:19 [release] SQL ERROR:C:/Cavalry/server/src/db/db_def.go:659%!(EXTRA *mysql.MySQLError=Error 1292: Incorrect datetime value: '0000-00-00' for column 'starter_pack_bought_at' at row 1)
2021/02/02 19:19:19 [release] SQL ERROR:C:/Cavalry/server/src/db/db_def.go:659%!(EXTRA *mysql.MySQLError=Error 1292: Incorrect datetime value: '0000-00-00' for column 'starter_pack_bought_at' at row 1)
2021/02/02 19:19:19 [release] SQL ERROR:C:/Cavalry/server/src/db/db_def.go:659%!(EXTRA *mysql.MySQLError=Error 1292: Incorrect datetime value: '0000-00-00' for column 'starter_pack_bought_at' at row 1)
2021/02/02 19:19:19 [release] SQL ERROR:C:/Cavalry/server/src/db/db_def.go:659%!(EXTRA *mysql.MySQLError=Error 1292: Incorrect datetime value: '0000-00-00' for column 'starter_pack_bought_at' at row 1)
2021/02/02 19:19:19 [release] SQL ERROR:C:/Cavalry/server/src/db/db_def.go:659%!(EXTRA *mysql.MySQLError=Error 1292: Incorrect datetime value: '0000-00-00' for column 'starter_pack_bought_at1' at row 1)
2021/02/02 19:19:19 [release] SQL ERROR:C:/Cavalry/server/src/db/db_def.go:659%!(EXTRA *mysql.MySQLError=Error 1292: Incorrect datetime value: '0000-00-00' for column 'starter_pack_bought_at' at row 1)
2021/02/02 19:19:19 [release] SQL ERROR:C:/Cavalry/server/src/db/db_def.go:659%!(EXTRA *mysql.MySQLError=Error 1292: Incorrect datetime value: '0000-00-00' for column 'starter_pack_bought_at' at row 1)
2021/02/02 19:19:19 [release] SQL ERROR:C:/Cavalry/server/src/db/db_def.go:659%!(EXTRA *mysql.MySQLError=Error 1292: Incorrect datetime value: '0000-00-00' for column 'starter_pack_bought_at' at row 1)
2021/02/02 19:19:19 [release] SQL ERROR:C:/Cavalry/server/src/db/db_def.go:659%!(EXTRA *mysql.MySQLError=Error 1292: Incorrect datetime value: '0000-00-00' for column 'starter_pack_bought_at' at row 1)
2021/02/02 19:19:19 [release] SQL ERROR:C:/Cavalry/server/src/db/db_def.go:659%!(EXTRA *mysql.MySQLError=Error 1292: Incorrect datetime value: '0000-00-00' for column 'starter_pack_bought_at' at row 1)
2021/02/02 19:19:19 [release] SQL ERROR:C:/Cavalry/server/src/db/db_def.go:659%!(EXTRA *mysql.MySQLError=Error 1292: Incorrect datetime value: '0000-00-00' for column 'starter_pack_bought_at' at row 1)
2021/02/02 19:19:19 [release] SQL ERROR:C:/Cavalry/server/src/db/db_def.go:659%!(EXTRA *mysql.MySQLError=Error 1292: Incorrect datetime value: '0000-00-00' for column 'starter_pack_bought_at' at row 1)
2021/02/02 19:19:19 [release] SQL ERROR:C:/Cavalry/server/src/db/db_def.go:659%!(EXTRA *mysql.MySQLError=Error 1292: Incorrect datetime value: '0000-00-00' for column 'starter_pack_bought_at' at row 1)
2021/02/02 19:19:19 [release] SQL ERROR:C:/Cavalry/server/src/db/db_def.go:659%!(EXTRA *mysql.MySQLError=Error 1292: Incorrect datetime value: '0000-00-00' for column 'starter_pack_bought_at' at row 1)
2021/02/02 19:19:19 [release] SQL ERROR:C:/Cavalry/server/src/db/db_def.go:659%!(EXTRA *mysql.MySQLError=Error 1292: Incorrect datetime value: '0000-00-00' for column 'starter_pack_bought_at' at row 1)
2021/02/02 19:19:19 [release] SQL ERROR:C:/Cavalry/server/src/db/db_def.go:659%!(EXTRA *mysql.MySQLError=Error 1292: Incorrect datetime value: '0000-00-00' for column 'starter_pack_bought_at' at row 1)
2021/02/02 19:19:19 [release] SQL ERROR:C:/Cavalry/server/src/db/db_def.go:659%!(EXTRA *mysql.MySQLError=Error 1292: Incorrect datetime value: '0000-00-00' for column 'starter_pack_bought_at' at row 1)
2021/02/02 19:19:19 [release] SQL ERROR:C:/Cavalry/server/src/db/db_def.go:659%!(EXTRA *mysql.MySQLError=Error 1292: Incorrect datetime value: '0000-00-00' for column 'starter_pack_bought_at' at row 1)
2021/02/02 19:19:19 [release] SQL ERROR:C:/Cavalry/server/src/db/db_def.go:659%!(EXTRA *mysql.MySQLError=Error 1292: Incorrect datetime value: '0000-00-00' for column 'starter_pack_bought_at' at row 1)
2021/02/02 19:19:19 [release] SQL ERROR:C:/Cavalry/server/src/db/db_def.go:659%!(EXTRA *mysql.MySQLError=Error 1292: Incorrect datetime value: '0000-00-00' for column 'starter_pack_bought_at' at row 1)
2021/02/02 19:19:19 [release] SQL ERROR:C:/Cavalry/server/src/db/db_def.go:659%!(EXTRA *mysql.MySQLError=Error 1292: Incorrect datetime value: '0000-00-00' for column 'starter_pack_bought_at' at row 1)
2021/02/02 19:19:19 [release] SQL ERROR:C:/Cavalry/server/src/db/db_def.go:659%!(EXTRA *mysql.MySQLError=Error 1292: Incorrect datetime value: '0000-00-00' for column 'starter_pack_bought_at1' at row 1)
2021/02/02 19:19:19 [release] SQL ERROR:C:/Cavalry/server/src/db/db_def.go:659%!(EXTRA *mysql.MySQLError=Error 1292: Incorrect datetime value: '0000-00-00' for column 'starter_pack_bought_at' at row 1)
2021/02/02 19:19:19 [release] SQL ERROR:C:/Cavalry/server/src/db/db_def.go:659%!(EXTRA *mysql.MySQLError=Error 1292: Incorrect datetime value: '0000-00-00' for column 'starter_pack_bought_at' at row 1)
2021/02/02 19:19:19 [release] SQL ERROR:C:/Cavalry/server/src/db/db_def.go:659%!(EXTRA *mysql.MySQLError=Error 1292: Incorrect datetime value: '0000-00-00' for column 'starter_pack_bought_at' at row 1)
2021/02/02 19:19:19 [release] SQL ERROR:C:/Cavalry/server/src/db/db_def.go:659%!(EXTRA *mysql.MySQLError=Error 1292: Incorrect datetime value: '0000-00-00' for column 'starter_pack_bought_at' at row 1)
2021/02/02 19:19:19 [release] SQL ERROR:C:/Cavalry/server/src/db/db_def.go:659%!(EXTRA *mysql.MySQLError=Error 1292: Incorrect datetime value: '0000-00-00' for column 'starter_pack_bought_at2' at row 1)
2021/02/02 19:19:19 [release] SQL ERROR:C:/Cavalry/server/src/db/db_def.go:659%!(EXTRA *mysql.MySQLError=Error 1292: Incorrect datetime value: '0000-00-00' for column 'starter_pack_bought_at' at row 1)
2021/02/02 19:19:19 [release] SQL ERROR:C:/Cavalry/server/src/db/db_def.go:659%!(EXTRA *mysql.MySQLError=Error 1292: Incorrect datetime value: '0000-00-00' for column 'starter_pack_bought_at1' at row 1)
2021/02/02 19:19:19 [release] SQL ERROR:C:/Cavalry/server/src/db/db_def.go:659%!(EXTRA *mysql.MySQLError=Error 1292: Incorrect datetime value: '0000-00-00' for column 'starter_pack_bought_at' at row 1)
2021/02/02 19:19:19 [release] SQL ERROR:C:/Cavalry/server/src/db/db_def.go:659%!(EXTRA *mysql.MySQLError=Error 1292: Incorrect datetime value: '0000-00-00' for column 'starter_pack_bought_at' at row 1)
2021/02/02 19:19:19 [release] SQL ERROR:C:/Cavalry/server/src/db/db_def.go:659%!(EXTRA *mysql.MySQLError=Error 1292: Incorrect datetime value: '0000-00-00' for column 'starter_pack_bought_at' at row 1)
2021/02/02 19:19:19 [release] SQL ERROR:C:/Cavalry/server/src/db/db_def.go:659%!(EXTRA *mysql.MySQLError=Error 1292: Incorrect datetime value: '0000-00-00' for column 'starter_pack_bought_at' at row 1)
2021/02/02 19:19:19 [release] SQL ERROR:C:/Cavalry/server/src/db/db_def.go:659%!(EXTRA *mysql.MySQLError=Error 1292: Incorrect datetime value: '0000-00-00' for column 'starter_pack_bought_at' at row 1)
2021/02/02 19:19:19 [release] SQL ERROR:C:/Cavalry/server/src/db/db_def.go:659%!(EXTRA *mysql.MySQLError=Error 1292: Incorrect datetime value: '0000-00-00' for column 'starter_pack_bought_at' at row 1)
2021/02/02 19:19:19 [release] SQL ERROR:C:/Cavalry/server/src/db/db_def.go:659%!(EXTRA *mysql.MySQLError=Error 1292: Incorrect datetime value: '0000-00-00' for column 'starter_pack_bought_at' at row 1)
2021/02/02 19:19:19 [release] SQL ERROR:C:/Cavalry/server/src/db/db_def.go:659%!(EXTRA *mysql.MySQLError=Error 1292: Incorrect datetime value: '0000-00-00' for column 'starter_pack_bought_at' at row 1)
2021/02/02 19:19:19 [release] SQL ERROR:C:/Cavalry/server/src/db/db_def.go:659%!(EXTRA *mysql.MySQLError=Error 1292: Incorrect datetime value: '0000-00-00' for column 'starter_pack_bought_at' at row 1)
2021/02/02 19:19:19 [release] SQL ERROR:C:/Cavalry/server/src/db/db_def.go:659%!(EXTRA *mysql.MySQLError=Error 1292: Incorrect datetime value: '0000-00-00' for column 'starter_pack_bought_at1' at row 1)
2021/02/02 19:19:19 [release] SQL ERROR:C:/Cavalry/server/src/db/db_def.go:659%!(EXTRA *mysql.MySQLError=Error 1292: Incorrect datetime value: '0000-00-00' for column 'starter_pack_bought_at' at row 1)
2021/02/02 19:19:19 [release] SQL ERROR:C:/Cavalry/server/src/db/db_def.go:659%!(EXTRA *mysql.MySQLError=Error 1292: Incorrect datetime value: '0000-00-00' for column 'starter_pack_bought_at' at row 1)
2021/02/02 19:19:19 [release] SQL ERROR:C:/Cavalry/server/src/db/db_def.go:659%!(EXTRA *mysql.MySQLError=Error 1292: Incorrect datetime value: '0000-00-00' for column 'starter_pack_bought_at' at row 1)
2021/02/02 19:19:19 [release] SQL ERROR:C:/Cavalry/server/src/db/db_def.go:659%!(EXTRA *mysql.MySQLError=Error 1292: Incorrect datetime value: '0000-00-00' for column 'starter_pack_bought_at' at row 1)
2021/02/02 19:19:19 [release] SQL ERROR:C:/Cavalry/server/src/db/db_def.go:659%!(EXTRA *mysql.MySQLError=Error 1292: Incorrect datetime value: '0000-00-00' for column 'starter_pack_bought_at' at row 1)
2021/02/02 19:19:19 [release] SQL ERROR:C:/Cavalry/server/src/db/db_def.go:659%!(EXTRA *mysql.MySQLError=Error 1292: Incorrect datetime value: '0000-00-00' for column 'starter_pack_bought_at' at row 1)
2021/02/02 19:19:19 [release] SQL ERROR:C:/Cavalry/server/src/db/db_def.go:659%!(EXTRA *mysql.MySQLError=Error 1292: Incorrect datetime value: '0000-00-00' for column 'starter_pack_bought_at' at row 1)
2021/02/02 19:19:19 [release] SQL ERROR:C:/Cavalry/server/src/db/db_def.go:659%!(EXTRA *mysql.MySQLError=Error 1292: Incorrect datetime value: '0000-00-00' for column 'starter_pack_bought_at' at row 1)
2021/02/02 19:19:19 [release] SQL ERROR:C:/Cavalry/server/src/db/db_def.go:659%!(EXTRA *mysql.MySQLError=Error 1292: Incorrect datetime value: '0000-00-00' for column 'starter_pack_bought_at2' at row 1)
2021/02/02 19:19:19 [release] SQL ERROR:C:/Cavalry/server/src/db/db_def.go:659%!(EXTRA *mysql.MySQLError=Error 1292: Incorrect datetime value: '0000-00-00' for column 'starter_pack_bought_at' at row 1)
2021/02/02 19:19:19 [release] SQL ERROR:C:/Cavalry/server/src/db/db_def.go:659%!(EXTRA *mysql.MySQLError=Error 1292: Incorrect datetime value: '0000-00-00' for column 'starter_pack_bought_at' at row 1)
2021/02/02 19:19:19 [release] SQL ERROR:C:/Cavalry/server/src/db/db_def.go:659%!(EXTRA *mysql.MySQLError=Error 1292: Incorrect datetime value: '0000-00-00' for column 'starter_pack_bought_at' at row 1)
2021/02/02 19:19:19 [release] SQL ERROR:C:/Cavalry/server/src/db/db_def.go:659%!(EXTRA *mysql.MySQLError=Error 1292: Incorrect datetime value: '0000-00-00' for column 'starter_pack_bought_at' at row 1)
2021/02/02 19:19:19 [release] SQL ERROR:C:/Cavalry/server/src/db/db_def.go:659%!(EXTRA *mysql.MySQLError=Error 1292: Incorrect datetime value: '0000-00-00' for column 'starter_pack_bought_at' at row 1)
2021/02/02 19:19:19 [release] SQL ERROR:C:/Cavalry/server/src/db/db_def.go:659%!(EXTRA *mysql.MySQLError=Error 1292: Incorrect datetime value: '0000-00-00' for column 'starter_pack_bought_at' at row 1)
2021/02/02 19:19:19 [release] SQL ERROR:C:/Cavalry/server/src/db/db_def.go:659%!(EXTRA *mysql.MySQLError=Error 1292: Incorrect datetime value: '0000-00-00' for column 'starter_pack_bought_at' at row 1)
2021/02/02 19:19:19 [release] SQL ERROR:C:/Cavalry/server/src/db/db_def.go:659%!(EXTRA *mysql.MySQLError=Error 1292: Incorrect datetime value: '0000-00-00' for column 'starter_pack_bought_at' at row 1)
2021/02/02 19:19:19 [release] SQL ERROR:C:/Cavalry/server/src/db/db_def.go:659%!(EXTRA *mysql.MySQLError=Error 1292: Incorrect datetime value: '0000-00-00' for column 'starter_pack_bought_at' at row 1)
2021/02/02 19:19:19 [release] SQL ERROR:C:/Cavalry/server/src/db/db_def.go:659%!(EXTRA *mysql.MySQLError=Error 1292: Incorrect datetime value: '0000-00-00' for column 'starter_pack_bought_at' at row 1)
2021/02/02 19:19:19 [release] SQL ERROR:C:/Cavalry/server/src/db/db_def.go:659%!(EXTRA *mysql.MySQLError=Error 1292: Incorrect datetime value: '0000-00-00' for column 'starter_pack_bought_at' at row 1)
2021/02/02 19:19:19 [release] SQL ERROR:C:/Cavalry/server/src/db/db_def.go:659%!(EXTRA *mysql.MySQLError=Error 1292: Incorrect datetime value: '0000-00-00' for column 'starter_pack_bought_at' at row 1)
2021/02/02 19:19:19 [release] SQL ERROR:C:/Cavalry/server/src/db/db_def.go:659%!(EXTRA *mysql.MySQLError=Error 1292: Incorrect datetime value: '0000-00-00' for column 'starter_pack_bought_at' at row 1)
2021/02/02 19:19:19 [release] SQL ERROR:C:/Cavalry/server/src/db/db_def.go:659%!(EXTRA *mysql.MySQLError=Error 1292: Incorrect datetime value: '0000-00-00' for column 'starter_pack_bought_at' at row 1)
2021/02/02 19:19:19 [release] SQL ERROR:C:/Cavalry/server/src/db/db_def.go:659%!(EXTRA *mysql.MySQLError=Error 1292: Incorrect datetime value: '0000-00-00' for column 'starter_pack_bought_at' at row 1)
2021/02/02 19:19:19 [release] SQL ERROR:C:/Cavalry/server/src/db/db_def.go:659%!(EXTRA *mysql.MySQLError=Error 1292: Incorrect datetime value: '0000-00-00' for column 'starter_pack_bought_at' at row 1)
2021/02/02 19:19:19 [release] SQL ERROR:C:/Cavalry/server/src/db/db_def.go:659%!(EXTRA *mysql.MySQLError=Error 1292: Incorrect datetime value: '0000-00-00' for column 'starter_pack_bought_at' at row 1)
2021/02/02 19:19:19 [release] SQL ERROR:C:/Cavalry/server/src/db/db_def.go:659%!(EXTRA *mysql.MySQLError=Error 1292: Incorrect datetime value: '0000-00-00' for column 'starter_pack_bought_at' at row 1)
2021/02/02 19:19:19 [release] SQL ERROR:C:/Cavalry/server/src/db/db_def.go:659%!(EXTRA *mysql.MySQLError=Error 1292: Incorrect datetime value: '0000-00-00' for column 'starter_pack_bought_at' at row 1)
2021/02/02 19:19:19 [release] SQL ERROR:C:/Cavalry/server/src/db/db_def.go:659%!(EXTRA *mysql.MySQLError=Error 1292: Incorrect datetime value: '0000-00-00' for column 'starter_pack_bought_at' at row 1)
2021/02/02 19:19:19 [release] SQL ERROR:C:/Cavalry/server/src/db/db_def.go:659%!(EXTRA *mysql.MySQLError=Error 1292: Incorrect datetime value: '0000-00-00' for column 'starter_pack_bought_at' at row 1)
2021/02/02 19:19:19 [release] SQL ERROR:C:/Cavalry/server/src/db/db_def.go:659%!(EXTRA *mysql.MySQLError=Error 1292: Incorrect datetime value: '0000-00-00' for column 'starter_pack_bought_at' at row 1)
2021/02/02 19:19:19 [release] SQL ERROR:C:/Cavalry/server/src/db/db_def.go:659%!(EXTRA *mysql.MySQLError=Error 1292: Incorrect datetime value: '0000-00-00' for column 'starter_pack_bought_at' at row 1)
2021/02/02 19:19:19 [release] SQL ERROR:C:/Cavalry/server/src/db/db_def.go:659%!(EXTRA *mysql.MySQLError=Error 1292: Incorrect datetime value: '0000-00-00' for column 'starter_pack_bought_at' at row 1)
2021/02/02 19:19:19 [release] SQL ERROR:C:/Cavalry/server/src/db/db_def.go:659%!(EXTRA *mysql.MySQLError=Error 1292: Incorrect datetime value: '0000-00-00' for column 'starter_pack_bought_at' at row 1)
2021/02/02 19:19:19 [release] SQL ERROR:C:/Cavalry/server/src/db/db_def.go:659%!(EXTRA *mysql.MySQLError=Error 1292: Incorrect datetime value: '0000-00-00' for column 'starter_pack_bought_at' at row 1)
2021/02/02 19:19:19 [release] SQL ERROR:C:/Cavalry/server/src/db/db_def.go:659%!(EXTRA *mysql.MySQLError=Error 1292: Incorrect datetime value: '0000-00-00' for column 'starter_pack_bought_at' at row 1)
2021/02/02 19:19:19 [release] SQL ERROR:C:/Cavalry/server/src/db/db_def.go:659%!(EXTRA *mysql.MySQLError=Error 1292: Incorrect datetime value: '0000-00-00' for column 'starter_pack_bought_at' at row 1)
2021/02/02 19:19:19 [release] SQL ERROR:C:/Cavalry/server/src/db/db_def.go:659%!(EXTRA *mysql.MySQLError=Error 1292: Incorrect datetime value: '0000-00-00' for column 'starter_pack_bought_at' at row 1)
2021/02/02 19:19:19 [release] SQL ERROR:C:/Cavalry/server/src/db/db_def.go:659%!(EXTRA *mysql.MySQLError=Error 1292: Incorrect datetime value: '0000-00-00' for column 'starter_pack_bought_at' at row 1)
2021/02/02 19:19:19 [release] SQL ERROR:C:/Cavalry/server/src/db/db_def.go:659%!(EXTRA *mysql.MySQLError=Error 1292: Incorrect datetime value: '0000-00-00' for column 'starter_pack_bought_at' at row 1)
2021/02/02 19:19:19 [release] SQL ERROR:C:/Cavalry/server/src/db/db_def.go:659%!(EXTRA *mysql.MySQLError=Error 1292: Incorrect datetime value: '0000-00-00' for column 'starter_pack_bought_at' at row 1)
2021/02/02 19:19:19 [release] SQL ERROR:C:/Cavalry/server/src/db/db_def.go:659%!(EXTRA *mysql.MySQLError=Error 1292: Incorrect datetime value: '0000-00-00' for column 'starter_pack_bought_at' at row 1)
2021/02/02 19:19:19 [release] SQL ERROR:C:/Cavalry/server/src/db/db_def.go:659%!(EXTRA *mysql.MySQLError=Error 1292: Incorrect datetime value: '0000-00-00' for column 'starter_pack_bought_at' at row 1)
2021/02/02 19:19:19 [release] SQL ERROR:C:/Cavalry/server/src/db/db_def.go:659%!(EXTRA *mysql.MySQLError=Error 1292: Incorrect datetime value: '0000-00-00' for column 'starter_pack_bought_at' at row 1)
2021/02/02 19:19:19 [release] SQL ERROR:C:/Cavalry/server/src/db/db_def.go:659%!(EXTRA *mysql.MySQLError=Error 1292: Incorrect datetime value: '0000-00-00' for column 'starter_pack_bought_at' at row 1)
2021/02/02 19:19:19 [release] SQL ERROR:C:/Cavalry/server/src/db/db_def.go:659%!(EXTRA *mysql.MySQLError=Error 1292: Incorrect datetime value: '0000-00-00' for column 'starter_pack_bought_at' at row 1)
2021/02/02 19:19:19 [release] SQL ERROR:C:/Cavalry/server/src/db/db_def.go:659%!(EXTRA *mysql.MySQLError=Error 1292: Incorrect datetime value: '0000-00-00' for column 'starter_pack_bought_at' at row 1)
2021/02/02 19:19:19 [release] SQL ERROR:C:/Cavalry/server/src/db/db_def.go:659%!(EXTRA *mysql.MySQLError=Error 1292: Incorrect datetime value: '0000-00-00' for column 'starter_pack_bought_at' at row 1)
2021/02/02 19:19:19 [release] SQL ERROR:C:/Cavalry/server/src/db/db_def.go:659%!(EXTRA *mysql.MySQLError=Error 1292: Incorrect datetime value: '0000-00-00' for column 'starter_pack_bought_at' at row 1)
2021/02/02 19:19:19 [release] SQL ERROR:C:/Cavalry/server/src/db/db_def.go:659%!(EXTRA *mysql.MySQLError=Error 1292: Incorrect datetime value: '0000-00-00' for column 'starter_pack_bought_at' at row 1)
2021/02/02 19:19:19 [release] SQL ERROR:C:/Cavalry/server/src/db/db_def.go:659%!(EXTRA *mysql.MySQLError=Error 1292: Incorrect datetime value: '0000-00-00' for column 'starter_pack_bought_at' at row 1)
2021/02/02 19:19:19 [release] SQL ERROR:C:/Cavalry/server/src/db/db_def.go:659%!(EXTRA *mysql.MySQLError=Error 1292: Incorrect datetime value: '0000-00-00' for column 'starter_pack_bought_at' at row 1)
2021/02/02 19:19:19 [release] SQL ERROR:C:/Cavalry/server/src/db/db_def.go:659%!(EXTRA *mysql.MySQLError=Error 1292: Incorrect datetime value: '0000-00-00' for column 'starter_pack_bought_at' at row 1)
2021/02/02 19:19:19 [release] SQL ERROR:C:/Cavalry/server/src/db/db_def.go:659%!(EXTRA *mysql.MySQLError=Error 1292: Incorrect datetime value: '0000-00-00' for column 'starter_pack_bought_at' at row 1)
2021/02/02 19:19:19 [release] SQL ERROR:C:/Cavalry/server/src/db/db_def.go:659%!(EXTRA *mysql.MySQLError=Error 1292: Incorrect datetime value: '0000-00-00' for column 'starter_pack_bought_at' at row 1)
2021/02/02 19:19:19 [release] SQL ERROR:C:/Cavalry/server/src/db/db_def.go:659%!(EXTRA *mysql.MySQLError=Error 1292: Incorrect datetime value: '0000-00-00' for column 'starter_pack_bought_at' at row 1)
2021/02/02 19:19:19 [release] SQL ERROR:C:/Cavalry/server/src/db/db_def.go:659%!(EXTRA *mysql.MySQLError=Error 1292: Incorrect datetime value: '0000-00-00' for column 'starter_pack_bought_at' at row 1)
2021/02/02 19:19:19 [release] SQL ERROR:C:/Cavalry/server/src/db/db_def.go:659%!(EXTRA *mysql.MySQLError=Error 1292: Incorrect datetime value: '0000-00-00' for column 'starter_pack_bought_at' at row 1)
2021/02/02 19:19:19 [release] SQL ERROR:C:/Cavalry/server/src/db/db_def.go:659%!(EXTRA *mysql.MySQLError=Error 1292: Incorrect datetime value: '0000-00-00' for column 'starter_pack_bought_at' at row 1)
2021/02/02 19:19:19 [release] SQL ERROR:C:/Cavalry/server/src/db/db_def.go:659%!(EXTRA *mysql.MySQLError=Error 1292: Incorrect datetime value: '0000-00-00' for column 'starter_pack_bought_at' at row 1)
2021/02/02 19:19:19 [release] SQL ERROR:C:/Cavalry/server/src/db/db_def.go:659%!(EXTRA *mysql.MySQLError=Error 1292: Incorrect datetime value: '0000-00-00' for column 'starter_pack_bought_at' at row 1)
2021/02/02 19:19:19 [release] SQL ERROR:C:/Cavalry/server/src/db/db_def.go:659%!(EXTRA *mysql.MySQLError=Error 1292: Incorrect datetime value: '0000-00-00' for column 'starter_pack_bought_at' at row 1)
2021/02/02 19:19:19 [release] SQL ERROR:C:/Cavalry/server/src/db/db_def.go:659%!(EXTRA *mysql.MySQLError=Error 1292: Incorrect datetime value: '0000-00-00' for column 'starter_pack_bought_at' at row 1)
2021/02/02 19:19:19 [release] SQL ERROR:C:/Cavalry/server/src/db/db_def.go:659%!(EXTRA *mysql.MySQLError=Error 1292: Incorrect datetime value: '0000-00-00' for column 'starter_pack_bought_at' at row 1)
2021/02/02 19:19:19 [release] SQL ERROR:C:/Cavalry/server/src/db/db_def.go:659%!(EXTRA *mysql.MySQLError=Error 1292: Incorrect datetime value: '0000-00-00' for column 'starter_pack_bought_at' at row 1)
2021/02/02 19:19:19 [release] SQL ERROR:C:/Cavalry/server/src/db/db_def.go:659%!(EXTRA *mysql.MySQLError=Error 1292: Incorrect datetime value: '0000-00-00' for column 'starter_pack_bought_at' at row 1)
2021/02/02 19:19:19 [release] SQL ERROR:C:/Cavalry/server/src/db/db_def.go:659%!(EXTRA *mysql.MySQLError=Error 1292: Incorrect datetime value: '0000-00-00' for column 'starter_pack_bought_at' at row 1)
2021/02/02 19:19:19 [release] SQL ERROR:C:/Cavalry/server/src/db/db_def.go:659%!(EXTRA *mysql.MySQLError=Error 1292: Incorrect datetime value: '0000-00-00' for column 'starter_pack_bought_at' at row 1)
2021/02/02 19:19:19 [release] SQL ERROR:C:/Cavalry/server/src/db/db_def.go:659%!(EXTRA *mysql.MySQLError=Error 1292: Incorrect datetime value: '0000-00-00' for column 'starter_pack_bought_at' at row 1)
2021/02/02 19:19:19 [release] SQL ERROR:C:/Cavalry/server/src/db/db_def.go:659%!(EXTRA *mysql.MySQLError=Error 1292: Incorrect datetime value: '0000-00-00' for column 'starter_pack_bought_at' at row 1)
2021/02/02 19:19:19 [release] SQL ERROR:C:/Cavalry/server/src/db/db_def.go:659%!(EXTRA *mysql.MySQLError=Error 1292: Incorrect datetime value: '0000-00-00' for column 'starter_pack_bought_at' at row 1)
2021/02/02 19:19:19 [release] SQL ERROR:C:/Cavalry/server/src/db/db_def.go:659%!(EXTRA *mysql.MySQLError=Error 1292: Incorrect datetime value: '0000-00-00' for column 'starter_pack_bought_at' at row 1)
2021/02/02 19:19:19 [release] SQL ERROR:C:/Cavalry/server/src/db/db_def.go:659%!(EXTRA *mysql.MySQLError=Error 1292: Incorrect datetime value: '0000-00-00' for column 'starter_pack_bought_at' at row 1)
2021/02/02 19:19:19 [release] SQL ERROR:C:/Cavalry/server/src/db/db_def.go:659%!(EXTRA *mysql.MySQLError=Error 1292: Incorrect datetime value: '0000-00-00' for column 'starter_pack_bought_at' at row 1)
2021/02/02 19:19:19 [release] SQL ERROR:C:/Cavalry/server/src/db/db_def.go:659%!(EXTRA *mysql.MySQLError=Error 1292: Incorrect datetime value: '0000-00-00' for column 'starter_pack_bought_at' at row 1)
2021/02/02 19:19:19 [release] SQL ERROR:C:/Cavalry/server/src/db/db_def.go:659%!(EXTRA *mysql.MySQLError=Error 1292: Incorrect datetime value: '0000-00-00' for column 'starter_pack_bought_at' at row 1)
2021/02/02 19:19:19 [release] SQL ERROR:C:/Cavalry/server/src/db/db_def.go:659%!(EXTRA *mysql.MySQLError=Error 1292: Incorrect datetime value: '0000-00-00' for column 'starter_pack_bought_at' at row 1)
2021/02/02 19:19:19 [release] SQL ERROR:C:/Cavalry/server/src/db/db_def.go:659%!(EXTRA *mysql.MySQLError=Error 1292: Incorrect datetime value: '0000-00-00' for column 'starter_pack_bought_at1' at row 1)
2021/02/02 19:19:19 [release] SQL ERROR:C:/Cavalry/server/src/db/db_def.go:659%!(EXTRA *mysql.MySQLError=Error 1292: Incorrect datetime value: '0000-00-00' for column 'starter_pack_bought_at' at row 1)
2021/02/02 19:19:19 [release] SQL ERROR:C:/Cavalry/server/src/db/db_def.go:659%!(EXTRA *mysql.MySQLError=Error 1292: Incorrect datetime value: '0000-00-00' for column 'starter_pack_bought_at' at row 1)
2021/02/02 19:19:19 [release] SQL ERROR:C:/Cavalry/server/src/db/db_def.go:659%!(EXTRA *mysql.MySQLError=Error 1292: Incorrect datetime value: '0000-00-00' for column 'starter_pack_bought_at' at row 1)
2021/02/02 19:19:19 [release] SQL ERROR:C:/Cavalry/server/src/db/db_def.go:659%!(EXTRA *mysql.MySQLError=Error 1292: Incorrect datetime value: '0000-00-00' for column 'starter_pack_bought_at' at row 1)
2021/02/02 19:19:19 [release] SQL ERROR:C:/Cavalry/server/src/db/db_def.go:659%!(EXTRA *mysql.MySQLError=Error 1292: Incorrect datetime value: '0000-00-00' for column 'starter_pack_bought_at1' at row 1)
2021/02/02 19:19:19 [release] SQL ERROR:C:/Cavalry/server/src/db/db_def.go:659%!(EXTRA *mysql.MySQLError=Error 1292: Incorrect datetime value: '0000-00-00' for column 'starter_pack_bought_at' at row 1)
2021/02/02 19:19:19 [release] SQL ERROR:C:/Cavalry/server/src/db/db_def.go:659%!(EXTRA *mysql.MySQLError=Error 1292: Incorrect datetime value: '0000-00-00' for column 'starter_pack_bought_at' at row 1)
2021/02/02 19:19:19 [release] SQL ERROR:C:/Cavalry/server/src/db/db_def.go:659%!(EXTRA *mysql.MySQLError=Error 1292: Incorrect datetime value: '0000-00-00' for column 'starter_pack_bought_at' at row 1)
2021/02/02 19:19:19 [release] SQL ERROR:C:/Cavalry/server/src/db/db_def.go:659%!(EXTRA *mysql.MySQLError=Error 1292: Incorrect datetime value: '0000-00-00' for column 'starter_pack_bought_at' at row 1)
2021/02/02 19:19:19 [release] SQL ERROR:C:/Cavalry/server/src/db/db_def.go:659%!(EXTRA *mysql.MySQLError=Error 1292: Incorrect datetime value: '0000-00-00' for column 'starter_pack_bought_at' at row 1)
2021/02/02 19:19:19 [release] SQL ERROR:C:/Cavalry/server/src/db/db_def.go:659%!(EXTRA *mysql.MySQLError=Error 1292: Incorrect datetime value: '0000-00-00' for column 'starter_pack_bought_at' at row 1)
2021/02/02 19:19:19 [release] SQL ERROR:C:/Cavalry/server/src/db/db_def.go:659%!(EXTRA *mysql.MySQLError=Error 1292: Incorrect datetime value: '0000-00-00' for column 'starter_pack_bought_at' at row 1)
2021/02/02 19:19:19 [release] SQL ERROR:C:/Cavalry/server/src/db/db_def.go:659%!(EXTRA *mysql.MySQLError=Error 1292: Incorrect datetime value: '0000-00-00' for column 'starter_pack_bought_at' at row 1)
2021/02/02 19:19:19 [release] SQL ERROR:C:/Cavalry/server/src/db/db_def.go:659%!(EXTRA *mysql.MySQLError=Error 1292: Incorrect datetime value: '0000-00-00' for column 'starter_pack_bought_at' at row 1)
2021/02/02 19:19:19 [release] SQL ERROR:C:/Cavalry/server/src/db/db_def.go:659%!(EXTRA *mysql.MySQLError=Error 1292: Incorrect datetime value: '0000-00-00' for column 'starter_pack_bought_at' at row 1)
2021/02/02 19:19:19 [release] SQL ERROR:C:/Cavalry/server/src/db/db_def.go:659%!(EXTRA *mysql.MySQLError=Error 1292: Incorrect datetime value: '0000-00-00' for column 'starter_pack_bought_at' at row 1)
2021/02/02 19:19:19 [release] SQL ERROR:C:/Cavalry/server/src/db/db_def.go:659%!(EXTRA *mysql.MySQLError=Error 1292: Incorrect datetime value: '0000-00-00' for column 'starter_pack_bought_at' at row 1)
2021/02/02 19:19:19 [release] SQL ERROR:C:/Cavalry/server/src/db/db_def.go:659%!(EXTRA *mysql.MySQLError=Error 1292: Incorrect datetime value: '0000-00-00' for column 'starter_pack_bought_at' at row 1)
2021/02/02 19:19:19 [release] SQL ERROR:C:/Cavalry/server/src/db/db_def.go:659%!(EXTRA *mysql.MySQLError=Error 1292: Incorrect datetime value: '0000-00-00' for column 'starter_pack_bought_at' at row 1)
2021/02/02 19:19:19 [release] SQL ERROR:C:/Cavalry/server/src/db/db_def.go:659%!(EXTRA *mysql.MySQLError=Error 1292: Incorrect datetime value: '0000-00-00' for column 'starter_pack_bought_at' at row 1)
2021/02/02 19:19:19 [release] SQL ERROR:C:/Cavalry/server/src/db/db_def.go:659%!(EXTRA *mysql.MySQLError=Error 1292: Incorrect datetime value: '0000-00-00' for column 'starter_pack_bought_at' at row 1)
2021/02/02 19:19:19 [release] SQL ERROR:C:/Cavalry/server/src/db/db_def.go:659%!(EXTRA *mysql.MySQLError=Error 1292: Incorrect datetime value: '0000-00-00' for column 'starter_pack_bought_at' at row 1)
2021/02/02 19:19:19 [release] SQL ERROR:C:/Cavalry/server/src/db/db_def.go:659%!(EXTRA *mysql.MySQLError=Error 1292: Incorrect datetime value: '0000-00-00' for column 'starter_pack_bought_at' at row 1)
2021/02/02 19:19:19 [release] SQL ERROR:C:/Cavalry/server/src/db/db_def.go:659%!(EXTRA *mysql.MySQLError=Error 1292: Incorrect datetime value: '0000-00-00' for column 'starter_pack_bought_at' at row 1)
2021/02/02 19:19:19 [release] SQL ERROR:C:/Cavalry/server/src/db/db_def.go:659%!(EXTRA *mysql.MySQLError=Error 1292: Incorrect datetime value: '0000-00-00' for column 'starter_pack_bought_at1' at row 1)
2021/02/02 19:19:19 [release] SQL ERROR:C:/Cavalry/server/src/db/db_def.go:659%!(EXTRA *mysql.MySQLError=Error 1292: Incorrect datetime value: '0000-00-00' for column 'starter_pack_bought_at' at row 1)
2021/02/02 19:19:19 [release] SQL ERROR:C:/Cavalry/server/src/db/db_def.go:659%!(EXTRA *mysql.MySQLError=Error 1292: Incorrect datetime value: '0000-00-00' for column 'starter_pack_bought_at' at row 1)
2021/02/02 19:19:19 [release] SQL ERROR:C:/Cavalry/server/src/db/db_def.go:659%!(EXTRA *mysql.MySQLError=Error 1292: Incorrect datetime value: '0000-00-00' for column 'starter_pack_bought_at' at row 1)
2021/02/02 19:19:19 [release] SQL ERROR:C:/Cavalry/server/src/db/db_def.go:659%!(EXTRA *mysql.MySQLError=Error 1292: Incorrect datetime value: '0000-00-00' for column 'starter_pack_bought_at' at row 1)
2021/02/02 19:19:19 [release] SQL ERROR:C:/Cavalry/server/src/db/db_def.go:659%!(EXTRA *mysql.MySQLError=Error 1292: Incorrect datetime value: '0000-00-00' for column 'starter_pack_bought_at' at row 1)
2021/02/02 19:19:19 [release] SQL ERROR:C:/Cavalry/server/src/db/db_def.go:659%!(EXTRA *mysql.MySQLError=Error 1292: Incorrect datetime value: '0000-00-00' for column 'starter_pack_bought_at' at row 1)
2021/02/02 19:19:19 [release] SQL ERROR:C:/Cavalry/server/src/db/db_def.go:659%!(EXTRA *mysql.MySQLError=Error 1292: Incorrect datetime value: '0000-00-00' for column 'starter_pack_bought_at' at row 1)
2021/02/02 19:19:19 [release] SQL ERROR:C:/Cavalry/server/src/db/db_def.go:659%!(EXTRA *mysql.MySQLError=Error 1292: Incorrect datetime value: '0000-00-00' for column 'starter_pack_bought_at' at row 1)
2021/02/02 19:19:19 [release] SQL ERROR:C:/Cavalry/server/src/db/db_def.go:659%!(EXTRA *mysql.MySQLError=Error 1292: Incorrect datetime value: '0000-00-00' for column 'starter_pack_bought_at' at row 1)
2021/02/02 19:19:19 [release] SQL ERROR:C:/Cavalry/server/src/db/db_def.go:659%!(EXTRA *mysql.MySQLError=Error 1292: Incorrect datetime value: '0000-00-00' for column 'starter_pack_bought_at' at row 1)
2021/02/02 19:19:19 [release] SQL ERROR:C:/Cavalry/server/src/db/db_def.go:659%!(EXTRA *mysql.MySQLError=Error 1292: Incorrect datetime value: '0000-00-00' for column 'starter_pack_bought_at' at row 1)
2021/02/02 19:19:19 [release] SQL ERROR:C:/Cavalry/server/src/db/db_def.go:659%!(EXTRA *mysql.MySQLError=Error 1292: Incorrect datetime value: '0000-00-00' for column 'starter_pack_bought_at' at row 1)
2021/02/02 19:19:19 [release] SQL ERROR:C:/Cavalry/server/src/db/db_def.go:659%!(EXTRA *mysql.MySQLError=Error 1292: Incorrect datetime value: '0000-00-00' for column 'starter_pack_bought_at' at row 1)
2021/02/02 19:19:19 [release] SQL ERROR:C:/Cavalry/server/src/db/db_def.go:659%!(EXTRA *mysql.MySQLError=Error 1292: Incorrect datetime value: '0000-00-00' for column 'starter_pack_bought_at' at row 1)
2021/02/02 19:19:19 [release] SQL ERROR:C:/Cavalry/server/src/db/db_def.go:659%!(EXTRA *mysql.MySQLError=Error 1292: Incorrect datetime value: '0000-00-00' for column 'starter_pack_bought_at' at row 1)
2021/02/02 19:19:19 [release] SQL ERROR:C:/Cavalry/server/src/db/db_def.go:659%!(EXTRA *mysql.MySQLError=Error 1292: Incorrect datetime value: '0000-00-00' for column 'starter_pack_bought_at' at row 1)
2021/02/02 19:19:19 [release] SQL ERROR:C:/Cavalry/server/src/db/db_def.go:659%!(EXTRA *mysql.MySQLError=Error 1292: Incorrect datetime value: '0000-00-00' for column 'starter_pack_bought_at' at row 1)
2021/02/02 19:19:19 [release] SQL ERROR:C:/Cavalry/server/src/db/db_def.go:659%!(EXTRA *mysql.MySQLError=Error 1292: Incorrect datetime value: '0000-00-00' for column 'starter_pack_bought_at' at row 1)
2021/02/02 19:19:19 [release] SQL ERROR:C:/Cavalry/server/src/db/db_def.go:659%!(EXTRA *mysql.MySQLError=Error 1292: Incorrect datetime value: '0000-00-00' for column 'starter_pack_bought_at' at row 1)
2021/02/02 19:19:19 [release] SQL ERROR:C:/Cavalry/server/src/db/db_def.go:659%!(EXTRA *mysql.MySQLError=Error 1292: Incorrect datetime value: '0000-00-00' for column 'starter_pack_bought_at' at row 1)
2021/02/02 19:19:19 [release] SQL ERROR:C:/Cavalry/server/src/db/db_def.go:659%!(EXTRA *mysql.MySQLError=Error 1292: Incorrect datetime value: '0000-00-00' for column 'starter_pack_bought_at' at row 1)
2021/02/02 19:19:19 [release] SQL ERROR:C:/Cavalry/server/src/db/db_def.go:659%!(EXTRA *mysql.MySQLError=Error 1292: Incorrect datetime value: '0000-00-00' for column 'starter_pack_bought_at' at row 1)
2021/02/02 19:19:19 [release] SQL ERROR:C:/Cavalry/server/src/db/db_def.go:659%!(EXTRA *mysql.MySQLError=Error 1292: Incorrect datetime value: '0000-00-00' for column 'starter_pack_bought_at' at row 1)
2021/02/02 19:19:19 [release] SQL ERROR:C:/Cavalry/server/src/db/db_def.go:659%!(EXTRA *mysql.MySQLError=Error 1292: Incorrect datetime value: '0000-00-00' for column 'starter_pack_bought_at' at row 1)
2021/02/02 19:19:19 [release] SQL ERROR:C:/Cavalry/server/src/db/db_def.go:659%!(EXTRA *mysql.MySQLError=Error 1292: Incorrect datetime value: '0000-00-00' for column 'starter_pack_bought_at' at row 1)
2021/02/02 19:19:19 [release] SQL ERROR:C:/Cavalry/server/src/db/db_def.go:659%!(EXTRA *mysql.MySQLError=Error 1292: Incorrect datetime value: '0000-00-00' for column 'starter_pack_bought_at' at row 1)
2021/02/02 19:19:19 [release] SQL ERROR:C:/Cavalry/server/src/db/db_def.go:659%!(EXTRA *mysql.MySQLError=Error 1292: Incorrect datetime value: '0000-00-00' for column 'starter_pack_bought_at' at row 1)
2021/02/02 19:19:19 [release] SQL ERROR:C:/Cavalry/server/src/db/db_def.go:659%!(EXTRA *mysql.MySQLError=Error 1292: Incorrect datetime value: '0000-00-00' for column 'starter_pack_bought_at' at row 1)
2021/02/02 19:19:19 [release] SQL ERROR:C:/Cavalry/server/src/db/db_def.go:659%!(EXTRA *mysql.MySQLError=Error 1292: Incorrect datetime value: '0000-00-00' for column 'starter_pack_bought_at' at row 1)
2021/02/02 19:19:19 [release] SQL ERROR:C:/Cavalry/server/src/db/db_def.go:659%!(EXTRA *mysql.MySQLError=Error 1292: Incorrect datetime value: '0000-00-00' for column 'starter_pack_bought_at' at row 1)
2021/02/02 19:19:19 [release] SQL ERROR:C:/Cavalry/server/src/db/db_def.go:659%!(EXTRA *mysql.MySQLError=Error 1292: Incorrect datetime value: '0000-00-00' for column 'starter_pack_bought_at' at row 1)
2021/02/02 19:19:19 [release] SQL ERROR:C:/Cavalry/server/src/db/db_def.go:659%!(EXTRA *mysql.MySQLError=Error 1292: Incorrect datetime value: '0000-00-00' for column 'starter_pack_bought_at' at row 1)
2021/02/02 19:19:19 [release] SQL ERROR:C:/Cavalry/server/src/db/db_def.go:659%!(EXTRA *mysql.MySQLError=Error 1292: Incorrect datetime value: '0000-00-00' for column 'starter_pack_bought_at' at row 1)
2021/02/02 19:19:19 [release] SQL ERROR:C:/Cavalry/server/src/db/db_def.go:659%!(EXTRA *mysql.MySQLError=Error 1292: Incorrect datetime value: '0000-00-00' for column 'starter_pack_bought_at' at row 1)
2021/02/02 19:19:19 [release] SQL ERROR:C:/Cavalry/server/src/db/db_def.go:659%!(EXTRA *mysql.MySQLError=Error 1292: Incorrect datetime value: '0000-00-00' for column 'starter_pack_bought_at' at row 1)
2021/02/02 19:19:19 [release] SQL ERROR:C:/Cavalry/server/src/db/db_def.go:659%!(EXTRA *mysql.MySQLError=Error 1292: Incorrect datetime value: '0000-00-00' for column 'starter_pack_bought_at' at row 1)
2021/02/02 19:19:19 [release] SQL ERROR:C:/Cavalry/server/src/db/db_def.go:659%!(EXTRA *mysql.MySQLError=Error 1292: Incorrect datetime value: '0000-00-00' for column 'starter_pack_bought_at' at row 1)
2021/02/02 19:19:19 [release] SQL ERROR:C:/Cavalry/server/src/db/db_def.go:659%!(EXTRA *mysql.MySQLError=Error 1292: Incorrect datetime value: '0000-00-00' for column 'starter_pack_bought_at' at row 1)
2021/02/02 19:19:19 [release] SQL ERROR:C:/Cavalry/server/src/db/db_def.go:659%!(EXTRA *mysql.MySQLError=Error 1292: Incorrect datetime value: '0000-00-00' for column 'starter_pack_bought_at2' at row 1)
2021/02/02 19:19:19 [release] SQL ERROR:C:/Cavalry/server/src/db/db_def.go:659%!(EXTRA *mysql.MySQLError=Error 1292: Incorrect datetime value: '0000-00-00' for column 'starter_pack_bought_at1' at row 1)
2021/02/02 19:19:19 [release] SQL ERROR:C:/Cavalry/server/src/db/db_def.go:659%!(EXTRA *mysql.MySQLError=Error 1292: Incorrect datetime value: '0000-00-00' for column 'starter_pack_bought_at' at row 1)
2021/02/02 19:19:19 [release] SQL ERROR:C:/Cavalry/server/src/db/db_def.go:659%!(EXTRA *mysql.MySQLError=Error 1292: Incorrect datetime value: '0000-00-00' for column 'starter_pack_bought_at' at row 1)
2021/02/02 19:19:19 [release] SQL ERROR:C:/Cavalry/server/src/db/db_def.go:659%!(EXTRA *mysql.MySQLError=Error 1292: Incorrect datetime value: '0000-00-00' for column 'starter_pack_bought_at' at row 1)
2021/02/02 19:19:19 [release] SQL ERROR:C:/Cavalry/server/src/db/db_def.go:659%!(EXTRA *mysql.MySQLError=Error 1292: Incorrect datetime value: '0000-00-00' for column 'starter_pack_bought_at' at row 1)
2021/02/02 19:19:19 [release] SQL ERROR:C:/Cavalry/server/src/db/db_def.go:659%!(EXTRA *mysql.MySQLError=Error 1292: Incorrect datetime value: '0000-00-00' for column 'starter_pack_bought_at' at row 1)
2021/02/02 19:19:19 [release] SQL ERROR:C:/Cavalry/server/src/db/db_def.go:659%!(EXTRA *mysql.MySQLError=Error 1292: Incorrect datetime value: '0000-00-00' for column 'starter_pack_bought_at' at row 1)
2021/02/02 19:19:19 [release] SQL ERROR:C:/Cavalry/server/src/db/db_def.go:659%!(EXTRA *mysql.MySQLError=Error 1292: Incorrect datetime value: '0000-00-00' for column 'starter_pack_bought_at' at row 1)
2021/02/02 19:19:19 [release] SQL ERROR:C:/Cavalry/server/src/db/db_def.go:659%!(EXTRA *mysql.MySQLError=Error 1292: Incorrect datetime value: '0000-00-00' for column 'starter_pack_bought_at' at row 1)
2021/02/02 19:19:19 [release] SQL ERROR:C:/Cavalry/server/src/db/db_def.go:659%!(EXTRA *mysql.MySQLError=Error 1292: Incorrect datetime value: '0000-00-00' for column 'starter_pack_bought_at' at row 1)
2021/02/02 19:19:19 [release] SQL ERROR:C:/Cavalry/server/src/db/db_def.go:659%!(EXTRA *mysql.MySQLError=Error 1292: Incorrect datetime value: '0000-00-00' for column 'starter_pack_bought_at' at row 1)
2021/02/02 19:19:19 [release] SQL ERROR:C:/Cavalry/server/src/db/db_def.go:659%!(EXTRA *mysql.MySQLError=Error 1292: Incorrect datetime value: '0000-00-00' for column 'starter_pack_bought_at' at row 1)
2021/02/02 19:19:19 [release] SQL ERROR:C:/Cavalry/server/src/db/db_def.go:659%!(EXTRA *mysql.MySQLError=Error 1292: Incorrect datetime value: '0000-00-00' for column 'starter_pack_bought_at' at row 1)
2021/02/02 19:19:19 [release] SQL ERROR:C:/Cavalry/server/src/db/db_def.go:659%!(EXTRA *mysql.MySQLError=Error 1292: Incorrect datetime value: '0000-00-00' for column 'starter_pack_bought_at' at row 1)
2021/02/02 19:19:19 [release] SQL ERROR:C:/Cavalry/server/src/db/db_def.go:659%!(EXTRA *mysql.MySQLError=Error 1292: Incorrect datetime value: '0000-00-00' for column 'starter_pack_bought_at' at row 1)
2021/02/02 19:19:19 [release] SQL ERROR:C:/Cavalry/server/src/db/db_def.go:659%!(EXTRA *mysql.MySQLError=Error 1292: Incorrect datetime value: '0000-00-00' for column 'starter_pack_bought_at' at row 1)
2021/02/02 19:19:19 [release] SQL ERROR:C:/Cavalry/server/src/db/db_def.go:659%!(EXTRA *mysql.MySQLError=Error 1292: Incorrect datetime value: '0000-00-00' for column 'starter_pack_bought_at' at row 1)
2021/02/02 19:19:19 [release] SQL ERROR:C:/Cavalry/server/src/db/db_def.go:659%!(EXTRA *mysql.MySQLError=Error 1292: Incorrect datetime value: '0000-00-00' for column 'starter_pack_bought_at' at row 1)
2021/02/02 19:19:19 [release] SQL ERROR:C:/Cavalry/server/src/db/db_def.go:659%!(EXTRA *mysql.MySQLError=Error 1292: Incorrect datetime value: '0000-00-00' for column 'starter_pack_bought_at' at row 1)
2021/02/02 19:19:19 [release] SQL ERROR:C:/Cavalry/server/src/db/db_def.go:659%!(EXTRA *mysql.MySQLError=Error 1292: Incorrect datetime value: '0000-00-00' for column 'starter_pack_bought_at' at row 1)
2021/02/02 19:19:19 [release] SQL ERROR:C:/Cavalry/server/src/db/db_def.go:659%!(EXTRA *mysql.MySQLError=Error 1292: Incorrect datetime value: '0000-00-00' for column 'starter_pack_bought_at' at row 1)
2021/02/02 19:19:19 [release] SQL ERROR:C:/Cavalry/server/src/db/db_def.go:659%!(EXTRA *mysql.MySQLError=Error 1292: Incorrect datetime value: '0000-00-00' for column 'starter_pack_bought_at' at row 1)
2021/02/02 19:19:19 [release] SQL ERROR:C:/Cavalry/server/src/db/db_def.go:659%!(EXTRA *mysql.MySQLError=Error 1292: Incorrect datetime value: '0000-00-00' for column 'starter_pack_bought_at' at row 1)
2021/02/02 19:19:19 [release] SQL ERROR:C:/Cavalry/server/src/db/db_def.go:659%!(EXTRA *mysql.MySQLError=Error 1292: Incorrect datetime value: '0000-00-00' for column 'starter_pack_bought_at' at row 1)
2021/02/02 19:19:19 [release] SQL ERROR:C:/Cavalry/server/src/db/db_def.go:659%!(EXTRA *mysql.MySQLError=Error 1292: Incorrect datetime value: '0000-00-00' for column 'starter_pack_bought_at' at row 1)
2021/02/02 19:19:19 [release] SQL ERROR:C:/Cavalry/server/src/db/db_def.go:659%!(EXTRA *mysql.MySQLError=Error 1292: Incorrect datetime value: '0000-00-00' for column 'starter_pack_bought_at' at row 1)
2021/02/02 19:19:19 [release] SQL ERROR:C:/Cavalry/server/src/db/db_def.go:659%!(EXTRA *mysql.MySQLError=Error 1292: Incorrect datetime value: '0000-00-00' for column 'starter_pack_bought_at' at row 1)
2021/02/02 19:19:19 [release] SQL ERROR:C:/Cavalry/server/src/db/db_def.go:659%!(EXTRA *mysql.MySQLError=Error 1292: Incorrect datetime value: '0000-00-00' for column 'starter_pack_bought_at1' at row 1)
2021/02/02 19:19:19 [release] SQL ERROR:C:/Cavalry/server/src/db/db_def.go:659%!(EXTRA *mysql.MySQLError=Error 1292: Incorrect datetime value: '0000-00-00' for column 'starter_pack_bought_at' at row 1)
2021/02/02 19:19:19 [release] SQL ERROR:C:/Cavalry/server/src/db/db_def.go:659%!(EXTRA *mysql.MySQLError=Error 1292: Incorrect datetime value: '0000-00-00' for column 'starter_pack_bought_at' at row 1)
2021/02/02 19:19:19 [release] SQL ERROR:C:/Cavalry/server/src/db/db_def.go:659%!(EXTRA *mysql.MySQLError=Error 1292: Incorrect datetime value: '0000-00-00' for column 'starter_pack_bought_at' at row 1)
2021/02/02 19:19:19 [release] SQL ERROR:C:/Cavalry/server/src/db/db_def.go:659%!(EXTRA *mysql.MySQLError=Error 1292: Incorrect datetime value: '0000-00-00' for column 'starter_pack_bought_at' at row 1)
2021/02/02 19:19:19 [release] SQL ERROR:C:/Cavalry/server/src/db/db_def.go:659%!(EXTRA *mysql.MySQLError=Error 1292: Incorrect datetime value: '0000-00-00' for column 'starter_pack_bought_at' at row 1)
2021/02/02 19:19:19 [release] SQL ERROR:C:/Cavalry/server/src/db/db_def.go:659%!(EXTRA *mysql.MySQLError=Error 1292: Incorrect datetime value: '0000-00-00' for column 'starter_pack_bought_at' at row 1)
2021/02/02 19:19:19 [release] SQL ERROR:C:/Cavalry/server/src/db/db_def.go:659%!(EXTRA *mysql.MySQLError=Error 1292: Incorrect datetime value: '0000-00-00' for column 'starter_pack_bought_at' at row 1)
2021/02/02 19:19:19 [release] SQL ERROR:C:/Cavalry/server/src/db/db_def.go:659%!(EXTRA *mysql.MySQLError=Error 1292: Incorrect datetime value: '0000-00-00' for column 'starter_pack_bought_at' at row 1)
2021/02/02 19:19:19 [release] SQL ERROR:C:/Cavalry/server/src/db/db_def.go:659%!(EXTRA *mysql.MySQLError=Error 1292: Incorrect datetime value: '0000-00-00' for column 'starter_pack_bought_at' at row 1)
2021/02/02 19:19:19 [release] SQL ERROR:C:/Cavalry/server/src/db/db_def.go:659%!(EXTRA *mysql.MySQLError=Error 1292: Incorrect datetime value: '0000-00-00' for column 'starter_pack_bought_at' at row 1)
2021/02/02 19:19:19 [release] SQL ERROR:C:/Cavalry/server/src/db/db_def.go:659%!(EXTRA *mysql.MySQLError=Error 1292: Incorrect datetime value: '0000-00-00' for column 'starter_pack_bought_at' at row 1)
2021/02/02 19:19:20 [release] SQL ERROR:C:/Cavalry/server/src/db/db_def.go:659%!(EXTRA *mysql.MySQLError=Error 1292: Incorrect datetime value: '0000-00-00' for column 'starter_pack_bought_at' at row 1)
2021/02/02 19:19:20 [release] SQL ERROR:C:/Cavalry/server/src/db/db_def.go:659%!(EXTRA *mysql.MySQLError=Error 1292: Incorrect datetime value: '0000-00-00' for column 'starter_pack_bought_at' at row 1)
2021/02/02 19:19:20 [release] SQL ERROR:C:/Cavalry/server/src/db/db_def.go:659%!(EXTRA *mysql.MySQLError=Error 1292: Incorrect datetime value: '0000-00-00' for column 'starter_pack_bought_at' at row 1)
2021/02/02 19:19:20 [release] SQL ERROR:C:/Cavalry/server/src/db/db_def.go:659%!(EXTRA *mysql.MySQLError=Error 1292: Incorrect datetime value: '0000-00-00' for column 'starter_pack_bought_at' at row 1)
2021/02/02 19:19:20 [release] SQL ERROR:C:/Cavalry/server/src/db/db_def.go:659%!(EXTRA *mysql.MySQLError=Error 1292: Incorrect datetime value: '0000-00-00' for column 'starter_pack_bought_at' at row 1)
2021/02/02 19:19:20 [release] SQL ERROR:C:/Cavalry/server/src/db/db_def.go:659%!(EXTRA *mysql.MySQLError=Error 1292: Incorrect datetime value: '0000-00-00' for column 'starter_pack_bought_at' at row 1)
2021/02/02 19:19:20 [release] SQL ERROR:C:/Cavalry/server/src/db/db_def.go:659%!(EXTRA *mysql.MySQLError=Error 1292: Incorrect datetime value: '0000-00-00' for column 'starter_pack_bought_at' at row 1)
2021/02/02 19:19:20 [release] SQL ERROR:C:/Cavalry/server/src/db/db_def.go:659%!(EXTRA *mysql.MySQLError=Error 1292: Incorrect datetime value: '0000-00-00' for column 'starter_pack_bought_at' at row 1)
2021/02/02 19:19:20 [release] SQL ERROR:C:/Cavalry/server/src/db/db_def.go:659%!(EXTRA *mysql.MySQLError=Error 1292: Incorrect datetime value: '0000-00-00' for column 'starter_pack_bought_at' at row 1)
2021/02/02 19:19:20 [release] SQL ERROR:C:/Cavalry/server/src/db/db_def.go:659%!(EXTRA *mysql.MySQLError=Error 1292: Incorrect datetime value: '0000-00-00' for column 'starter_pack_bought_at' at row 1)
2021/02/02 19:19:20 [release] SQL ERROR:C:/Cavalry/server/src/db/db_def.go:659%!(EXTRA *mysql.MySQLError=Error 1292: Incorrect datetime value: '0000-00-00' for column 'starter_pack_bought_at' at row 1)
2021/02/02 19:19:20 [release] SQL ERROR:C:/Cavalry/server/src/db/db_def.go:659%!(EXTRA *mysql.MySQLError=Error 1292: Incorrect datetime value: '0000-00-00' for column 'starter_pack_bought_at' at row 1)
2021/02/02 19:19:20 [release] SQL ERROR:C:/Cavalry/server/src/db/db_def.go:659%!(EXTRA *mysql.MySQLError=Error 1292: Incorrect datetime value: '0000-00-00' for column 'starter_pack_bought_at' at row 1)
2021/02/02 19:19:20 [release] SQL ERROR:C:/Cavalry/server/src/db/db_def.go:659%!(EXTRA *mysql.MySQLError=Error 1292: Incorrect datetime value: '0000-00-00' for column 'starter_pack_bought_at' at row 1)
2021/02/02 19:19:20 [release] SQL ERROR:C:/Cavalry/server/src/db/db_def.go:659%!(EXTRA *mysql.MySQLError=Error 1292: Incorrect datetime value: '0000-00-00' for column 'starter_pack_bought_at' at row 1)
2021/02/02 19:19:20 [release] SQL ERROR:C:/Cavalry/server/src/db/db_def.go:659%!(EXTRA *mysql.MySQLError=Error 1292: Incorrect datetime value: '0000-00-00' for column 'starter_pack_bought_at' at row 1)
2021/02/02 19:19:20 [release] SQL ERROR:C:/Cavalry/server/src/db/db_def.go:659%!(EXTRA *mysql.MySQLError=Error 1292: Incorrect datetime value: '0000-00-00' for column 'starter_pack_bought_at' at row 1)
2021/02/02 19:19:20 [release] SQL ERROR:C:/Cavalry/server/src/db/db_def.go:659%!(EXTRA *mysql.MySQLError=Error 1292: Incorrect datetime value: '0000-00-00' for column 'starter_pack_bought_at' at row 1)
2021/02/02 19:19:20 [release] SQL ERROR:C:/Cavalry/server/src/db/db_def.go:659%!(EXTRA *mysql.MySQLError=Error 1292: Incorrect datetime value: '0000-00-00' for column 'starter_pack_bought_at' at row 1)
2021/02/02 19:19:20 [release] SQL ERROR:C:/Cavalry/server/src/db/db_def.go:659%!(EXTRA *mysql.MySQLError=Error 1292: Incorrect datetime value: '0000-00-00' for column 'starter_pack_bought_at' at row 1)
2021/02/02 19:19:20 [release] SQL ERROR:C:/Cavalry/server/src/db/db_def.go:659%!(EXTRA *mysql.MySQLError=Error 1292: Incorrect datetime value: '0000-00-00' for column 'starter_pack_bought_at' at row 1)
2021/02/02 19:19:20 [release] SQL ERROR:C:/Cavalry/server/src/db/db_def.go:659%!(EXTRA *mysql.MySQLError=Error 1292: Incorrect datetime value: '0000-00-00' for column 'starter_pack_bought_at1' at row 1)
2021/02/02 19:19:20 [release] SQL ERROR:C:/Cavalry/server/src/db/db_def.go:659%!(EXTRA *mysql.MySQLError=Error 1292: Incorrect datetime value: '0000-00-00' for column 'starter_pack_bought_at1' at row 1)
2021/02/02 19:19:20 [release] SQL ERROR:C:/Cavalry/server/src/db/db_def.go:659%!(EXTRA *mysql.MySQLError=Error 1292: Incorrect datetime value: '0000-00-00' for column 'starter_pack_bought_at' at row 1)
2021/02/02 19:19:20 [release] SQL ERROR:C:/Cavalry/server/src/db/db_def.go:659%!(EXTRA *mysql.MySQLError=Error 1292: Incorrect datetime value: '0000-00-00' for column 'starter_pack_bought_at' at row 1)
2021/02/02 19:19:20 [release] SQL ERROR:C:/Cavalry/server/src/db/db_def.go:659%!(EXTRA *mysql.MySQLError=Error 1292: Incorrect datetime value: '0000-00-00' for column 'starter_pack_bought_at' at row 1)
2021/02/02 19:19:20 [release] SQL ERROR:C:/Cavalry/server/src/db/db_def.go:659%!(EXTRA *mysql.MySQLError=Error 1292: Incorrect datetime value: '0000-00-00' for column 'starter_pack_bought_at' at row 1)
2021/02/02 19:19:20 [release] SQL ERROR:C:/Cavalry/server/src/db/db_def.go:659%!(EXTRA *mysql.MySQLError=Error 1292: Incorrect datetime value: '0000-00-00' for column 'starter_pack_bought_at' at row 1)
2021/02/02 19:19:20 [release] SQL ERROR:C:/Cavalry/server/src/db/db_def.go:659%!(EXTRA *mysql.MySQLError=Error 1292: Incorrect datetime value: '0000-00-00' for column 'starter_pack_bought_at' at row 1)
2021/02/02 19:19:20 [release] SQL ERROR:C:/Cavalry/server/src/db/db_def.go:659%!(EXTRA *mysql.MySQLError=Error 1292: Incorrect datetime value: '0000-00-00' for column 'starter_pack_bought_at' at row 1)
2021/02/02 19:19:20 [release] SQL ERROR:C:/Cavalry/server/src/db/db_def.go:659%!(EXTRA *mysql.MySQLError=Error 1292: Incorrect datetime value: '0000-00-00' for column 'starter_pack_bought_at' at row 1)
2021/02/02 19:19:20 [release] SQL ERROR:C:/Cavalry/server/src/db/db_def.go:659%!(EXTRA *mysql.MySQLError=Error 1292: Incorrect datetime value: '0000-00-00' for column 'starter_pack_bought_at' at row 1)
2021/02/02 19:19:20 [release] SQL ERROR:C:/Cavalry/server/src/db/db_def.go:659%!(EXTRA *mysql.MySQLError=Error 1292: Incorrect datetime value: '0000-00-00' for column 'starter_pack_bought_at' at row 1)
2021/02/02 19:19:20 [release] SQL ERROR:C:/Cavalry/server/src/db/db_def.go:659%!(EXTRA *mysql.MySQLError=Error 1292: Incorrect datetime value: '0000-00-00' for column 'starter_pack_bought_at' at row 1)
2021/02/02 19:19:20 [release] SQL ERROR:C:/Cavalry/server/src/db/db_def.go:659%!(EXTRA *mysql.MySQLError=Error 1292: Incorrect datetime value: '0000-00-00' for column 'starter_pack_bought_at' at row 1)
2021/02/02 19:19:20 [release] SQL ERROR:C:/Cavalry/server/src/db/db_def.go:659%!(EXTRA *mysql.MySQLError=Error 1292: Incorrect datetime value: '0000-00-00' for column 'starter_pack_bought_at1' at row 1)
2021/02/02 19:19:20 [release] SQL ERROR:C:/Cavalry/server/src/db/db_def.go:659%!(EXTRA *mysql.MySQLError=Error 1292: Incorrect datetime value: '0000-00-00' for column 'starter_pack_bought_at1' at row 1)
2021/02/02 19:19:20 [release] SQL ERROR:C:/Cavalry/server/src/db/db_def.go:659%!(EXTRA *mysql.MySQLError=Error 1292: Incorrect datetime value: '0000-00-00' for column 'starter_pack_bought_at' at row 1)
2021/02/02 19:19:20 [release] SQL ERROR:C:/Cavalry/server/src/db/db_def.go:659%!(EXTRA *mysql.MySQLError=Error 1292: Incorrect datetime value: '0000-00-00' for column 'starter_pack_bought_at' at row 1)
2021/02/02 19:19:20 [release] SQL ERROR:C:/Cavalry/server/src/db/db_def.go:659%!(EXTRA *mysql.MySQLError=Error 1292: Incorrect datetime value: '0000-00-00' for column 'starter_pack_bought_at' at row 1)
2021/02/02 19:19:20 [release] SQL ERROR:C:/Cavalry/server/src/db/db_def.go:659%!(EXTRA *mysql.MySQLError=Error 1292: Incorrect datetime value: '0000-00-00' for column 'starter_pack_bought_at' at row 1)
2021/02/02 19:19:20 [release] SQL ERROR:C:/Cavalry/server/src/db/db_def.go:659%!(EXTRA *mysql.MySQLError=Error 1292: Incorrect datetime value: '0000-00-00' for column 'starter_pack_bought_at' at row 1)
2021/02/02 19:19:20 [release] SQL ERROR:C:/Cavalry/server/src/db/db_def.go:659%!(EXTRA *mysql.MySQLError=Error 1292: Incorrect datetime value: '0000-00-00' for column 'starter_pack_bought_at' at row 1)
2021/02/02 19:19:20 [release] SQL ERROR:C:/Cavalry/server/src/db/db_def.go:659%!(EXTRA *mysql.MySQLError=Error 1292: Incorrect datetime value: '0000-00-00' for column 'starter_pack_bought_at' at row 1)
2021/02/02 19:19:20 [release] SQL ERROR:C:/Cavalry/server/src/db/db_def.go:659%!(EXTRA *mysql.MySQLError=Error 1292: Incorrect datetime value: '0000-00-00' for column 'starter_pack_bought_at' at row 1)
2021/02/02 19:19:20 [release] SQL ERROR:C:/Cavalry/server/src/db/db_def.go:659%!(EXTRA *mysql.MySQLError=Error 1292: Incorrect datetime value: '0000-00-00' for column 'starter_pack_bought_at' at row 1)
2021/02/02 19:19:20 [release] SQL ERROR:C:/Cavalry/server/src/db/db_def.go:659%!(EXTRA *mysql.MySQLError=Error 1292: Incorrect datetime value: '0000-00-00' for column 'starter_pack_bought_at' at row 1)
2021/02/02 19:19:20 [release] SQL ERROR:C:/Cavalry/server/src/db/db_def.go:659%!(EXTRA *mysql.MySQLError=Error 1292: Incorrect datetime value: '0000-00-00' for column 'starter_pack_bought_at' at row 1)
2021/02/02 19:19:20 [release] SQL ERROR:C:/Cavalry/server/src/db/db_def.go:659%!(EXTRA *mysql.MySQLError=Error 1292: Incorrect datetime value: '0000-00-00' for column 'starter_pack_bought_at' at row 1)
2021/02/02 19:19:20 [release] SQL ERROR:C:/Cavalry/server/src/db/db_def.go:659%!(EXTRA *mysql.MySQLError=Error 1292: Incorrect datetime value: '0000-00-00' for column 'starter_pack_bought_at' at row 1)
2021/02/02 19:19:20 [release] SQL ERROR:C:/Cavalry/server/src/db/db_def.go:659%!(EXTRA *mysql.MySQLError=Error 1292: Incorrect datetime value: '0000-00-00' for column 'starter_pack_bought_at' at row 1)
2021/02/02 19:19:20 [release] SQL ERROR:C:/Cavalry/server/src/db/db_def.go:659%!(EXTRA *mysql.MySQLError=Error 1292: Incorrect datetime value: '0000-00-00' for column 'starter_pack_bought_at' at row 1)
2021/02/02 19:19:20 [release] SQL ERROR:C:/Cavalry/server/src/db/db_def.go:659%!(EXTRA *mysql.MySQLError=Error 1292: Incorrect datetime value: '0000-00-00' for column 'starter_pack_bought_at' at row 1)
2021/02/02 19:19:20 [release] SQL ERROR:C:/Cavalry/server/src/db/db_def.go:659%!(EXTRA *mysql.MySQLError=Error 1292: Incorrect datetime value: '0000-00-00' for column 'starter_pack_bought_at' at row 1)
2021/02/02 19:19:20 [release] SQL ERROR:C:/Cavalry/server/src/db/db_def.go:659%!(EXTRA *mysql.MySQLError=Error 1292: Incorrect datetime value: '0000-00-00' for column 'starter_pack_bought_at' at row 1)
2021/02/02 19:19:20 [release] SQL ERROR:C:/Cavalry/server/src/db/db_def.go:659%!(EXTRA *mysql.MySQLError=Error 1292: Incorrect datetime value: '0000-00-00' for column 'starter_pack_bought_at' at row 1)
2021/02/02 19:19:20 [release] SQL ERROR:C:/Cavalry/server/src/db/db_def.go:659%!(EXTRA *mysql.MySQLError=Error 1292: Incorrect datetime value: '0000-00-00' for column 'starter_pack_bought_at' at row 1)
2021/02/02 19:19:20 [release] SQL ERROR:C:/Cavalry/server/src/db/db_def.go:659%!(EXTRA *mysql.MySQLError=Error 1292: Incorrect datetime value: '0000-00-00' for column 'starter_pack_bought_at' at row 1)
2021/02/02 19:19:20 [release] SQL ERROR:C:/Cavalry/server/src/db/db_def.go:659%!(EXTRA *mysql.MySQLError=Error 1292: Incorrect datetime value: '0000-00-00' for column 'starter_pack_bought_at' at row 1)
2021/02/02 19:19:20 [release] SQL ERROR:C:/Cavalry/server/src/db/db_def.go:659%!(EXTRA *mysql.MySQLError=Error 1292: Incorrect datetime value: '0000-00-00' for column 'starter_pack_bought_at' at row 1)
2021/02/02 19:19:20 [release] SQL ERROR:C:/Cavalry/server/src/db/db_def.go:659%!(EXTRA *mysql.MySQLError=Error 1292: Incorrect datetime value: '0000-00-00' for column 'starter_pack_bought_at' at row 1)
2021/02/02 19:19:20 [release] SQL ERROR:C:/Cavalry/server/src/db/db_def.go:659%!(EXTRA *mysql.MySQLError=Error 1292: Incorrect datetime value: '0000-00-00' for column 'starter_pack_bought_at' at row 1)
2021/02/02 19:19:20 [release] SQL ERROR:C:/Cavalry/server/src/db/db_def.go:659%!(EXTRA *mysql.MySQLError=Error 1292: Incorrect datetime value: '0000-00-00' for column 'starter_pack_bought_at' at row 1)
2021/02/02 19:19:20 [release] SQL ERROR:C:/Cavalry/server/src/db/db_def.go:659%!(EXTRA *mysql.MySQLError=Error 1292: Incorrect datetime value: '0000-00-00' for column 'starter_pack_bought_at' at row 1)
2021/02/02 19:19:20 [release] SQL ERROR:C:/Cavalry/server/src/db/db_def.go:659%!(EXTRA *mysql.MySQLError=Error 1292: Incorrect datetime value: '0000-00-00' for column 'starter_pack_bought_at' at row 1)
2021/02/02 19:19:20 [release] SQL ERROR:C:/Cavalry/server/src/db/db_def.go:659%!(EXTRA *mysql.MySQLError=Error 1292: Incorrect datetime value: '0000-00-00' for column 'starter_pack_bought_at' at row 1)
2021/02/02 19:19:20 [release] SQL ERROR:C:/Cavalry/server/src/db/db_def.go:659%!(EXTRA *mysql.MySQLError=Error 1292: Incorrect datetime value: '0000-00-00' for column 'starter_pack_bought_at' at row 1)
2021/02/02 19:19:20 [release] SQL ERROR:C:/Cavalry/server/src/db/db_def.go:659%!(EXTRA *mysql.MySQLError=Error 1292: Incorrect datetime value: '0000-00-00' for column 'starter_pack_bought_at' at row 1)
2021/02/02 19:19:20 [release] SQL ERROR:C:/Cavalry/server/src/db/db_def.go:659%!(EXTRA *mysql.MySQLError=Error 1292: Incorrect datetime value: '0000-00-00' for column 'starter_pack_bought_at' at row 1)
2021/02/02 19:19:20 [release] SQL ERROR:C:/Cavalry/server/src/db/db_def.go:659%!(EXTRA *mysql.MySQLError=Error 1292: Incorrect datetime value: '0000-00-00' for column 'starter_pack_bought_at' at row 1)
2021/02/02 19:19:20 [release] SQL ERROR:C:/Cavalry/server/src/db/db_def.go:659%!(EXTRA *mysql.MySQLError=Error 1292: Incorrect datetime value: '0000-00-00' for column 'starter_pack_bought_at' at row 1)
2021/02/02 19:19:20 [release] SQL ERROR:C:/Cavalry/server/src/db/db_def.go:659%!(EXTRA *mysql.MySQLError=Error 1292: Incorrect datetime value: '0000-00-00' for column 'starter_pack_bought_at' at row 1)
2021/02/02 19:19:20 [release] SQL ERROR:C:/Cavalry/server/src/db/db_def.go:659%!(EXTRA *mysql.MySQLError=Error 1292: Incorrect datetime value: '0000-00-00' for column 'starter_pack_bought_at' at row 1)
2021/02/02 19:19:20 [release] SQL ERROR:C:/Cavalry/server/src/db/db_def.go:659%!(EXTRA *mysql.MySQLError=Error 1292: Incorrect datetime value: '0000-00-00' for column 'starter_pack_bought_at' at row 1)
2021/02/02 19:19:20 [release] SQL ERROR:C:/Cavalry/server/src/db/db_def.go:659%!(EXTRA *mysql.MySQLError=Error 1292: Incorrect datetime value: '0000-00-00' for column 'starter_pack_bought_at' at row 1)
2021/02/02 19:19:20 [release] SQL ERROR:C:/Cavalry/server/src/db/db_def.go:659%!(EXTRA *mysql.MySQLError=Error 1292: Incorrect datetime value: '0000-00-00' for column 'starter_pack_bought_at' at row 1)
2021/02/02 19:19:20 [release] SQL ERROR:C:/Cavalry/server/src/db/db_def.go:659%!(EXTRA *mysql.MySQLError=Error 1292: Incorrect datetime value: '0000-00-00' for column 'starter_pack_bought_at' at row 1)
2021/02/02 19:19:20 [release] SQL ERROR:C:/Cavalry/server/src/db/db_def.go:659%!(EXTRA *mysql.MySQLError=Error 1292: Incorrect datetime value: '0000-00-00' for column 'starter_pack_bought_at' at row 1)
2021/02/02 19:19:20 [release] SQL ERROR:C:/Cavalry/server/src/db/db_def.go:659%!(EXTRA *mysql.MySQLError=Error 1292: Incorrect datetime value: '0000-00-00' for column 'starter_pack_bought_at' at row 1)
2021/02/02 19:19:20 [release] SQL ERROR:C:/Cavalry/server/src/db/db_def.go:659%!(EXTRA *mysql.MySQLError=Error 1292: Incorrect datetime value: '0000-00-00' for column 'starter_pack_bought_at1' at row 1)
2021/02/02 19:19:20 [release] SQL ERROR:C:/Cavalry/server/src/db/db_def.go:659%!(EXTRA *mysql.MySQLError=Error 1292: Incorrect datetime value: '0000-00-00' for column 'starter_pack_bought_at' at row 1)
2021/02/02 19:19:20 [release] SQL ERROR:C:/Cavalry/server/src/db/db_def.go:659%!(EXTRA *mysql.MySQLError=Error 1292: Incorrect datetime value: '0000-00-00' for column 'starter_pack_bought_at' at row 1)
2021/02/02 19:19:20 [release] SQL ERROR:C:/Cavalry/server/src/db/db_def.go:659%!(EXTRA *mysql.MySQLError=Error 1292: Incorrect datetime value: '0000-00-00' for column 'starter_pack_bought_at1' at row 1)
2021/02/02 19:19:20 [release] SQL ERROR:C:/Cavalry/server/src/db/db_def.go:659%!(EXTRA *mysql.MySQLError=Error 1292: Incorrect datetime value: '0000-00-00' for column 'starter_pack_bought_at1' at row 1)
2021/02/02 19:19:20 [release] SQL ERROR:C:/Cavalry/server/src/db/db_def.go:659%!(EXTRA *mysql.MySQLError=Error 1292: Incorrect datetime value: '0000-00-00' for column 'starter_pack_bought_at' at row 1)
2021/02/02 19:19:20 [release] SQL ERROR:C:/Cavalry/server/src/db/db_def.go:659%!(EXTRA *mysql.MySQLError=Error 1292: Incorrect datetime value: '0000-00-00' for column 'starter_pack_bought_at' at row 1)
2021/02/02 19:19:20 [release] SQL ERROR:C:/Cavalry/server/src/db/db_def.go:659%!(EXTRA *mysql.MySQLError=Error 1292: Incorrect datetime value: '0000-00-00' for column 'starter_pack_bought_at' at row 1)
2021/02/02 19:19:20 [release] SQL ERROR:C:/Cavalry/server/src/db/db_def.go:659%!(EXTRA *mysql.MySQLError=Error 1292: Incorrect datetime value: '0000-00-00' for column 'starter_pack_bought_at' at row 1)
2021/02/02 19:19:20 [release] SQL ERROR:C:/Cavalry/server/src/db/db_def.go:659%!(EXTRA *mysql.MySQLError=Error 1292: Incorrect datetime value: '0000-00-00' for column 'starter_pack_bought_at' at row 1)
2021/02/02 19:19:20 [release] SQL ERROR:C:/Cavalry/server/src/db/db_def.go:659%!(EXTRA *mysql.MySQLError=Error 1292: Incorrect datetime value: '0000-00-00' for column 'starter_pack_bought_at' at row 1)
2021/02/02 19:19:20 [release] SQL ERROR:C:/Cavalry/server/src/db/db_def.go:659%!(EXTRA *mysql.MySQLError=Error 1292: Incorrect datetime value: '0000-00-00' for column 'starter_pack_bought_at' at row 1)
2021/02/02 19:19:20 [release] SQL ERROR:C:/Cavalry/server/src/db/db_def.go:659%!(EXTRA *mysql.MySQLError=Error 1292: Incorrect datetime value: '0000-00-00' for column 'starter_pack_bought_at' at row 1)
2021/02/02 19:19:20 [release] SQL ERROR:C:/Cavalry/server/src/db/db_def.go:659%!(EXTRA *mysql.MySQLError=Error 1292: Incorrect datetime value: '0000-00-00' for column 'starter_pack_bought_at' at row 1)
2021/02/02 19:19:20 [release] SQL ERROR:C:/Cavalry/server/src/db/db_def.go:659%!(EXTRA *mysql.MySQLError=Error 1292: Incorrect datetime value: '0000-00-00' for column 'starter_pack_bought_at' at row 1)
2021/02/02 19:19:20 [release] SQL ERROR:C:/Cavalry/server/src/db/db_def.go:659%!(EXTRA *mysql.MySQLError=Error 1292: Incorrect datetime value: '0000-00-00' for column 'starter_pack_bought_at' at row 1)
2021/02/02 19:19:20 [release] SQL ERROR:C:/Cavalry/server/src/db/db_def.go:659%!(EXTRA *mysql.MySQLError=Error 1292: Incorrect datetime value: '0000-00-00' for column 'starter_pack_bought_at' at row 1)
2021/02/02 19:19:20 [release] SQL ERROR:C:/Cavalry/server/src/db/db_def.go:659%!(EXTRA *mysql.MySQLError=Error 1292: Incorrect datetime value: '0000-00-00' for column 'starter_pack_bought_at' at row 1)
2021/02/02 19:19:20 [release] SQL ERROR:C:/Cavalry/server/src/db/db_def.go:659%!(EXTRA *mysql.MySQLError=Error 1292: Incorrect datetime value: '0000-00-00' for column 'starter_pack_bought_at' at row 1)
2021/02/02 19:19:20 [release] SQL ERROR:C:/Cavalry/server/src/db/db_def.go:659%!(EXTRA *mysql.MySQLError=Error 1292: Incorrect datetime value: '0000-00-00' for column 'starter_pack_bought_at' at row 1)
2021/02/02 19:19:20 [release] SQL ERROR:C:/Cavalry/server/src/db/db_def.go:659%!(EXTRA *mysql.MySQLError=Error 1292: Incorrect datetime value: '0000-00-00' for column 'starter_pack_bought_at' at row 1)
2021/02/02 19:19:20 [release] SQL ERROR:C:/Cavalry/server/src/db/db_def.go:659%!(EXTRA *mysql.MySQLError=Error 1292: Incorrect datetime value: '0000-00-00' for column 'starter_pack_bought_at' at row 1)
2021/02/02 19:19:20 [release] SQL ERROR:C:/Cavalry/server/src/db/db_def.go:659%!(EXTRA *mysql.MySQLError=Error 1292: Incorrect datetime value: '0000-00-00' for column 'starter_pack_bought_at' at row 1)
2021/02/02 19:19:20 [release] SQL ERROR:C:/Cavalry/server/src/db/db_def.go:659%!(EXTRA *mysql.MySQLError=Error 1292: Incorrect datetime value: '0000-00-00' for column 'starter_pack_bought_at' at row 1)
2021/02/02 19:19:20 [release] SQL ERROR:C:/Cavalry/server/src/db/db_def.go:659%!(EXTRA *mysql.MySQLError=Error 1292: Incorrect datetime value: '0000-00-00' for column 'starter_pack_bought_at' at row 1)
2021/02/02 19:19:20 [release] SQL ERROR:C:/Cavalry/server/src/db/db_def.go:659%!(EXTRA *mysql.MySQLError=Error 1292: Incorrect datetime value: '0000-00-00' for column 'starter_pack_bought_at' at row 1)
2021/02/02 19:19:20 [release] SQL ERROR:C:/Cavalry/server/src/db/db_def.go:659%!(EXTRA *mysql.MySQLError=Error 1292: Incorrect datetime value: '0000-00-00' for column 'starter_pack_bought_at' at row 1)
2021/02/02 19:19:20 [release] SQL ERROR:C:/Cavalry/server/src/db/db_def.go:659%!(EXTRA *mysql.MySQLError=Error 1292: Incorrect datetime value: '0000-00-00' for column 'starter_pack_bought_at' at row 1)
2021/02/02 19:19:20 [release] SQL ERROR:C:/Cavalry/server/src/db/db_def.go:659%!(EXTRA *mysql.MySQLError=Error 1292: Incorrect datetime value: '0000-00-00' for column 'starter_pack_bought_at' at row 1)
2021/02/02 19:19:20 [release] SQL ERROR:C:/Cavalry/server/src/db/db_def.go:659%!(EXTRA *mysql.MySQLError=Error 1292: Incorrect datetime value: '0000-00-00' for column 'starter_pack_bought_at' at row 1)
2021/02/02 19:19:20 [release] SQL ERROR:C:/Cavalry/server/src/db/db_def.go:659%!(EXTRA *mysql.MySQLError=Error 1292: Incorrect datetime value: '0000-00-00' for column 'starter_pack_bought_at' at row 1)
2021/02/02 19:19:20 [release] SQL ERROR:C:/Cavalry/server/src/db/db_def.go:659%!(EXTRA *mysql.MySQLError=Error 1292: Incorrect datetime value: '0000-00-00' for column 'starter_pack_bought_at' at row 1)
2021/02/02 19:19:20 [release] SQL ERROR:C:/Cavalry/server/src/db/db_def.go:659%!(EXTRA *mysql.MySQLError=Error 1292: Incorrect datetime value: '0000-00-00' for column 'starter_pack_bought_at' at row 1)
2021/02/02 19:19:20 [release] SQL ERROR:C:/Cavalry/server/src/db/db_def.go:659%!(EXTRA *mysql.MySQLError=Error 1292: Incorrect datetime value: '0000-00-00' for column 'starter_pack_bought_at' at row 1)
2021/02/02 19:19:20 [release] SQL ERROR:C:/Cavalry/server/src/db/db_def.go:659%!(EXTRA *mysql.MySQLError=Error 1292: Incorrect datetime value: '0000-00-00' for column 'starter_pack_bought_at' at row 1)
2021/02/02 19:19:20 [release] SQL ERROR:C:/Cavalry/server/src/db/db_def.go:659%!(EXTRA *mysql.MySQLError=Error 1292: Incorrect datetime value: '0000-00-00' for column 'starter_pack_bought_at' at row 1)
2021/02/02 19:19:20 [release] SQL ERROR:C:/Cavalry/server/src/db/db_def.go:659%!(EXTRA *mysql.MySQLError=Error 1292: Incorrect datetime value: '0000-00-00' for column 'starter_pack_bought_at' at row 1)
2021/02/02 19:19:20 [release] SQL ERROR:C:/Cavalry/server/src/db/db_def.go:659%!(EXTRA *mysql.MySQLError=Error 1292: Incorrect datetime value: '0000-00-00' for column 'starter_pack_bought_at' at row 1)
2021/02/02 19:19:20 [release] SQL ERROR:C:/Cavalry/server/src/db/db_def.go:659%!(EXTRA *mysql.MySQLError=Error 1292: Incorrect datetime value: '0000-00-00' for column 'starter_pack_bought_at' at row 1)
2021/02/02 19:19:20 [release] SQL ERROR:C:/Cavalry/server/src/db/db_def.go:659%!(EXTRA *mysql.MySQLError=Error 1292: Incorrect datetime value: '0000-00-00' for column 'starter_pack_bought_at1' at row 1)
2021/02/02 19:19:20 [release] SQL ERROR:C:/Cavalry/server/src/db/db_def.go:659%!(EXTRA *mysql.MySQLError=Error 1292: Incorrect datetime value: '0000-00-00' for column 'starter_pack_bought_at' at row 1)
2021/02/02 19:19:20 [release] SQL ERROR:C:/Cavalry/server/src/db/db_def.go:659%!(EXTRA *mysql.MySQLError=Error 1292: Incorrect datetime value: '0000-00-00' for column 'starter_pack_bought_at' at row 1)
2021/02/02 19:19:20 [release] SQL ERROR:C:/Cavalry/server/src/db/db_def.go:659%!(EXTRA *mysql.MySQLError=Error 1292: Incorrect datetime value: '0000-00-00' for column 'starter_pack_bought_at' at row 1)
2021/02/02 19:19:20 [release] SQL ERROR:C:/Cavalry/server/src/db/db_def.go:659%!(EXTRA *mysql.MySQLError=Error 1292: Incorrect datetime value: '0000-00-00' for column 'starter_pack_bought_at' at row 1)
2021/02/02 19:19:20 [release] SQL ERROR:C:/Cavalry/server/src/db/db_def.go:659%!(EXTRA *mysql.MySQLError=Error 1292: Incorrect datetime value: '0000-00-00' for column 'starter_pack_bought_at' at row 1)
2021/02/02 19:19:20 [release] SQL ERROR:C:/Cavalry/server/src/db/db_def.go:659%!(EXTRA *mysql.MySQLError=Error 1292: Incorrect datetime value: '0000-00-00' for column 'starter_pack_bought_at' at row 1)
2021/02/02 19:19:20 [release] SQL ERROR:C:/Cavalry/server/src/db/db_def.go:659%!(EXTRA *mysql.MySQLError=Error 1292: Incorrect datetime value: '0000-00-00' for column 'starter_pack_bought_at' at row 1)
2021/02/02 19:19:20 [release] SQL ERROR:C:/Cavalry/server/src/db/db_def.go:659%!(EXTRA *mysql.MySQLError=Error 1292: Incorrect datetime value: '0000-00-00' for column 'starter_pack_bought_at' at row 1)
2021/02/02 19:19:20 [release] SQL ERROR:C:/Cavalry/server/src/db/db_def.go:659%!(EXTRA *mysql.MySQLError=Error 1292: Incorrect datetime value: '0000-00-00' for column 'starter_pack_bought_at' at row 1)
2021/02/02 19:19:20 [release] SQL ERROR:C:/Cavalry/server/src/db/db_def.go:659%!(EXTRA *mysql.MySQLError=Error 1292: Incorrect datetime value: '0000-00-00' for column 'starter_pack_bought_at' at row 1)
2021/02/02 19:19:20 [release] SQL ERROR:C:/Cavalry/server/src/db/db_def.go:659%!(EXTRA *mysql.MySQLError=Error 1292: Incorrect datetime value: '0000-00-00' for column 'starter_pack_bought_at' at row 1)
2021/02/02 19:19:20 [release] SQL ERROR:C:/Cavalry/server/src/db/db_def.go:659%!(EXTRA *mysql.MySQLError=Error 1292: Incorrect datetime value: '0000-00-00' for column 'starter_pack_bought_at' at row 1)
2021/02/02 19:19:20 [release] SQL ERROR:C:/Cavalry/server/src/db/db_def.go:659%!(EXTRA *mysql.MySQLError=Error 1292: Incorrect datetime value: '0000-00-00' for column 'starter_pack_bought_at' at row 1)
2021/02/02 19:19:20 [release] SQL ERROR:C:/Cavalry/server/src/db/db_def.go:659%!(EXTRA *mysql.MySQLError=Error 1292: Incorrect datetime value: '0000-00-00' for column 'starter_pack_bought_at' at row 1)
2021/02/02 19:19:20 [release] SQL ERROR:C:/Cavalry/server/src/db/db_def.go:659%!(EXTRA *mysql.MySQLError=Error 1292: Incorrect datetime value: '0000-00-00' for column 'starter_pack_bought_at' at row 1)
2021/02/02 19:19:20 [release] SQL ERROR:C:/Cavalry/server/src/db/db_def.go:659%!(EXTRA *mysql.MySQLError=Error 1292: Incorrect datetime value: '0000-00-00' for column 'starter_pack_bought_at' at row 1)
2021/02/02 19:19:20 [release] SQL ERROR:C:/Cavalry/server/src/db/db_def.go:659%!(EXTRA *mysql.MySQLError=Error 1292: Incorrect datetime value: '0000-00-00' for column 'starter_pack_bought_at' at row 1)
2021/02/02 19:19:20 [release] SQL ERROR:C:/Cavalry/server/src/db/db_def.go:659%!(EXTRA *mysql.MySQLError=Error 1292: Incorrect datetime value: '0000-00-00' for column 'starter_pack_bought_at' at row 1)
2021/02/02 19:19:20 [release] SQL ERROR:C:/Cavalry/server/src/db/db_def.go:659%!(EXTRA *mysql.MySQLError=Error 1292: Incorrect datetime value: '0000-00-00' for column 'starter_pack_bought_at' at row 1)
2021/02/02 19:19:20 [release] SQL ERROR:C:/Cavalry/server/src/db/db_def.go:659%!(EXTRA *mysql.MySQLError=Error 1292: Incorrect datetime value: '0000-00-00' for column 'starter_pack_bought_at1' at row 1)
2021/02/02 19:19:20 [release] SQL ERROR:C:/Cavalry/server/src/db/db_def.go:659%!(EXTRA *mysql.MySQLError=Error 1292: Incorrect datetime value: '0000-00-00' for column 'starter_pack_bought_at' at row 1)
2021/02/02 19:19:20 [release] SQL ERROR:C:/Cavalry/server/src/db/db_def.go:659%!(EXTRA *mysql.MySQLError=Error 1292: Incorrect datetime value: '0000-00-00' for column 'starter_pack_bought_at' at row 1)
2021/02/02 19:19:20 [release] SQL ERROR:C:/Cavalry/server/src/db/db_def.go:659%!(EXTRA *mysql.MySQLError=Error 1292: Incorrect datetime value: '0000-00-00' for column 'starter_pack_bought_at' at row 1)
2021/02/02 19:19:20 [release] SQL ERROR:C:/Cavalry/server/src/db/db_def.go:659%!(EXTRA *mysql.MySQLError=Error 1292: Incorrect datetime value: '0000-00-00' for column 'starter_pack_bought_at1' at row 1)
2021/02/02 19:19:20 [release] SQL ERROR:C:/Cavalry/server/src/db/db_def.go:659%!(EXTRA *mysql.MySQLError=Error 1292: Incorrect datetime value: '0000-00-00' for column 'starter_pack_bought_at' at row 1)
2021/02/02 19:19:20 [release] SQL ERROR:C:/Cavalry/server/src/db/db_def.go:659%!(EXTRA *mysql.MySQLError=Error 1292: Incorrect datetime value: '0000-00-00' for column 'starter_pack_bought_at' at row 1)
2021/02/02 19:19:20 [release] SQL ERROR:C:/Cavalry/server/src/db/db_def.go:659%!(EXTRA *mysql.MySQLError=Error 1292: Incorrect datetime value: '0000-00-00' for column 'starter_pack_bought_at' at row 1)
2021/02/02 19:19:20 [release] SQL ERROR:C:/Cavalry/server/src/db/db_def.go:659%!(EXTRA *mysql.MySQLError=Error 1292: Incorrect datetime value: '0000-00-00' for column 'starter_pack_bought_at' at row 1)
2021/02/02 19:19:20 [release] SQL ERROR:C:/Cavalry/server/src/db/db_def.go:659%!(EXTRA *mysql.MySQLError=Error 1292: Incorrect datetime value: '0000-00-00' for column 'starter_pack_bought_at1' at row 1)
2021/02/02 19:19:20 [release] SQL ERROR:C:/Cavalry/server/src/db/db_def.go:659%!(EXTRA *mysql.MySQLError=Error 1292: Incorrect datetime value: '0000-00-00' for column 'starter_pack_bought_at' at row 1)
2021/02/02 19:19:20 [release] SQL ERROR:C:/Cavalry/server/src/db/db_def.go:659%!(EXTRA *mysql.MySQLError=Error 1292: Incorrect datetime value: '0000-00-00' for column 'starter_pack_bought_at2' at row 1)
2021/02/02 19:19:20 [release] SQL ERROR:C:/Cavalry/server/src/db/db_def.go:659%!(EXTRA *mysql.MySQLError=Error 1292: Incorrect datetime value: '0000-00-00' for column 'starter_pack_bought_at' at row 1)
2021/02/02 19:19:20 [release] SQL ERROR:C:/Cavalry/server/src/db/db_def.go:659%!(EXTRA *mysql.MySQLError=Error 1292: Incorrect datetime value: '0000-00-00' for column 'starter_pack_bought_at' at row 1)
2021/02/02 19:19:20 [release] SQL ERROR:C:/Cavalry/server/src/db/db_def.go:659%!(EXTRA *mysql.MySQLError=Error 1292: Incorrect datetime value: '0000-00-00' for column 'starter_pack_bought_at' at row 1)
2021/02/02 19:19:20 [release] SQL ERROR:C:/Cavalry/server/src/db/db_def.go:659%!(EXTRA *mysql.MySQLError=Error 1292: Incorrect datetime value: '0000-00-00' for column 'starter_pack_bought_at' at row 1)
2021/02/02 19:19:20 [release] SQL ERROR:C:/Cavalry/server/src/db/db_def.go:659%!(EXTRA *mysql.MySQLError=Error 1292: Incorrect datetime value: '0000-00-00' for column 'starter_pack_bought_at' at row 1)
2021/02/02 19:19:20 [release] SQL ERROR:C:/Cavalry/server/src/db/db_def.go:659%!(EXTRA *mysql.MySQLError=Error 1292: Incorrect datetime value: '0000-00-00' for column 'starter_pack_bought_at' at row 1)
2021/02/02 19:19:20 [release] SQL ERROR:C:/Cavalry/server/src/db/db_def.go:659%!(EXTRA *mysql.MySQLError=Error 1292: Incorrect datetime value: '0000-00-00' for column 'starter_pack_bought_at' at row 1)
2021/02/02 19:19:20 [release] SQL ERROR:C:/Cavalry/server/src/db/db_def.go:659%!(EXTRA *mysql.MySQLError=Error 1292: Incorrect datetime value: '0000-00-00' for column 'starter_pack_bought_at' at row 1)
2021/02/02 19:19:20 [release] SQL ERROR:C:/Cavalry/server/src/db/db_def.go:659%!(EXTRA *mysql.MySQLError=Error 1292: Incorrect datetime value: '0000-00-00' for column 'starter_pack_bought_at' at row 1)
2021/02/02 19:19:20 [release] SQL ERROR:C:/Cavalry/server/src/db/db_def.go:659%!(EXTRA *mysql.MySQLError=Error 1292: Incorrect datetime value: '0000-00-00' for column 'starter_pack_bought_at' at row 1)
2021/02/02 19:19:20 [release] SQL ERROR:C:/Cavalry/server/src/db/db_def.go:659%!(EXTRA *mysql.MySQLError=Error 1292: Incorrect datetime value: '0000-00-00' for column 'starter_pack_bought_at' at row 1)
2021/02/02 19:19:20 [release] SQL ERROR:C:/Cavalry/server/src/db/db_def.go:659%!(EXTRA *mysql.MySQLError=Error 1292: Incorrect datetime value: '0000-00-00' for column 'starter_pack_bought_at' at row 1)
2021/02/02 19:19:20 [release] SQL ERROR:C:/Cavalry/server/src/db/db_def.go:659%!(EXTRA *mysql.MySQLError=Error 1292: Incorrect datetime value: '0000-00-00' for column 'starter_pack_bought_at' at row 1)
2021/02/02 19:19:20 [release] SQL ERROR:C:/Cavalry/server/src/db/db_def.go:659%!(EXTRA *mysql.MySQLError=Error 1292: Incorrect datetime value: '0000-00-00' for column 'starter_pack_bought_at1' at row 1)
2021/02/02 19:19:20 [release] SQL ERROR:C:/Cavalry/server/src/db/db_def.go:659%!(EXTRA *mysql.MySQLError=Error 1292: Incorrect datetime value: '0000-00-00' for column 'starter_pack_bought_at' at row 1)
2021/02/02 19:19:20 [release] SQL ERROR:C:/Cavalry/server/src/db/db_def.go:659%!(EXTRA *mysql.MySQLError=Error 1292: Incorrect datetime value: '0000-00-00' for column 'starter_pack_bought_at' at row 1)
2021/02/02 19:19:20 [release] SQL ERROR:C:/Cavalry/server/src/db/db_def.go:659%!(EXTRA *mysql.MySQLError=Error 1292: Incorrect datetime value: '0000-00-00' for column 'starter_pack_bought_at1' at row 1)
2021/02/02 19:19:20 [release] SQL ERROR:C:/Cavalry/server/src/db/db_def.go:659%!(EXTRA *mysql.MySQLError=Error 1292: Incorrect datetime value: '0000-00-00' for column 'starter_pack_bought_at' at row 1)
2021/02/02 19:19:20 [release] SQL ERROR:C:/Cavalry/server/src/db/db_def.go:659%!(EXTRA *mysql.MySQLError=Error 1292: Incorrect datetime value: '0000-00-00' for column 'starter_pack_bought_at' at row 1)
2021/02/02 19:19:20 [release] SQL ERROR:C:/Cavalry/server/src/db/db_def.go:659%!(EXTRA *mysql.MySQLError=Error 1292: Incorrect datetime value: '0000-00-00' for column 'starter_pack_bought_at' at row 1)
2021/02/02 19:19:20 [release] SQL ERROR:C:/Cavalry/server/src/db/db_def.go:659%!(EXTRA *mysql.MySQLError=Error 1292: Incorrect datetime value: '0000-00-00' for column 'starter_pack_bought_at' at row 1)
2021/02/02 19:19:20 [release] SQL ERROR:C:/Cavalry/server/src/db/db_def.go:659%!(EXTRA *mysql.MySQLError=Error 1292: Incorrect datetime value: '0000-00-00' for column 'starter_pack_bought_at' at row 1)
2021/02/02 19:19:20 [release] SQL ERROR:C:/Cavalry/server/src/db/db_def.go:659%!(EXTRA *mysql.MySQLError=Error 1292: Incorrect datetime value: '0000-00-00' for column 'starter_pack_bought_at' at row 1)
2021/02/02 19:19:20 [release] SQL ERROR:C:/Cavalry/server/src/db/db_def.go:659%!(EXTRA *mysql.MySQLError=Error 1292: Incorrect datetime value: '0000-00-00' for column 'starter_pack_bought_at' at row 1)
2021/02/02 19:19:20 [release] SQL ERROR:C:/Cavalry/server/src/db/db_def.go:659%!(EXTRA *mysql.MySQLError=Error 1292: Incorrect datetime value: '0000-00-00' for column 'starter_pack_bought_at' at row 1)
2021/02/02 19:19:20 [release] SQL ERROR:C:/Cavalry/server/src/db/db_def.go:659%!(EXTRA *mysql.MySQLError=Error 1292: Incorrect datetime value: '0000-00-00' for column 'starter_pack_bought_at' at row 1)
2021/02/02 19:19:20 [release] SQL ERROR:C:/Cavalry/server/src/db/db_def.go:659%!(EXTRA *mysql.MySQLError=Error 1292: Incorrect datetime value: '0000-00-00' for column 'starter_pack_bought_at' at row 1)
2021/02/02 19:19:20 [release] SQL ERROR:C:/Cavalry/server/src/db/db_def.go:659%!(EXTRA *mysql.MySQLError=Error 1292: Incorrect datetime value: '0000-00-00' for column 'starter_pack_bought_at' at row 1)
2021/02/02 19:19:20 [release] SQL ERROR:C:/Cavalry/server/src/db/db_def.go:659%!(EXTRA *mysql.MySQLError=Error 1292: Incorrect datetime value: '0000-00-00' for column 'starter_pack_bought_at' at row 1)
2021/02/02 19:19:20 [release] SQL ERROR:C:/Cavalry/server/src/db/db_def.go:659%!(EXTRA *mysql.MySQLError=Error 1292: Incorrect datetime value: '0000-00-00' for column 'starter_pack_bought_at' at row 1)
2021/02/02 19:19:20 [release] SQL ERROR:C:/Cavalry/server/src/db/db_def.go:659%!(EXTRA *mysql.MySQLError=Error 1292: Incorrect datetime value: '0000-00-00' for column 'starter_pack_bought_at' at row 1)
2021/02/02 19:19:20 [release] SQL ERROR:C:/Cavalry/server/src/db/db_def.go:659%!(EXTRA *mysql.MySQLError=Error 1292: Incorrect datetime value: '0000-00-00' for column 'starter_pack_bought_at' at row 1)
2021/02/02 19:19:20 [release] SQL ERROR:C:/Cavalry/server/src/db/db_def.go:659%!(EXTRA *mysql.MySQLError=Error 1292: Incorrect datetime value: '0000-00-00' for column 'starter_pack_bought_at1' at row 1)
2021/02/02 19:19:20 [release] SQL ERROR:C:/Cavalry/server/src/db/db_def.go:659%!(EXTRA *mysql.MySQLError=Error 1292: Incorrect datetime value: '0000-00-00' for column 'starter_pack_bought_at' at row 1)
2021/02/02 19:19:20 [release] SQL ERROR:C:/Cavalry/server/src/db/db_def.go:659%!(EXTRA *mysql.MySQLError=Error 1292: Incorrect datetime value: '0000-00-00' for column 'starter_pack_bought_at' at row 1)
2021/02/02 19:19:20 [release] SQL ERROR:C:/Cavalry/server/src/db/db_def.go:659%!(EXTRA *mysql.MySQLError=Error 1292: Incorrect datetime value: '0000-00-00' for column 'starter_pack_bought_at' at row 1)
2021/02/02 19:19:20 [release] SQL ERROR:C:/Cavalry/server/src/db/db_def.go:659%!(EXTRA *mysql.MySQLError=Error 1292: Incorrect datetime value: '0000-00-00' for column 'starter_pack_bought_at' at row 1)
2021/02/02 19:19:20 [release] SQL ERROR:C:/Cavalry/server/src/db/db_def.go:659%!(EXTRA *mysql.MySQLError=Error 1292: Incorrect datetime value: '0000-00-00' for column 'starter_pack_bought_at' at row 1)
2021/02/02 19:19:20 [release] SQL ERROR:C:/Cavalry/server/src/db/db_def.go:659%!(EXTRA *mysql.MySQLError=Error 1292: Incorrect datetime value: '0000-00-00' for column 'starter_pack_bought_at' at row 1)
2021/02/02 19:19:20 [release] SQL ERROR:C:/Cavalry/server/src/db/db_def.go:659%!(EXTRA *mysql.MySQLError=Error 1292: Incorrect datetime value: '0000-00-00' for column 'starter_pack_bought_at' at row 1)
2021/02/02 19:19:20 [release] SQL ERROR:C:/Cavalry/server/src/db/db_def.go:659%!(EXTRA *mysql.MySQLError=Error 1292: Incorrect datetime value: '0000-00-00' for column 'starter_pack_bought_at' at row 1)
2021/02/02 19:19:20 [release] SQL ERROR:C:/Cavalry/server/src/db/db_def.go:659%!(EXTRA *mysql.MySQLError=Error 1292: Incorrect datetime value: '0000-00-00' for column 'starter_pack_bought_at' at row 1)
2021/02/02 19:19:20 [release] SQL ERROR:C:/Cavalry/server/src/db/db_def.go:659%!(EXTRA *mysql.MySQLError=Error 1292: Incorrect datetime value: '0000-00-00' for column 'starter_pack_bought_at' at row 1)
2021/02/02 19:19:20 [release] SQL ERROR:C:/Cavalry/server/src/db/db_def.go:659%!(EXTRA *mysql.MySQLError=Error 1292: Incorrect datetime value: '0000-00-00' for column 'starter_pack_bought_at' at row 1)
2021/02/02 19:19:20 [release] SQL ERROR:C:/Cavalry/server/src/db/db_def.go:659%!(EXTRA *mysql.MySQLError=Error 1292: Incorrect datetime value: '0000-00-00' for column 'starter_pack_bought_at' at row 1)
2021/02/02 19:19:20 [release] SQL ERROR:C:/Cavalry/server/src/db/db_def.go:659%!(EXTRA *mysql.MySQLError=Error 1292: Incorrect datetime value: '0000-00-00' for column 'starter_pack_bought_at' at row 1)
2021/02/02 19:19:20 [release] SQL ERROR:C:/Cavalry/server/src/db/db_def.go:659%!(EXTRA *mysql.MySQLError=Error 1292: Incorrect datetime value: '0000-00-00' for column 'starter_pack_bought_at2' at row 1)
2021/02/02 19:19:20 [release] SQL ERROR:C:/Cavalry/server/src/db/db_def.go:659%!(EXTRA *mysql.MySQLError=Error 1292: Incorrect datetime value: '0000-00-00' for column 'starter_pack_bought_at' at row 1)
2021/02/02 19:19:20 [release] SQL ERROR:C:/Cavalry/server/src/db/db_def.go:659%!(EXTRA *mysql.MySQLError=Error 1292: Incorrect datetime value: '0000-00-00' for column 'starter_pack_bought_at' at row 1)
2021/02/02 19:19:20 [release] SQL ERROR:C:/Cavalry/server/src/db/db_def.go:659%!(EXTRA *mysql.MySQLError=Error 1292: Incorrect datetime value: '0000-00-00' for column 'starter_pack_bought_at' at row 1)
2021/02/02 19:19:20 [release] SQL ERROR:C:/Cavalry/server/src/db/db_def.go:659%!(EXTRA *mysql.MySQLError=Error 1292: Incorrect datetime value: '0000-00-00' for column 'starter_pack_bought_at' at row 1)
2021/02/02 19:19:20 [release] SQL ERROR:C:/Cavalry/server/src/db/db_def.go:659%!(EXTRA *mysql.MySQLError=Error 1292: Incorrect datetime value: '0000-00-00' for column 'starter_pack_bought_at' at row 1)
2021/02/02 19:19:20 [release] SQL ERROR:C:/Cavalry/server/src/db/db_def.go:659%!(EXTRA *mysql.MySQLError=Error 1292: Incorrect datetime value: '0000-00-00' for column 'starter_pack_bought_at' at row 1)
2021/02/02 19:19:20 [release] SQL ERROR:C:/Cavalry/server/src/db/db_def.go:659%!(EXTRA *mysql.MySQLError=Error 1292: Incorrect datetime value: '0000-00-00' for column 'starter_pack_bought_at' at row 1)
2021/02/02 19:19:20 [release] SQL ERROR:C:/Cavalry/server/src/db/db_def.go:659%!(EXTRA *mysql.MySQLError=Error 1292: Incorrect datetime value: '0000-00-00' for column 'starter_pack_bought_at' at row 1)
2021/02/02 19:19:20 [release] SQL ERROR:C:/Cavalry/server/src/db/db_def.go:659%!(EXTRA *mysql.MySQLError=Error 1292: Incorrect datetime value: '0000-00-00' for column 'starter_pack_bought_at' at row 1)
2021/02/02 19:19:20 [release] SQL ERROR:C:/Cavalry/server/src/db/db_def.go:659%!(EXTRA *mysql.MySQLError=Error 1292: Incorrect datetime value: '0000-00-00' for column 'starter_pack_bought_at1' at row 1)
2021/02/02 19:19:20 [release] SQL ERROR:C:/Cavalry/server/src/db/db_def.go:659%!(EXTRA *mysql.MySQLError=Error 1292: Incorrect datetime value: '0000-00-00' for column 'starter_pack_bought_at' at row 1)
2021/02/02 19:19:20 [release] SQL ERROR:C:/Cavalry/server/src/db/db_def.go:659%!(EXTRA *mysql.MySQLError=Error 1292: Incorrect datetime value: '0000-00-00' for column 'starter_pack_bought_at' at row 1)
2021/02/02 19:19:20 [release] SQL ERROR:C:/Cavalry/server/src/db/db_def.go:659%!(EXTRA *mysql.MySQLError=Error 1292: Incorrect datetime value: '0000-00-00' for column 'starter_pack_bought_at' at row 1)
2021/02/02 19:19:20 [release] SQL ERROR:C:/Cavalry/server/src/db/db_def.go:659%!(EXTRA *mysql.MySQLError=Error 1292: Incorrect datetime value: '0000-00-00' for column 'starter_pack_bought_at' at row 1)
2021/02/02 19:19:20 [release] SQL ERROR:C:/Cavalry/server/src/db/db_def.go:659%!(EXTRA *mysql.MySQLError=Error 1292: Incorrect datetime value: '0000-00-00' for column 'starter_pack_bought_at' at row 1)
2021/02/02 19:19:20 [release] SQL ERROR:C:/Cavalry/server/src/db/db_def.go:659%!(EXTRA *mysql.MySQLError=Error 1292: Incorrect datetime value: '0000-00-00' for column 'starter_pack_bought_at' at row 1)
2021/02/02 19:19:20 [release] SQL ERROR:C:/Cavalry/server/src/db/db_def.go:659%!(EXTRA *mysql.MySQLError=Error 1292: Incorrect datetime value: '0000-00-00' for column 'starter_pack_bought_at' at row 1)
2021/02/02 19:19:20 [release] SQL ERROR:C:/Cavalry/server/src/db/db_def.go:659%!(EXTRA *mysql.MySQLError=Error 1292: Incorrect datetime value: '0000-00-00' for column 'starter_pack_bought_at' at row 1)
2021/02/02 19:19:20 [release] SQL ERROR:C:/Cavalry/server/src/db/db_def.go:659%!(EXTRA *mysql.MySQLError=Error 1292: Incorrect datetime value: '0000-00-00' for column 'starter_pack_bought_at' at row 1)
2021/02/02 19:19:20 [release] SQL ERROR:C:/Cavalry/server/src/db/db_def.go:659%!(EXTRA *mysql.MySQLError=Error 1292: Incorrect datetime value: '0000-00-00' for column 'starter_pack_bought_at' at row 1)
2021/02/02 19:19:20 [release] SQL ERROR:C:/Cavalry/server/src/db/db_def.go:659%!(EXTRA *mysql.MySQLError=Error 1292: Incorrect datetime value: '0000-00-00' for column 'starter_pack_bought_at' at row 1)
2021/02/02 19:19:20 [release] SQL ERROR:C:/Cavalry/server/src/db/db_def.go:659%!(EXTRA *mysql.MySQLError=Error 1292: Incorrect datetime value: '0000-00-00' for column 'starter_pack_bought_at' at row 1)
2021/02/02 19:19:20 [release] SQL ERROR:C:/Cavalry/server/src/db/db_def.go:659%!(EXTRA *mysql.MySQLError=Error 1292: Incorrect datetime value: '0000-00-00' for column 'starter_pack_bought_at' at row 1)
2021/02/02 19:19:20 [release] SQL ERROR:C:/Cavalry/server/src/db/db_def.go:659%!(EXTRA *mysql.MySQLError=Error 1292: Incorrect datetime value: '0000-00-00' for column 'starter_pack_bought_at' at row 1)
2021/02/02 19:19:20 [release] SQL ERROR:C:/Cavalry/server/src/db/db_def.go:659%!(EXTRA *mysql.MySQLError=Error 1292: Incorrect datetime value: '0000-00-00' for column 'starter_pack_bought_at' at row 1)
2021/02/02 19:19:20 [release] SQL ERROR:C:/Cavalry/server/src/db/db_def.go:659%!(EXTRA *mysql.MySQLError=Error 1292: Incorrect datetime value: '0000-00-00' for column 'starter_pack_bought_at' at row 1)
2021/02/02 19:19:20 [release] SQL ERROR:C:/Cavalry/server/src/db/db_def.go:659%!(EXTRA *mysql.MySQLError=Error 1292: Incorrect datetime value: '0000-00-00' for column 'starter_pack_bought_at' at row 1)
2021/02/02 19:19:20 [release] SQL ERROR:C:/Cavalry/server/src/db/db_def.go:659%!(EXTRA *mysql.MySQLError=Error 1292: Incorrect datetime value: '0000-00-00' for column 'starter_pack_bought_at' at row 1)
2021/02/02 19:19:20 [release] SQL ERROR:C:/Cavalry/server/src/db/db_def.go:659%!(EXTRA *mysql.MySQLError=Error 1292: Incorrect datetime value: '0000-00-00' for column 'starter_pack_bought_at' at row 1)
2021/02/02 19:19:20 [release] SQL ERROR:C:/Cavalry/server/src/db/db_def.go:659%!(EXTRA *mysql.MySQLError=Error 1292: Incorrect datetime value: '0000-00-00' for column 'starter_pack_bought_at' at row 1)
2021/02/02 19:19:20 [release] SQL ERROR:C:/Cavalry/server/src/db/db_def.go:659%!(EXTRA *mysql.MySQLError=Error 1292: Incorrect datetime value: '0000-00-00' for column 'starter_pack_bought_at' at row 1)
2021/02/02 19:19:20 [release] SQL ERROR:C:/Cavalry/server/src/db/db_def.go:659%!(EXTRA *mysql.MySQLError=Error 1292: Incorrect datetime value: '0000-00-00' for column 'starter_pack_bought_at' at row 1)
2021/02/02 19:19:20 [release] SQL ERROR:C:/Cavalry/server/src/db/db_def.go:659%!(EXTRA *mysql.MySQLError=Error 1292: Incorrect datetime value: '0000-00-00' for column 'starter_pack_bought_at' at row 1)
2021/02/02 19:19:20 [release] SQL ERROR:C:/Cavalry/server/src/db/db_def.go:659%!(EXTRA *mysql.MySQLError=Error 1292: Incorrect datetime value: '0000-00-00' for column 'starter_pack_bought_at' at row 1)
2021/02/02 19:19:20 [release] SQL ERROR:C:/Cavalry/server/src/db/db_def.go:659%!(EXTRA *mysql.MySQLError=Error 1292: Incorrect datetime value: '0000-00-00' for column 'starter_pack_bought_at' at row 1)
2021/02/02 19:19:20 [release] SQL ERROR:C:/Cavalry/server/src/db/db_def.go:659%!(EXTRA *mysql.MySQLError=Error 1292: Incorrect datetime value: '0000-00-00' for column 'starter_pack_bought_at' at row 1)
2021/02/02 19:19:20 [release] SQL ERROR:C:/Cavalry/server/src/db/db_def.go:659%!(EXTRA *mysql.MySQLError=Error 1292: Incorrect datetime value: '0000-00-00' for column 'starter_pack_bought_at' at row 1)
2021/02/02 19:19:20 [release] SQL ERROR:C:/Cavalry/server/src/db/db_def.go:659%!(EXTRA *mysql.MySQLError=Error 1292: Incorrect datetime value: '0000-00-00' for column 'starter_pack_bought_at' at row 1)
2021/02/02 19:19:20 [release] SQL ERROR:C:/Cavalry/server/src/db/db_def.go:659%!(EXTRA *mysql.MySQLError=Error 1292: Incorrect datetime value: '0000-00-00' for column 'starter_pack_bought_at' at row 1)
2021/02/02 19:19:20 [release] SQL ERROR:C:/Cavalry/server/src/db/db_def.go:659%!(EXTRA *mysql.MySQLError=Error 1292: Incorrect datetime value: '0000-00-00' for column 'starter_pack_bought_at' at row 1)
2021/02/02 19:19:20 [release] SQL ERROR:C:/Cavalry/server/src/db/db_def.go:659%!(EXTRA *mysql.MySQLError=Error 1292: Incorrect datetime value: '0000-00-00' for column 'starter_pack_bought_at' at row 1)
2021/02/02 19:19:20 [release] SQL ERROR:C:/Cavalry/server/src/db/db_def.go:659%!(EXTRA *mysql.MySQLError=Error 1292: Incorrect datetime value: '0000-00-00' for column 'starter_pack_bought_at' at row 1)
2021/02/02 19:19:20 [release] SQL ERROR:C:/Cavalry/server/src/db/db_def.go:659%!(EXTRA *mysql.MySQLError=Error 1292: Incorrect datetime value: '0000-00-00' for column 'starter_pack_bought_at' at row 1)
2021/02/02 19:19:20 [release] SQL ERROR:C:/Cavalry/server/src/db/db_def.go:659%!(EXTRA *mysql.MySQLError=Error 1292: Incorrect datetime value: '0000-00-00' for column 'starter_pack_bought_at' at row 1)
2021/02/02 19:19:20 [release] SQL ERROR:C:/Cavalry/server/src/db/db_def.go:659%!(EXTRA *mysql.MySQLError=Error 1292: Incorrect datetime value: '0000-00-00' for column 'starter_pack_bought_at' at row 1)
2021/02/02 19:19:20 [release] SQL ERROR:C:/Cavalry/server/src/db/db_def.go:659%!(EXTRA *mysql.MySQLError=Error 1292: Incorrect datetime value: '0000-00-00' for column 'starter_pack_bought_at' at row 1)
2021/02/02 19:19:20 [release] SQL ERROR:C:/Cavalry/server/src/db/db_def.go:659%!(EXTRA *mysql.MySQLError=Error 1292: Incorrect datetime value: '0000-00-00' for column 'starter_pack_bought_at' at row 1)
2021/02/02 19:19:20 [release] SQL ERROR:C:/Cavalry/server/src/db/db_def.go:659%!(EXTRA *mysql.MySQLError=Error 1292: Incorrect datetime value: '0000-00-00' for column 'starter_pack_bought_at2' at row 1)
2021/02/02 19:19:20 [release] SQL ERROR:C:/Cavalry/server/src/db/db_def.go:659%!(EXTRA *mysql.MySQLError=Error 1292: Incorrect datetime value: '0000-00-00' for column 'starter_pack_bought_at' at row 1)
2021/02/02 19:19:20 [release] SQL ERROR:C:/Cavalry/server/src/db/db_def.go:659%!(EXTRA *mysql.MySQLError=Error 1292: Incorrect datetime value: '0000-00-00' for column 'starter_pack_bought_at' at row 1)
2021/02/02 19:19:20 [release] SQL ERROR:C:/Cavalry/server/src/db/db_def.go:659%!(EXTRA *mysql.MySQLError=Error 1292: Incorrect datetime value: '0000-00-00' for column 'starter_pack_bought_at' at row 1)
2021/02/02 19:19:20 [release] SQL ERROR:C:/Cavalry/server/src/db/db_def.go:659%!(EXTRA *mysql.MySQLError=Error 1292: Incorrect datetime value: '0000-00-00' for column 'starter_pack_bought_at' at row 1)
2021/02/02 19:19:20 [release] SQL ERROR:C:/Cavalry/server/src/db/db_def.go:659%!(EXTRA *mysql.MySQLError=Error 1292: Incorrect datetime value: '0000-00-00' for column 'starter_pack_bought_at' at row 1)
2021/02/02 19:19:20 [release] SQL ERROR:C:/Cavalry/server/src/db/db_def.go:659%!(EXTRA *mysql.MySQLError=Error 1292: Incorrect datetime value: '0000-00-00' for column 'starter_pack_bought_at' at row 1)
2021/02/02 19:19:20 [release] SQL ERROR:C:/Cavalry/server/src/db/db_def.go:659%!(EXTRA *mysql.MySQLError=Error 1292: Incorrect datetime value: '0000-00-00' for column 'starter_pack_bought_at' at row 1)
2021/02/02 19:19:20 [release] SQL ERROR:C:/Cavalry/server/src/db/db_def.go:659%!(EXTRA *mysql.MySQLError=Error 1292: Incorrect datetime value: '0000-00-00' for column 'starter_pack_bought_at1' at row 1)
2021/02/02 19:19:20 [release] SQL ERROR:C:/Cavalry/server/src/db/db_def.go:659%!(EXTRA *mysql.MySQLError=Error 1292: Incorrect datetime value: '0000-00-00' for column 'starter_pack_bought_at' at row 1)
2021/02/02 19:19:20 [release] SQL ERROR:C:/Cavalry/server/src/db/db_def.go:659%!(EXTRA *mysql.MySQLError=Error 1292: Incorrect datetime value: '0000-00-00' for column 'starter_pack_bought_at1' at row 1)
2021/02/02 19:19:20 [release] SQL ERROR:C:/Cavalry/server/src/db/db_def.go:659%!(EXTRA *mysql.MySQLError=Error 1292: Incorrect datetime value: '0000-00-00' for column 'starter_pack_bought_at' at row 1)
2021/02/02 19:19:20 [release] SQL ERROR:C:/Cavalry/server/src/db/db_def.go:659%!(EXTRA *mysql.MySQLError=Error 1292: Incorrect datetime value: '0000-00-00' for column 'starter_pack_bought_at' at row 1)
2021/02/02 19:19:20 [release] SQL ERROR:C:/Cavalry/server/src/db/db_def.go:659%!(EXTRA *mysql.MySQLError=Error 1292: Incorrect datetime value: '0000-00-00' for column 'starter_pack_bought_at' at row 1)
2021/02/02 19:19:20 [release] SQL ERROR:C:/Cavalry/server/src/db/db_def.go:659%!(EXTRA *mysql.MySQLError=Error 1292: Incorrect datetime value: '0000-00-00' for column 'starter_pack_bought_at1' at row 1)
2021/02/02 19:19:20 [release] SQL ERROR:C:/Cavalry/server/src/db/db_def.go:659%!(EXTRA *mysql.MySQLError=Error 1292: Incorrect datetime value: '0000-00-00' for column 'starter_pack_bought_at' at row 1)
2021/02/02 19:19:20 [release] SQL ERROR:C:/Cavalry/server/src/db/db_def.go:659%!(EXTRA *mysql.MySQLError=Error 1292: Incorrect datetime value: '0000-00-00' for column 'starter_pack_bought_at' at row 1)
2021/02/02 19:19:20 [release] SQL ERROR:C:/Cavalry/server/src/db/db_def.go:659%!(EXTRA *mysql.MySQLError=Error 1292: Incorrect datetime value: '0000-00-00' for column 'starter_pack_bought_at' at row 1)
2021/02/02 19:19:20 [release] SQL ERROR:C:/Cavalry/server/src/db/db_def.go:659%!(EXTRA *mysql.MySQLError=Error 1292: Incorrect datetime value: '0000-00-00' for column 'starter_pack_bought_at' at row 1)
2021/02/02 19:19:20 [release] SQL ERROR:C:/Cavalry/server/src/db/db_def.go:659%!(EXTRA *mysql.MySQLError=Error 1292: Incorrect datetime value: '0000-00-00' for column 'starter_pack_bought_at' at row 1)
2021/02/02 19:19:20 [release] SQL ERROR:C:/Cavalry/server/src/db/db_def.go:659%!(EXTRA *mysql.MySQLError=Error 1292: Incorrect datetime value: '0000-00-00' for column 'starter_pack_bought_at' at row 1)
2021/02/02 19:19:20 [release] SQL ERROR:C:/Cavalry/server/src/db/db_def.go:659%!(EXTRA *mysql.MySQLError=Error 1292: Incorrect datetime value: '0000-00-00' for column 'starter_pack_bought_at' at row 1)
2021/02/02 19:19:20 [release] SQL ERROR:C:/Cavalry/server/src/db/db_def.go:659%!(EXTRA *mysql.MySQLError=Error 1292: Incorrect datetime value: '0000-00-00' for column 'starter_pack_bought_at' at row 1)
2021/02/02 19:19:20 [release] SQL ERROR:C:/Cavalry/server/src/db/db_def.go:659%!(EXTRA *mysql.MySQLError=Error 1292: Incorrect datetime value: '0000-00-00' for column 'starter_pack_bought_at' at row 1)
2021/02/02 19:19:20 [release] SQL ERROR:C:/Cavalry/server/src/db/db_def.go:659%!(EXTRA *mysql.MySQLError=Error 1292: Incorrect datetime value: '0000-00-00' for column 'starter_pack_bought_at' at row 1)
2021/02/02 19:19:20 [release] SQL ERROR:C:/Cavalry/server/src/db/db_def.go:659%!(EXTRA *mysql.MySQLError=Error 1292: Incorrect datetime value: '0000-00-00' for column 'starter_pack_bought_at' at row 1)
2021/02/02 19:19:20 [release] SQL ERROR:C:/Cavalry/server/src/db/db_def.go:659%!(EXTRA *mysql.MySQLError=Error 1292: Incorrect datetime value: '0000-00-00' for column 'starter_pack_bought_at' at row 1)
2021/02/02 19:19:20 [release] SQL ERROR:C:/Cavalry/server/src/db/db_def.go:659%!(EXTRA *mysql.MySQLError=Error 1292: Incorrect datetime value: '0000-00-00' for column 'starter_pack_bought_at' at row 1)
2021/02/02 19:19:20 [release] SQL ERROR:C:/Cavalry/server/src/db/db_def.go:659%!(EXTRA *mysql.MySQLError=Error 1292: Incorrect datetime value: '0000-00-00' for column 'starter_pack_bought_at' at row 1)
2021/02/02 19:19:20 [release] SQL ERROR:C:/Cavalry/server/src/db/db_def.go:659%!(EXTRA *mysql.MySQLError=Error 1292: Incorrect datetime value: '0000-00-00' for column 'starter_pack_bought_at' at row 1)
2021/02/02 19:19:20 [release] SQL ERROR:C:/Cavalry/server/src/db/db_def.go:659%!(EXTRA *mysql.MySQLError=Error 1292: Incorrect datetime value: '0000-00-00' for column 'starter_pack_bought_at' at row 1)
2021/02/02 19:19:20 [release] SQL ERROR:C:/Cavalry/server/src/db/db_def.go:659%!(EXTRA *mysql.MySQLError=Error 1292: Incorrect datetime value: '0000-00-00' for column 'starter_pack_bought_at' at row 1)
2021/02/02 19:19:20 [release] SQL ERROR:C:/Cavalry/server/src/db/db_def.go:659%!(EXTRA *mysql.MySQLError=Error 1292: Incorrect datetime value: '0000-00-00' for column 'starter_pack_bought_at' at row 1)
2021/02/02 19:19:20 [release] SQL ERROR:C:/Cavalry/server/src/db/db_def.go:659%!(EXTRA *mysql.MySQLError=Error 1292: Incorrect datetime value: '0000-00-00' for column 'starter_pack_bought_at' at row 1)
2021/02/02 19:19:20 [release] SQL ERROR:C:/Cavalry/server/src/db/db_def.go:659%!(EXTRA *mysql.MySQLError=Error 1292: Incorrect datetime value: '0000-00-00' for column 'starter_pack_bought_at' at row 1)
2021/02/02 19:19:20 [release] SQL ERROR:C:/Cavalry/server/src/db/db_def.go:659%!(EXTRA *mysql.MySQLError=Error 1292: Incorrect datetime value: '0000-00-00' for column 'starter_pack_bought_at' at row 1)
2021/02/02 19:19:20 [release] SQL ERROR:C:/Cavalry/server/src/db/db_def.go:659%!(EXTRA *mysql.MySQLError=Error 1292: Incorrect datetime value: '0000-00-00' for column 'starter_pack_bought_at' at row 1)
2021/02/02 19:19:20 [release] SQL ERROR:C:/Cavalry/server/src/db/db_def.go:659%!(EXTRA *mysql.MySQLError=Error 1292: Incorrect datetime value: '0000-00-00' for column 'starter_pack_bought_at' at row 1)
2021/02/02 19:19:20 [release] SQL ERROR:C:/Cavalry/server/src/db/db_def.go:659%!(EXTRA *mysql.MySQLError=Error 1292: Incorrect datetime value: '0000-00-00' for column 'starter_pack_bought_at' at row 1)
2021/02/02 19:19:20 [release] SQL ERROR:C:/Cavalry/server/src/db/db_def.go:659%!(EXTRA *mysql.MySQLError=Error 1292: Incorrect datetime value: '0000-00-00' for column 'starter_pack_bought_at' at row 1)
2021/02/02 19:19:20 [release] SQL ERROR:C:/Cavalry/server/src/db/db_def.go:659%!(EXTRA *mysql.MySQLError=Error 1292: Incorrect datetime value: '0000-00-00' for column 'starter_pack_bought_at' at row 1)
2021/02/02 19:19:20 [release] SQL ERROR:C:/Cavalry/server/src/db/db_def.go:659%!(EXTRA *mysql.MySQLError=Error 1292: Incorrect datetime value: '0000-00-00' for column 'starter_pack_bought_at' at row 1)
2021/02/02 19:19:20 [release] SQL ERROR:C:/Cavalry/server/src/db/db_def.go:659%!(EXTRA *mysql.MySQLError=Error 1292: Incorrect datetime value: '0000-00-00' for column 'starter_pack_bought_at1' at row 1)
2021/02/02 19:19:20 [release] SQL ERROR:C:/Cavalry/server/src/db/db_def.go:659%!(EXTRA *mysql.MySQLError=Error 1292: Incorrect datetime value: '0000-00-00' for column 'starter_pack_bought_at' at row 1)
2021/02/02 19:19:20 [release] SQL ERROR:C:/Cavalry/server/src/db/db_def.go:659%!(EXTRA *mysql.MySQLError=Error 1292: Incorrect datetime value: '0000-00-00' for column 'starter_pack_bought_at' at row 1)
2021/02/02 19:19:20 [release] SQL ERROR:C:/Cavalry/server/src/db/db_def.go:659%!(EXTRA *mysql.MySQLError=Error 1292: Incorrect datetime value: '0000-00-00' for column 'starter_pack_bought_at' at row 1)
2021/02/02 19:19:20 [release] SQL ERROR:C:/Cavalry/server/src/db/db_def.go:659%!(EXTRA *mysql.MySQLError=Error 1292: Incorrect datetime value: '0000-00-00' for column 'starter_pack_bought_at' at row 1)
2021/02/02 19:19:20 [release] SQL ERROR:C:/Cavalry/server/src/db/db_def.go:659%!(EXTRA *mysql.MySQLError=Error 1292: Incorrect datetime value: '0000-00-00' for column 'starter_pack_bought_at' at row 1)
2021/02/02 19:19:20 [release] SQL ERROR:C:/Cavalry/server/src/db/db_def.go:659%!(EXTRA *mysql.MySQLError=Error 1292: Incorrect datetime value: '0000-00-00' for column 'starter_pack_bought_at' at row 1)
2021/02/02 19:19:20 [release] SQL ERROR:C:/Cavalry/server/src/db/db_def.go:659%!(EXTRA *mysql.MySQLError=Error 1292: Incorrect datetime value: '0000-00-00' for column 'starter_pack_bought_at' at row 1)
2021/02/02 19:19:20 [release] SQL ERROR:C:/Cavalry/server/src/db/db_def.go:659%!(EXTRA *mysql.MySQLError=Error 1292: Incorrect datetime value: '0000-00-00' for column 'starter_pack_bought_at2' at row 1)
2021/02/02 19:19:20 [release] SQL ERROR:C:/Cavalry/server/src/db/db_def.go:659%!(EXTRA *mysql.MySQLError=Error 1292: Incorrect datetime value: '0000-00-00' for column 'starter_pack_bought_at' at row 1)
2021/02/02 19:19:20 [release] SQL ERROR:C:/Cavalry/server/src/db/db_def.go:659%!(EXTRA *mysql.MySQLError=Error 1292: Incorrect datetime value: '0000-00-00' for column 'starter_pack_bought_at' at row 1)
2021/02/02 19:19:20 [release] SQL ERROR:C:/Cavalry/server/src/db/db_def.go:659%!(EXTRA *mysql.MySQLError=Error 1292: Incorrect datetime value: '0000-00-00' for column 'starter_pack_bought_at' at row 1)
2021/02/02 19:19:20 [release] SQL ERROR:C:/Cavalry/server/src/db/db_def.go:659%!(EXTRA *mysql.MySQLError=Error 1292: Incorrect datetime value: '0000-00-00' for column 'starter_pack_bought_at' at row 1)
2021/02/02 19:19:20 [release] SQL ERROR:C:/Cavalry/server/src/db/db_def.go:659%!(EXTRA *mysql.MySQLError=Error 1292: Incorrect datetime value: '0000-00-00' for column 'starter_pack_bought_at' at row 1)
2021/02/02 19:19:20 [release] SQL ERROR:C:/Cavalry/server/src/db/db_def.go:659%!(EXTRA *mysql.MySQLError=Error 1292: Incorrect datetime value: '0000-00-00' for column 'starter_pack_bought_at' at row 1)
2021/02/02 19:19:20 [release] SQL ERROR:C:/Cavalry/server/src/db/db_def.go:659%!(EXTRA *mysql.MySQLError=Error 1292: Incorrect datetime value: '0000-00-00' for column 'starter_pack_bought_at' at row 1)
2021/02/02 19:19:20 [release] SQL ERROR:C:/Cavalry/server/src/db/db_def.go:659%!(EXTRA *mysql.MySQLError=Error 1292: Incorrect datetime value: '0000-00-00' for column 'starter_pack_bought_at' at row 1)
2021/02/02 19:19:20 [release] SQL ERROR:C:/Cavalry/server/src/db/db_def.go:659%!(EXTRA *mysql.MySQLError=Error 1292: Incorrect datetime value: '0000-00-00' for column 'starter_pack_bought_at' at row 1)
2021/02/02 19:19:20 [release] SQL ERROR:C:/Cavalry/server/src/db/db_def.go:659%!(EXTRA *mysql.MySQLError=Error 1292: Incorrect datetime value: '0000-00-00' for column 'guild_mill_time' at row 1)
2021/02/02 19:19:20 [release] SQL ERROR:C:/Cavalry/server/src/db/db_def.go:659%!(EXTRA *mysql.MySQLError=Error 1292: Incorrect datetime value: '0000-00-00' for column 'starter_pack_bought_at' at row 1)
2021/02/02 19:19:20 [release] SQL ERROR:C:/Cavalry/server/src/db/db_def.go:659%!(EXTRA *mysql.MySQLError=Error 1292: Incorrect datetime value: '0000-00-00' for column 'starter_pack_bought_at' at row 1)
2021/02/02 19:19:20 [release] SQL ERROR:C:/Cavalry/server/src/db/db_def.go:659%!(EXTRA *mysql.MySQLError=Error 1292: Incorrect datetime value: '0000-00-00' for column 'starter_pack_bought_at2' at row 1)
2021/02/02 19:19:20 [release] SQL ERROR:C:/Cavalry/server/src/db/db_def.go:659%!(EXTRA *mysql.MySQLError=Error 1292: Incorrect datetime value: '0000-00-00' for column 'starter_pack_bought_at' at row 1)
2021/02/02 19:19:20 [release] SQL ERROR:C:/Cavalry/server/src/db/db_def.go:659%!(EXTRA *mysql.MySQLError=Error 1292: Incorrect datetime value: '0000-00-00' for column 'starter_pack_bought_at2' at row 1)
2021/02/02 19:19:20 [release] SQL ERROR:C:/Cavalry/server/src/db/db_def.go:659%!(EXTRA *mysql.MySQLError=Error 1292: Incorrect datetime value: '0000-00-00' for column 'starter_pack_bought_at' at row 1)
2021/02/02 19:19:20 [release] SQL ERROR:C:/Cavalry/server/src/db/db_def.go:659%!(EXTRA *mysql.MySQLError=Error 1292: Incorrect datetime value: '0000-00-00' for column 'starter_pack_bought_at' at row 1)
2021/02/02 19:19:20 [release] SQL ERROR:C:/Cavalry/server/src/db/db_def.go:659%!(EXTRA *mysql.MySQLError=Error 1292: Incorrect datetime value: '0000-00-00' for column 'starter_pack_bought_at' at row 1)
2021/02/02 19:19:20 [release] SQL ERROR:C:/Cavalry/server/src/db/db_def.go:659%!(EXTRA *mysql.MySQLError=Error 1292: Incorrect datetime value: '0000-00-00' for column 'starter_pack_bought_at' at row 1)
2021/02/02 19:19:20 [release] SQL ERROR:C:/Cavalry/server/src/db/db_def.go:659%!(EXTRA *mysql.MySQLError=Error 1292: Incorrect datetime value: '0000-00-00' for column 'starter_pack_bought_at1' at row 1)
2021/02/02 19:19:20 [release] SQL ERROR:C:/Cavalry/server/src/db/db_def.go:659%!(EXTRA *mysql.MySQLError=Error 1292: Incorrect datetime value: '0000-00-00' for column 'starter_pack_bought_at' at row 1)
2021/02/02 19:19:20 [release] SQL ERROR:C:/Cavalry/server/src/db/db_def.go:659%!(EXTRA *mysql.MySQLError=Error 1292: Incorrect datetime value: '0000-00-00' for column 'starter_pack_bought_at1' at row 1)
2021/02/02 19:19:20 [release] SQL ERROR:C:/Cavalry/server/src/db/db_def.go:659%!(EXTRA *mysql.MySQLError=Error 1292: Incorrect datetime value: '0000-00-00' for column 'starter_pack_bought_at2' at row 1)
2021/02/02 19:19:20 [release] SQL ERROR:C:/Cavalry/server/src/db/db_def.go:659%!(EXTRA *mysql.MySQLError=Error 1292: Incorrect datetime value: '0000-00-00' for column 'starter_pack_bought_at' at row 1)
2021/02/02 19:19:20 [release] SQL ERROR:C:/Cavalry/server/src/db/db_def.go:659%!(EXTRA *mysql.MySQLError=Error 1292: Incorrect datetime value: '0000-00-00' for column 'starter_pack_bought_at' at row 1)
2021/02/02 19:19:20 [release] SQL ERROR:C:/Cavalry/server/src/db/db_def.go:659%!(EXTRA *mysql.MySQLError=Error 1292: Incorrect datetime value: '0000-00-00' for column 'starter_pack_bought_at' at row 1)
2021/02/02 19:19:20 [release] SQL ERROR:C:/Cavalry/server/src/db/db_def.go:659%!(EXTRA *mysql.MySQLError=Error 1292: Incorrect datetime value: '0000-00-00' for column 'starter_pack_bought_at' at row 1)
2021/02/02 19:19:20 [release] SQL ERROR:C:/Cavalry/server/src/db/db_def.go:659%!(EXTRA *mysql.MySQLError=Error 1292: Incorrect datetime value: '0000-00-00' for column 'starter_pack_bought_at' at row 1)
2021/02/02 19:19:20 [release] SQL ERROR:C:/Cavalry/server/src/db/db_def.go:659%!(EXTRA *mysql.MySQLError=Error 1292: Incorrect datetime value: '0000-00-00' for column 'starter_pack_bought_at1' at row 1)
2021/02/02 19:19:20 [release] SQL ERROR:C:/Cavalry/server/src/db/db_def.go:659%!(EXTRA *mysql.MySQLError=Error 1292: Incorrect datetime value: '0000-00-00' for column 'starter_pack_bought_at' at row 1)
2021/02/02 19:19:20 [release] SQL ERROR:C:/Cavalry/server/src/db/db_def.go:659%!(EXTRA *mysql.MySQLError=Error 1292: Incorrect datetime value: '0000-00-00' for column 'starter_pack_bought_at' at row 1)
2021/02/02 19:19:20 [release] SQL ERROR:C:/Cavalry/server/src/db/db_def.go:659%!(EXTRA *mysql.MySQLError=Error 1292: Incorrect datetime value: '0000-00-00' for column 'starter_pack_bought_at' at row 1)
2021/02/02 19:19:20 [release] SQL ERROR:C:/Cavalry/server/src/db/db_def.go:659%!(EXTRA *mysql.MySQLError=Error 1292: Incorrect datetime value: '0000-00-00' for column 'starter_pack_bought_at' at row 1)
2021/02/02 19:19:20 [release] SQL ERROR:C:/Cavalry/server/src/db/db_def.go:659%!(EXTRA *mysql.MySQLError=Error 1292: Incorrect datetime value: '0000-00-00' for column 'starter_pack_bought_at' at row 1)
2021/02/02 19:19:20 [release] SQL ERROR:C:/Cavalry/server/src/db/db_def.go:659%!(EXTRA *mysql.MySQLError=Error 1292: Incorrect datetime value: '0000-00-00' for column 'starter_pack_bought_at1' at row 1)
2021/02/02 19:19:20 [release] SQL ERROR:C:/Cavalry/server/src/db/db_def.go:659%!(EXTRA *mysql.MySQLError=Error 1292: Incorrect datetime value: '0000-00-00' for column 'starter_pack_bought_at' at row 1)
2021/02/02 19:19:20 [release] SQL ERROR:C:/Cavalry/server/src/db/db_def.go:659%!(EXTRA *mysql.MySQLError=Error 1292: Incorrect datetime value: '0000-00-00' for column 'starter_pack_bought_at' at row 1)
2021/02/02 19:19:20 [release] SQL ERROR:C:/Cavalry/server/src/db/db_def.go:659%!(EXTRA *mysql.MySQLError=Error 1292: Incorrect datetime value: '0000-00-00' for column 'starter_pack_bought_at' at row 1)
2021/02/02 19:19:20 [release] SQL ERROR:C:/Cavalry/server/src/db/db_def.go:659%!(EXTRA *mysql.MySQLError=Error 1292: Incorrect datetime value: '0000-00-00' for column 'starter_pack_bought_at' at row 1)
2021/02/02 19:19:20 [release] SQL ERROR:C:/Cavalry/server/src/db/db_def.go:659%!(EXTRA *mysql.MySQLError=Error 1292: Incorrect datetime value: '0000-00-00' for column 'starter_pack_bought_at' at row 1)
2021/02/02 19:19:20 [release] SQL ERROR:C:/Cavalry/server/src/db/db_def.go:659%!(EXTRA *mysql.MySQLError=Error 1292: Incorrect datetime value: '0000-00-00' for column 'starter_pack_bought_at' at row 1)
2021/02/02 19:19:20 [release] SQL ERROR:C:/Cavalry/server/src/db/db_def.go:659%!(EXTRA *mysql.MySQLError=Error 1292: Incorrect datetime value: '0000-00-00' for column 'starter_pack_bought_at' at row 1)
2021/02/02 19:19:20 [release] SQL ERROR:C:/Cavalry/server/src/db/db_def.go:659%!(EXTRA *mysql.MySQLError=Error 1292: Incorrect datetime value: '0000-00-00' for column 'starter_pack_bought_at' at row 1)
2021/02/02 19:19:20 [release] SQL ERROR:C:/Cavalry/server/src/db/db_def.go:659%!(EXTRA *mysql.MySQLError=Error 1292: Incorrect datetime value: '0000-00-00' for column 'starter_pack_bought_at' at row 1)
2021/02/02 19:19:20 [release] SQL ERROR:C:/Cavalry/server/src/db/db_def.go:659%!(EXTRA *mysql.MySQLError=Error 1292: Incorrect datetime value: '0000-00-00' for column 'starter_pack_bought_at' at row 1)
2021/02/02 19:19:20 [release] SQL ERROR:C:/Cavalry/server/src/db/db_def.go:659%!(EXTRA *mysql.MySQLError=Error 1292: Incorrect datetime value: '0000-00-00' for column 'starter_pack_bought_at' at row 1)
2021/02/02 19:19:20 [release] SQL ERROR:C:/Cavalry/server/src/db/db_def.go:659%!(EXTRA *mysql.MySQLError=Error 1292: Incorrect datetime value: '0000-00-00' for column 'starter_pack_bought_at' at row 1)
2021/02/02 19:19:20 [release] SQL ERROR:C:/Cavalry/server/src/db/db_def.go:659%!(EXTRA *mysql.MySQLError=Error 1292: Incorrect datetime value: '0000-00-00' for column 'starter_pack_bought_at' at row 1)
2021/02/02 19:19:20 [release] SQL ERROR:C:/Cavalry/server/src/db/db_def.go:659%!(EXTRA *mysql.MySQLError=Error 1292: Incorrect datetime value: '0000-00-00' for column 'starter_pack_bought_at' at row 1)
2021/02/02 19:19:20 [release] SQL ERROR:C:/Cavalry/server/src/db/db_def.go:659%!(EXTRA *mysql.MySQLError=Error 1292: Incorrect datetime value: '0000-00-00' for column 'starter_pack_bought_at' at row 1)
2021/02/02 19:19:20 [release] SQL ERROR:C:/Cavalry/server/src/db/db_def.go:659%!(EXTRA *mysql.MySQLError=Error 1292: Incorrect datetime value: '0000-00-00' for column 'starter_pack_bought_at' at row 1)
2021/02/02 19:19:20 [release] SQL ERROR:C:/Cavalry/server/src/db/db_def.go:659%!(EXTRA *mysql.MySQLError=Error 1292: Incorrect datetime value: '0000-00-00' for column 'starter_pack_bought_at' at row 1)
2021/02/02 19:19:20 [release] SQL ERROR:C:/Cavalry/server/src/db/db_def.go:659%!(EXTRA *mysql.MySQLError=Error 1292: Incorrect datetime value: '0000-00-00' for column 'starter_pack_bought_at' at row 1)
2021/02/02 19:19:20 [release] SQL ERROR:C:/Cavalry/server/src/db/db_def.go:659%!(EXTRA *mysql.MySQLError=Error 1292: Incorrect datetime value: '0000-00-00' for column 'starter_pack_bought_at' at row 1)
2021/02/02 19:19:20 [release] SQL ERROR:C:/Cavalry/server/src/db/db_def.go:659%!(EXTRA *mysql.MySQLError=Error 1292: Incorrect datetime value: '0000-00-00' for column 'starter_pack_bought_at' at row 1)
2021/02/02 19:19:20 [release] SQL ERROR:C:/Cavalry/server/src/db/db_def.go:659%!(EXTRA *mysql.MySQLError=Error 1292: Incorrect datetime value: '0000-00-00' for column 'starter_pack_bought_at' at row 1)
2021/02/02 19:19:20 [release] SQL ERROR:C:/Cavalry/server/src/db/db_def.go:659%!(EXTRA *mysql.MySQLError=Error 1292: Incorrect datetime value: '0000-00-00' for column 'starter_pack_bought_at' at row 1)
2021/02/02 19:19:20 [release] SQL ERROR:C:/Cavalry/server/src/db/db_def.go:659%!(EXTRA *mysql.MySQLError=Error 1292: Incorrect datetime value: '0000-00-00' for column 'starter_pack_bought_at' at row 1)
2021/02/02 19:19:20 [release] SQL ERROR:C:/Cavalry/server/src/db/db_def.go:659%!(EXTRA *mysql.MySQLError=Error 1292: Incorrect datetime value: '0000-00-00' for column 'starter_pack_bought_at' at row 1)
2021/02/02 19:19:20 [release] SQL ERROR:C:/Cavalry/server/src/db/db_def.go:659%!(EXTRA *mysql.MySQLError=Error 1292: Incorrect datetime value: '0000-00-00' for column 'starter_pack_bought_at' at row 1)
2021/02/02 19:19:20 [release] SQL ERROR:C:/Cavalry/server/src/db/db_def.go:659%!(EXTRA *mysql.MySQLError=Error 1292: Incorrect datetime value: '0000-00-00' for column 'starter_pack_bought_at' at row 1)
2021/02/02 19:19:20 [release] SQL ERROR:C:/Cavalry/server/src/db/db_def.go:659%!(EXTRA *mysql.MySQLError=Error 1292: Incorrect datetime value: '0000-00-00' for column 'starter_pack_bought_at' at row 1)
2021/02/02 19:19:20 [release] SQL ERROR:C:/Cavalry/server/src/db/db_def.go:659%!(EXTRA *mysql.MySQLError=Error 1292: Incorrect datetime value: '0000-00-00' for column 'starter_pack_bought_at' at row 1)
2021/02/02 19:19:20 [release] SQL ERROR:C:/Cavalry/server/src/db/db_def.go:659%!(EXTRA *mysql.MySQLError=Error 1292: Incorrect datetime value: '0000-00-00' for column 'starter_pack_bought_at' at row 1)
2021/02/02 19:19:20 [release] SQL ERROR:C:/Cavalry/server/src/db/db_def.go:659%!(EXTRA *mysql.MySQLError=Error 1292: Incorrect datetime value: '0000-00-00' for column 'starter_pack_bought_at' at row 1)
2021/02/02 19:19:20 [release] SQL ERROR:C:/Cavalry/server/src/db/db_def.go:659%!(EXTRA *mysql.MySQLError=Error 1292: Incorrect datetime value: '0000-00-00' for column 'starter_pack_bought_at' at row 1)
2021/02/02 19:19:20 [release] SQL ERROR:C:/Cavalry/server/src/db/db_def.go:659%!(EXTRA *mysql.MySQLError=Error 1292: Incorrect datetime value: '0000-00-00' for column 'starter_pack_bought_at' at row 1)
2021/02/02 19:19:20 [release] SQL ERROR:C:/Cavalry/server/src/db/db_def.go:659%!(EXTRA *mysql.MySQLError=Error 1292: Incorrect datetime value: '0000-00-00' for column 'starter_pack_bought_at' at row 1)
2021/02/02 19:19:20 [release] SQL ERROR:C:/Cavalry/server/src/db/db_def.go:659%!(EXTRA *mysql.MySQLError=Error 1292: Incorrect datetime value: '0000-00-00' for column 'starter_pack_bought_at' at row 1)
2021/02/02 19:19:20 [release] SQL ERROR:C:/Cavalry/server/src/db/db_def.go:659%!(EXTRA *mysql.MySQLError=Error 1292: Incorrect datetime value: '0000-00-00' for column 'starter_pack_bought_at' at row 1)
2021/02/02 19:19:20 [release] SQL ERROR:C:/Cavalry/server/src/db/db_def.go:659%!(EXTRA *mysql.MySQLError=Error 1292: Incorrect datetime value: '0000-00-00' for column 'starter_pack_bought_at' at row 1)
2021/02/02 19:19:20 [release] SQL ERROR:C:/Cavalry/server/src/db/db_def.go:659%!(EXTRA *mysql.MySQLError=Error 1292: Incorrect datetime value: '0000-00-00' for column 'starter_pack_bought_at' at row 1)
2021/02/02 19:19:20 [release] SQL ERROR:C:/Cavalry/server/src/db/db_def.go:659%!(EXTRA *mysql.MySQLError=Error 1292: Incorrect datetime value: '0000-00-00' for column 'starter_pack_bought_at' at row 1)
2021/02/02 19:19:20 [release] SQL ERROR:C:/Cavalry/server/src/db/db_def.go:659%!(EXTRA *mysql.MySQLError=Error 1292: Incorrect datetime value: '0000-00-00' for column 'starter_pack_bought_at' at row 1)
2021/02/02 19:19:20 [release] SQL ERROR:C:/Cavalry/server/src/db/db_def.go:659%!(EXTRA *mysql.MySQLError=Error 1292: Incorrect datetime value: '0000-00-00' for column 'starter_pack_bought_at' at row 1)
2021/02/02 19:19:20 [release] SQL ERROR:C:/Cavalry/server/src/db/db_def.go:659%!(EXTRA *mysql.MySQLError=Error 1292: Incorrect datetime value: '0000-00-00' for column 'starter_pack_bought_at' at row 1)
2021/02/02 19:19:20 [release] SQL ERROR:C:/Cavalry/server/src/db/db_def.go:659%!(EXTRA *mysql.MySQLError=Error 1292: Incorrect datetime value: '0000-00-00' for column 'starter_pack_bought_at' at row 1)
2021/02/02 19:19:20 [release] SQL ERROR:C:/Cavalry/server/src/db/db_def.go:659%!(EXTRA *mysql.MySQLError=Error 1292: Incorrect datetime value: '0000-00-00' for column 'starter_pack_bought_at' at row 1)
2021/02/02 19:19:20 [release] SQL ERROR:C:/Cavalry/server/src/db/db_def.go:659%!(EXTRA *mysql.MySQLError=Error 1292: Incorrect datetime value: '0000-00-00' for column 'starter_pack_bought_at' at row 1)
2021/02/02 19:19:20 [release] SQL ERROR:C:/Cavalry/server/src/db/db_def.go:659%!(EXTRA *mysql.MySQLError=Error 1292: Incorrect datetime value: '0000-00-00' for column 'starter_pack_bought_at' at row 1)
2021/02/02 19:19:20 [release] SQL ERROR:C:/Cavalry/server/src/db/db_def.go:659%!(EXTRA *mysql.MySQLError=Error 1292: Incorrect datetime value: '0000-00-00' for column 'starter_pack_bought_at1' at row 1)
2021/02/02 19:19:20 [release] SQL ERROR:C:/Cavalry/server/src/db/db_def.go:659%!(EXTRA *mysql.MySQLError=Error 1292: Incorrect datetime value: '0000-00-00' for column 'starter_pack_bought_at' at row 1)
2021/02/02 19:19:20 [release] SQL ERROR:C:/Cavalry/server/src/db/db_def.go:659%!(EXTRA *mysql.MySQLError=Error 1292: Incorrect datetime value: '0000-00-00' for column 'starter_pack_bought_at' at row 1)
2021/02/02 19:19:20 [release] SQL ERROR:C:/Cavalry/server/src/db/db_def.go:659%!(EXTRA *mysql.MySQLError=Error 1292: Incorrect datetime value: '0000-00-00' for column 'starter_pack_bought_at' at row 1)
2021/02/02 19:19:20 [release] SQL ERROR:C:/Cavalry/server/src/db/db_def.go:659%!(EXTRA *mysql.MySQLError=Error 1292: Incorrect datetime value: '0000-00-00' for column 'starter_pack_bought_at' at row 1)
2021/02/02 19:19:20 [release] SQL ERROR:C:/Cavalry/server/src/db/db_def.go:659%!(EXTRA *mysql.MySQLError=Error 1292: Incorrect datetime value: '0000-00-00' for column 'starter_pack_bought_at' at row 1)
2021/02/02 19:19:20 [release] SQL ERROR:C:/Cavalry/server/src/db/db_def.go:659%!(EXTRA *mysql.MySQLError=Error 1292: Incorrect datetime value: '0000-00-00' for column 'starter_pack_bought_at' at row 1)
2021/02/02 19:19:20 [release] SQL ERROR:C:/Cavalry/server/src/db/db_def.go:659%!(EXTRA *mysql.MySQLError=Error 1292: Incorrect datetime value: '0000-00-00' for column 'starter_pack_bought_at' at row 1)
2021/02/02 19:19:20 [release] SQL ERROR:C:/Cavalry/server/src/db/db_def.go:659%!(EXTRA *mysql.MySQLError=Error 1292: Incorrect datetime value: '0000-00-00' for column 'starter_pack_bought_at' at row 1)
2021/02/02 19:19:20 [release] SQL ERROR:C:/Cavalry/server/src/db/db_def.go:659%!(EXTRA *mysql.MySQLError=Error 1292: Incorrect datetime value: '0000-00-00' for column 'starter_pack_bought_at' at row 1)
2021/02/02 19:19:20 [release] SQL ERROR:C:/Cavalry/server/src/db/db_def.go:659%!(EXTRA *mysql.MySQLError=Error 1292: Incorrect datetime value: '0000-00-00' for column 'starter_pack_bought_at' at row 1)
2021/02/02 19:19:20 [release] SQL ERROR:C:/Cavalry/server/src/db/db_def.go:659%!(EXTRA *mysql.MySQLError=Error 1292: Incorrect datetime value: '0000-00-00' for column 'starter_pack_bought_at' at row 1)
2021/02/02 19:19:20 [release] SQL ERROR:C:/Cavalry/server/src/db/db_def.go:659%!(EXTRA *mysql.MySQLError=Error 1292: Incorrect datetime value: '0000-00-00' for column 'starter_pack_bought_at' at row 1)
2021/02/02 19:19:20 [release] SQL ERROR:C:/Cavalry/server/src/db/db_def.go:659%!(EXTRA *mysql.MySQLError=Error 1292: Incorrect datetime value: '0000-00-00' for column 'starter_pack_bought_at' at row 1)
2021/02/02 19:19:20 [release] SQL ERROR:C:/Cavalry/server/src/db/db_def.go:659%!(EXTRA *mysql.MySQLError=Error 1292: Incorrect datetime value: '0000-00-00' for column 'starter_pack_bought_at2' at row 1)
2021/02/02 19:19:20 [release] SQL ERROR:C:/Cavalry/server/src/db/db_def.go:659%!(EXTRA *mysql.MySQLError=Error 1292: Incorrect datetime value: '0000-00-00' for column 'starter_pack_bought_at' at row 1)
2021/02/02 19:19:20 [release] SQL ERROR:C:/Cavalry/server/src/db/db_def.go:659%!(EXTRA *mysql.MySQLError=Error 1292: Incorrect datetime value: '0000-00-00' for column 'starter_pack_bought_at' at row 1)
2021/02/02 19:19:20 [release] SQL ERROR:C:/Cavalry/server/src/db/db_def.go:659%!(EXTRA *mysql.MySQLError=Error 1292: Incorrect datetime value: '0000-00-00' for column 'starter_pack_bought_at' at row 1)
2021/02/02 19:19:20 [release] SQL ERROR:C:/Cavalry/server/src/db/db_def.go:659%!(EXTRA *mysql.MySQLError=Error 1292: Incorrect datetime value: '0000-00-00' for column 'starter_pack_bought_at' at row 1)
2021/02/02 19:19:20 [release] SQL ERROR:C:/Cavalry/server/src/db/db_def.go:659%!(EXTRA *mysql.MySQLError=Error 1292: Incorrect datetime value: '0000-00-00' for column 'starter_pack_bought_at' at row 1)
2021/02/02 19:19:20 [release] SQL ERROR:C:/Cavalry/server/src/db/db_def.go:659%!(EXTRA *mysql.MySQLError=Error 1292: Incorrect datetime value: '0000-00-00' for column 'starter_pack_bought_at' at row 1)
2021/02/02 19:19:20 [release] SQL ERROR:C:/Cavalry/server/src/db/db_def.go:659%!(EXTRA *mysql.MySQLError=Error 1292: Incorrect datetime value: '0000-00-00' for column 'starter_pack_bought_at' at row 1)
2021/02/02 19:19:20 [release] SQL ERROR:C:/Cavalry/server/src/db/db_def.go:659%!(EXTRA *mysql.MySQLError=Error 1292: Incorrect datetime value: '0000-00-00' for column 'starter_pack_bought_at' at row 1)
2021/02/02 19:19:20 [release] SQL ERROR:C:/Cavalry/server/src/db/db_def.go:659%!(EXTRA *mysql.MySQLError=Error 1292: Incorrect datetime value: '0000-00-00' for column 'starter_pack_bought_at' at row 1)
2021/02/02 19:19:20 [release] SQL ERROR:C:/Cavalry/server/src/db/db_def.go:659%!(EXTRA *mysql.MySQLError=Error 1292: Incorrect datetime value: '0000-00-00' for column 'starter_pack_bought_at' at row 1)
2021/02/02 19:19:20 [release] SQL ERROR:C:/Cavalry/server/src/db/db_def.go:659%!(EXTRA *mysql.MySQLError=Error 1292: Incorrect datetime value: '0000-00-00' for column 'starter_pack_bought_at' at row 1)
2021/02/02 19:19:20 [release] SQL ERROR:C:/Cavalry/server/src/db/db_def.go:659%!(EXTRA *mysql.MySQLError=Error 1292: Incorrect datetime value: '0000-00-00' for column 'starter_pack_bought_at' at row 1)
2021/02/02 19:19:20 [release] SQL ERROR:C:/Cavalry/server/src/db/db_def.go:659%!(EXTRA *mysql.MySQLError=Error 1292: Incorrect datetime value: '0000-00-00' for column 'starter_pack_bought_at' at row 1)
2021/02/02 19:19:20 [release] SQL ERROR:C:/Cavalry/server/src/db/db_def.go:659%!(EXTRA *mysql.MySQLError=Error 1292: Incorrect datetime value: '0000-00-00' for column 'starter_pack_bought_at' at row 1)
2021/02/02 19:19:20 [release] SQL ERROR:C:/Cavalry/server/src/db/db_def.go:659%!(EXTRA *mysql.MySQLError=Error 1292: Incorrect datetime value: '0000-00-00' for column 'starter_pack_bought_at1' at row 1)
2021/02/02 19:19:20 [release] SQL ERROR:C:/Cavalry/server/src/db/db_def.go:659%!(EXTRA *mysql.MySQLError=Error 1292: Incorrect datetime value: '0000-00-00' for column 'starter_pack_bought_at' at row 1)
2021/02/02 19:19:20 [release] SQL ERROR:C:/Cavalry/server/src/db/db_def.go:659%!(EXTRA *mysql.MySQLError=Error 1292: Incorrect datetime value: '0000-00-00' for column 'starter_pack_bought_at' at row 1)
2021/02/02 19:19:20 [release] SQL ERROR:C:/Cavalry/server/src/db/db_def.go:659%!(EXTRA *mysql.MySQLError=Error 1292: Incorrect datetime value: '0000-00-00' for column 'starter_pack_bought_at' at row 1)
2021/02/02 19:19:20 [release] SQL ERROR:C:/Cavalry/server/src/db/db_def.go:659%!(EXTRA *mysql.MySQLError=Error 1292: Incorrect datetime value: '0000-00-00' for column 'starter_pack_bought_at1' at row 1)
2021/02/02 19:19:20 [release] SQL ERROR:C:/Cavalry/server/src/db/db_def.go:659%!(EXTRA *mysql.MySQLError=Error 1292: Incorrect datetime value: '0000-00-00' for column 'starter_pack_bought_at' at row 1)
2021/02/02 19:19:20 [release] SQL ERROR:C:/Cavalry/server/src/db/db_def.go:659%!(EXTRA *mysql.MySQLError=Error 1292: Incorrect datetime value: '0000-00-00' for column 'starter_pack_bought_at' at row 1)
2021/02/02 19:19:20 [release] SQL ERROR:C:/Cavalry/server/src/db/db_def.go:659%!(EXTRA *mysql.MySQLError=Error 1292: Incorrect datetime value: '0000-00-00' for column 'starter_pack_bought_at' at row 1)
2021/02/02 19:19:20 [release] SQL ERROR:C:/Cavalry/server/src/db/db_def.go:659%!(EXTRA *mysql.MySQLError=Error 1292: Incorrect datetime value: '0000-00-00' for column 'starter_pack_bought_at' at row 1)
2021/02/02 19:19:20 [release] SQL ERROR:C:/Cavalry/server/src/db/db_def.go:659%!(EXTRA *mysql.MySQLError=Error 1292: Incorrect datetime value: '0000-00-00' for column 'starter_pack_bought_at' at row 1)
2021/02/02 19:19:20 [release] SQL ERROR:C:/Cavalry/server/src/db/db_def.go:659%!(EXTRA *mysql.MySQLError=Error 1292: Incorrect datetime value: '0000-00-00' for column 'starter_pack_bought_at' at row 1)
2021/02/02 19:19:20 [release] SQL ERROR:C:/Cavalry/server/src/db/db_def.go:659%!(EXTRA *mysql.MySQLError=Error 1292: Incorrect datetime value: '0000-00-00' for column 'starter_pack_bought_at' at row 1)
2021/02/02 19:19:20 [release] SQL ERROR:C:/Cavalry/server/src/db/db_def.go:659%!(EXTRA *mysql.MySQLError=Error 1292: Incorrect datetime value: '0000-00-00' for column 'starter_pack_bought_at' at row 1)
2021/02/02 19:19:20 [release] SQL ERROR:C:/Cavalry/server/src/db/db_def.go:659%!(EXTRA *mysql.MySQLError=Error 1292: Incorrect datetime value: '0000-00-00' for column 'starter_pack_bought_at' at row 1)
2021/02/02 19:19:20 [release] SQL ERROR:C:/Cavalry/server/src/db/db_def.go:659%!(EXTRA *mysql.MySQLError=Error 1292: Incorrect datetime value: '0000-00-00' for column 'starter_pack_bought_at' at row 1)
2021/02/02 19:19:20 [release] SQL ERROR:C:/Cavalry/server/src/db/db_def.go:659%!(EXTRA *mysql.MySQLError=Error 1292: Incorrect datetime value: '0000-00-00' for column 'starter_pack_bought_at' at row 1)
2021/02/02 19:19:20 [release] SQL ERROR:C:/Cavalry/server/src/db/db_def.go:659%!(EXTRA *mysql.MySQLError=Error 1292: Incorrect datetime value: '0000-00-00' for column 'starter_pack_bought_at' at row 1)
2021/02/02 19:19:20 [release] SQL ERROR:C:/Cavalry/server/src/db/db_def.go:659%!(EXTRA *mysql.MySQLError=Error 1292: Incorrect datetime value: '0000-00-00' for column 'starter_pack_bought_at' at row 1)
2021/02/02 19:19:20 [release] SQL ERROR:C:/Cavalry/server/src/db/db_def.go:659%!(EXTRA *mysql.MySQLError=Error 1292: Incorrect datetime value: '0000-00-00' for column 'starter_pack_bought_at' at row 1)
2021/02/02 19:19:20 [release] SQL ERROR:C:/Cavalry/server/src/db/db_def.go:659%!(EXTRA *mysql.MySQLError=Error 1292: Incorrect datetime value: '0000-00-00' for column 'starter_pack_bought_at' at row 1)
2021/02/02 19:19:20 [release] SQL ERROR:C:/Cavalry/server/src/db/db_def.go:659%!(EXTRA *mysql.MySQLError=Error 1292: Incorrect datetime value: '0000-00-00' for column 'starter_pack_bought_at' at row 1)
2021/02/02 19:19:20 [release] SQL ERROR:C:/Cavalry/server/src/db/db_def.go:659%!(EXTRA *mysql.MySQLError=Error 1292: Incorrect datetime value: '0000-00-00' for column 'starter_pack_bought_at' at row 1)
2021/02/02 19:19:20 [release] SQL ERROR:C:/Cavalry/server/src/db/db_def.go:659%!(EXTRA *mysql.MySQLError=Error 1292: Incorrect datetime value: '0000-00-00' for column 'starter_pack_bought_at' at row 1)
2021/02/02 19:19:20 [release] SQL ERROR:C:/Cavalry/server/src/db/db_def.go:659%!(EXTRA *mysql.MySQLError=Error 1292: Incorrect datetime value: '0000-00-00' for column 'starter_pack_bought_at' at row 1)
2021/02/02 19:19:20 [release] SQL ERROR:C:/Cavalry/server/src/db/db_def.go:659%!(EXTRA *mysql.MySQLError=Error 1292: Incorrect datetime value: '0000-00-00' for column 'starter_pack_bought_at' at row 1)
2021/02/02 19:19:20 [release] SQL ERROR:C:/Cavalry/server/src/db/db_def.go:659%!(EXTRA *mysql.MySQLError=Error 1292: Incorrect datetime value: '0000-00-00' for column 'starter_pack_bought_at' at row 1)
2021/02/02 19:19:20 [release] SQL ERROR:C:/Cavalry/server/src/db/db_def.go:659%!(EXTRA *mysql.MySQLError=Error 1292: Incorrect datetime value: '0000-00-00' for column 'starter_pack_bought_at' at row 1)
2021/02/02 19:19:20 [release] SQL ERROR:C:/Cavalry/server/src/db/db_def.go:659%!(EXTRA *mysql.MySQLError=Error 1292: Incorrect datetime value: '0000-00-00' for column 'starter_pack_bought_at' at row 1)
2021/02/02 19:19:20 [release] SQL ERROR:C:/Cavalry/server/src/db/db_def.go:659%!(EXTRA *mysql.MySQLError=Error 1292: Incorrect datetime value: '0000-00-00' for column 'starter_pack_bought_at1' at row 1)
2021/02/02 19:19:20 [release] SQL ERROR:C:/Cavalry/server/src/db/db_def.go:659%!(EXTRA *mysql.MySQLError=Error 1292: Incorrect datetime value: '0000-00-00' for column 'starter_pack_bought_at' at row 1)
2021/02/02 19:19:20 [release] SQL ERROR:C:/Cavalry/server/src/db/db_def.go:659%!(EXTRA *mysql.MySQLError=Error 1292: Incorrect datetime value: '0000-00-00' for column 'starter_pack_bought_at' at row 1)
2021/02/02 19:19:20 [release] SQL ERROR:C:/Cavalry/server/src/db/db_def.go:659%!(EXTRA *mysql.MySQLError=Error 1292: Incorrect datetime value: '0000-00-00' for column 'starter_pack_bought_at' at row 1)
2021/02/02 19:19:20 [release] SQL ERROR:C:/Cavalry/server/src/db/db_def.go:659%!(EXTRA *mysql.MySQLError=Error 1292: Incorrect datetime value: '0000-00-00' for column 'starter_pack_bought_at1' at row 1)
2021/02/02 19:19:20 [release] SQL ERROR:C:/Cavalry/server/src/db/db_def.go:659%!(EXTRA *mysql.MySQLError=Error 1292: Incorrect datetime value: '0000-00-00' for column 'starter_pack_bought_at' at row 1)
2021/02/02 19:19:20 [release] SQL ERROR:C:/Cavalry/server/src/db/db_def.go:659%!(EXTRA *mysql.MySQLError=Error 1292: Incorrect datetime value: '0000-00-00' for column 'starter_pack_bought_at' at row 1)
2021/02/02 19:19:20 [release] SQL ERROR:C:/Cavalry/server/src/db/db_def.go:659%!(EXTRA *mysql.MySQLError=Error 1292: Incorrect datetime value: '0000-00-00' for column 'starter_pack_bought_at' at row 1)
2021/02/02 19:19:20 [release] SQL ERROR:C:/Cavalry/server/src/db/db_def.go:659%!(EXTRA *mysql.MySQLError=Error 1292: Incorrect datetime value: '0000-00-00' for column 'starter_pack_bought_at' at row 1)
2021/02/02 19:19:20 [release] SQL ERROR:C:/Cavalry/server/src/db/db_def.go:659%!(EXTRA *mysql.MySQLError=Error 1292: Incorrect datetime value: '0000-00-00' for column 'starter_pack_bought_at' at row 1)
2021/02/02 19:19:20 [release] SQL ERROR:C:/Cavalry/server/src/db/db_def.go:659%!(EXTRA *mysql.MySQLError=Error 1292: Incorrect datetime value: '0000-00-00' for column 'starter_pack_bought_at' at row 1)
2021/02/02 19:19:20 [release] SQL ERROR:C:/Cavalry/server/src/db/db_def.go:659%!(EXTRA *mysql.MySQLError=Error 1292: Incorrect datetime value: '0000-00-00' for column 'starter_pack_bought_at' at row 1)
2021/02/02 19:19:20 [release] SQL ERROR:C:/Cavalry/server/src/db/db_def.go:659%!(EXTRA *mysql.MySQLError=Error 1292: Incorrect datetime value: '0000-00-00' for column 'starter_pack_bought_at' at row 1)
2021/02/02 19:19:20 [release] SQL ERROR:C:/Cavalry/server/src/db/db_def.go:659%!(EXTRA *mysql.MySQLError=Error 1292: Incorrect datetime value: '0000-00-00' for column 'starter_pack_bought_at' at row 1)
2021/02/02 19:19:20 [release] SQL ERROR:C:/Cavalry/server/src/db/db_def.go:659%!(EXTRA *mysql.MySQLError=Error 1292: Incorrect datetime value: '0000-00-00' for column 'starter_pack_bought_at' at row 1)
2021/02/02 19:19:20 [release] SQL ERROR:C:/Cavalry/server/src/db/db_def.go:659%!(EXTRA *mysql.MySQLError=Error 1292: Incorrect datetime value: '0000-00-00' for column 'starter_pack_bought_at' at row 1)
2021/02/02 19:19:20 [release] SQL ERROR:C:/Cavalry/server/src/db/db_def.go:659%!(EXTRA *mysql.MySQLError=Error 1292: Incorrect datetime value: '0000-00-00' for column 'starter_pack_bought_at' at row 1)
2021/02/02 19:19:20 [release] SQL ERROR:C:/Cavalry/server/src/db/db_def.go:659%!(EXTRA *mysql.MySQLError=Error 1292: Incorrect datetime value: '0000-00-00' for column 'starter_pack_bought_at1' at row 1)
2021/02/02 19:19:20 [release] SQL ERROR:C:/Cavalry/server/src/db/db_def.go:659%!(EXTRA *mysql.MySQLError=Error 1292: Incorrect datetime value: '0000-00-00' for column 'starter_pack_bought_at1' at row 1)
2021/02/02 19:19:20 [release] SQL ERROR:C:/Cavalry/server/src/db/db_def.go:659%!(EXTRA *mysql.MySQLError=Error 1292: Incorrect datetime value: '0000-00-00' for column 'starter_pack_bought_at' at row 1)
2021/02/02 19:19:20 [release] SQL ERROR:C:/Cavalry/server/src/db/db_def.go:659%!(EXTRA *mysql.MySQLError=Error 1292: Incorrect datetime value: '0000-00-00' for column 'starter_pack_bought_at' at row 1)
2021/02/02 19:19:20 [release] SQL ERROR:C:/Cavalry/server/src/db/db_def.go:659%!(EXTRA *mysql.MySQLError=Error 1292: Incorrect datetime value: '0000-00-00' for column 'starter_pack_bought_at' at row 1)
2021/02/02 19:19:20 [release] SQL ERROR:C:/Cavalry/server/src/db/db_def.go:659%!(EXTRA *mysql.MySQLError=Error 1292: Incorrect datetime value: '0000-00-00' for column 'starter_pack_bought_at1' at row 1)
2021/02/02 19:19:20 [release] SQL ERROR:C:/Cavalry/server/src/db/db_def.go:659%!(EXTRA *mysql.MySQLError=Error 1292: Incorrect datetime value: '0000-00-00' for column 'starter_pack_bought_at' at row 1)
2021/02/02 19:19:20 [release] SQL ERROR:C:/Cavalry/server/src/db/db_def.go:659%!(EXTRA *mysql.MySQLError=Error 1292: Incorrect datetime value: '0000-00-00' for column 'starter_pack_bought_at' at row 1)
2021/02/02 19:19:20 [release] SQL ERROR:C:/Cavalry/server/src/db/db_def.go:659%!(EXTRA *mysql.MySQLError=Error 1292: Incorrect datetime value: '0000-00-00' for column 'starter_pack_bought_at' at row 1)
2021/02/02 19:19:20 [release] SQL ERROR:C:/Cavalry/server/src/db/db_def.go:659%!(EXTRA *mysql.MySQLError=Error 1292: Incorrect datetime value: '0000-00-00' for column 'starter_pack_bought_at' at row 1)
2021/02/02 19:19:20 [release] SQL ERROR:C:/Cavalry/server/src/db/db_def.go:659%!(EXTRA *mysql.MySQLError=Error 1292: Incorrect datetime value: '0000-00-00' for column 'starter_pack_bought_at' at row 1)
2021/02/02 19:19:20 [release] SQL ERROR:C:/Cavalry/server/src/db/db_def.go:659%!(EXTRA *mysql.MySQLError=Error 1292: Incorrect datetime value: '0000-00-00' for column 'starter_pack_bought_at' at row 1)
2021/02/02 19:19:20 [release] SQL ERROR:C:/Cavalry/server/src/db/db_def.go:659%!(EXTRA *mysql.MySQLError=Error 1292: Incorrect datetime value: '0000-00-00' for column 'starter_pack_bought_at' at row 1)
2021/02/02 19:19:20 [release] SQL ERROR:C:/Cavalry/server/src/db/db_def.go:659%!(EXTRA *mysql.MySQLError=Error 1292: Incorrect datetime value: '0000-00-00' for column 'starter_pack_bought_at' at row 1)
2021/02/02 19:19:20 [release] SQL ERROR:C:/Cavalry/server/src/db/db_def.go:659%!(EXTRA *mysql.MySQLError=Error 1292: Incorrect datetime value: '0000-00-00' for column 'starter_pack_bought_at' at row 1)
2021/02/02 19:19:20 [release] SQL ERROR:C:/Cavalry/server/src/db/db_def.go:659%!(EXTRA *mysql.MySQLError=Error 1292: Incorrect datetime value: '0000-00-00' for column 'starter_pack_bought_at' at row 1)
2021/02/02 19:19:20 [release] SQL ERROR:C:/Cavalry/server/src/db/db_def.go:659%!(EXTRA *mysql.MySQLError=Error 1292: Incorrect datetime value: '0000-00-00' for column 'starter_pack_bought_at' at row 1)
2021/02/02 19:19:20 [release] SQL ERROR:C:/Cavalry/server/src/db/db_def.go:659%!(EXTRA *mysql.MySQLError=Error 1292: Incorrect datetime value: '0000-00-00' for column 'starter_pack_bought_at' at row 1)
2021/02/02 19:19:20 [release] SQL ERROR:C:/Cavalry/server/src/db/db_def.go:659%!(EXTRA *mysql.MySQLError=Error 1292: Incorrect datetime value: '0000-00-00' for column 'starter_pack_bought_at' at row 1)
2021/02/02 19:19:20 [release] SQL ERROR:C:/Cavalry/server/src/db/db_def.go:659%!(EXTRA *mysql.MySQLError=Error 1292: Incorrect datetime value: '0000-00-00' for column 'starter_pack_bought_at' at row 1)
2021/02/02 19:19:20 [release] SQL ERROR:C:/Cavalry/server/src/db/db_def.go:659%!(EXTRA *mysql.MySQLError=Error 1292: Incorrect datetime value: '0000-00-00' for column 'starter_pack_bought_at' at row 1)
2021/02/02 19:19:20 [release] SQL ERROR:C:/Cavalry/server/src/db/db_def.go:659%!(EXTRA *mysql.MySQLError=Error 1292: Incorrect datetime value: '0000-00-00' for column 'starter_pack_bought_at' at row 1)
2021/02/02 19:19:20 [release] SQL ERROR:C:/Cavalry/server/src/db/db_def.go:659%!(EXTRA *mysql.MySQLError=Error 1292: Incorrect datetime value: '0000-00-00' for column 'starter_pack_bought_at' at row 1)
2021/02/02 19:19:20 [release] SQL ERROR:C:/Cavalry/server/src/db/db_def.go:659%!(EXTRA *mysql.MySQLError=Error 1292: Incorrect datetime value: '0000-00-00' for column 'starter_pack_bought_at' at row 1)
2021/02/02 19:19:20 [release] SQL ERROR:C:/Cavalry/server/src/db/db_def.go:659%!(EXTRA *mysql.MySQLError=Error 1292: Incorrect datetime value: '0000-00-00' for column 'starter_pack_bought_at' at row 1)
2021/02/02 19:19:20 [release] SQL ERROR:C:/Cavalry/server/src/db/db_def.go:659%!(EXTRA *mysql.MySQLError=Error 1292: Incorrect datetime value: '0000-00-00' for column 'starter_pack_bought_at' at row 1)
2021/02/02 19:19:20 [release] SQL ERROR:C:/Cavalry/server/src/db/db_def.go:659%!(EXTRA *mysql.MySQLError=Error 1292: Incorrect datetime value: '0000-00-00' for column 'starter_pack_bought_at' at row 1)
2021/02/02 19:19:20 [release] SQL ERROR:C:/Cavalry/server/src/db/db_def.go:659%!(EXTRA *mysql.MySQLError=Error 1292: Incorrect datetime value: '0000-00-00' for column 'starter_pack_bought_at' at row 1)
2021/02/02 19:19:20 [release] SQL ERROR:C:/Cavalry/server/src/db/db_def.go:659%!(EXTRA *mysql.MySQLError=Error 1292: Incorrect datetime value: '0000-00-00' for column 'starter_pack_bought_at' at row 1)
2021/02/02 19:19:20 [release] SQL ERROR:C:/Cavalry/server/src/db/db_def.go:659%!(EXTRA *mysql.MySQLError=Error 1292: Incorrect datetime value: '0000-00-00' for column 'starter_pack_bought_at' at row 1)
2021/02/02 19:19:20 [release] SQL ERROR:C:/Cavalry/server/src/db/db_def.go:659%!(EXTRA *mysql.MySQLError=Error 1292: Incorrect datetime value: '0000-00-00' for column 'starter_pack_bought_at' at row 1)
2021/02/02 19:19:20 [release] SQL ERROR:C:/Cavalry/server/src/db/db_def.go:659%!(EXTRA *mysql.MySQLError=Error 1292: Incorrect datetime value: '0000-00-00' for column 'starter_pack_bought_at' at row 1)
2021/02/02 19:19:20 [release] SQL ERROR:C:/Cavalry/server/src/db/db_def.go:659%!(EXTRA *mysql.MySQLError=Error 1292: Incorrect datetime value: '0000-00-00' for column 'starter_pack_bought_at' at row 1)
2021/02/02 19:19:20 [release] SQL ERROR:C:/Cavalry/server/src/db/db_def.go:659%!(EXTRA *mysql.MySQLError=Error 1292: Incorrect datetime value: '0000-00-00' for column 'starter_pack_bought_at' at row 1)
2021/02/02 19:19:20 [release] SQL ERROR:C:/Cavalry/server/src/db/db_def.go:659%!(EXTRA *mysql.MySQLError=Error 1292: Incorrect datetime value: '0000-00-00' for column 'starter_pack_bought_at' at row 1)
2021/02/02 19:19:20 [release] SQL ERROR:C:/Cavalry/server/src/db/db_def.go:659%!(EXTRA *mysql.MySQLError=Error 1292: Incorrect datetime value: '0000-00-00' for column 'starter_pack_bought_at' at row 1)
2021/02/02 19:19:20 [release] SQL ERROR:C:/Cavalry/server/src/db/db_def.go:659%!(EXTRA *mysql.MySQLError=Error 1292: Incorrect datetime value: '0000-00-00' for column 'starter_pack_bought_at' at row 1)
2021/02/02 19:19:20 [release] SQL ERROR:C:/Cavalry/server/src/db/db_def.go:659%!(EXTRA *mysql.MySQLError=Error 1292: Incorrect datetime value: '0000-00-00' for column 'starter_pack_bought_at' at row 1)
2021/02/02 19:19:20 [release] SQL ERROR:C:/Cavalry/server/src/db/db_def.go:659%!(EXTRA *mysql.MySQLError=Error 1292: Incorrect datetime value: '0000-00-00' for column 'starter_pack_bought_at' at row 1)
2021/02/02 19:19:20 [release] SQL ERROR:C:/Cavalry/server/src/db/db_def.go:659%!(EXTRA *mysql.MySQLError=Error 1292: Incorrect datetime value: '0000-00-00' for column 'starter_pack_bought_at' at row 1)
2021/02/02 19:19:20 [release] SQL ERROR:C:/Cavalry/server/src/db/db_def.go:659%!(EXTRA *mysql.MySQLError=Error 1292: Incorrect datetime value: '0000-00-00' for column 'starter_pack_bought_at' at row 1)
2021/02/02 19:19:20 [release] SQL ERROR:C:/Cavalry/server/src/db/db_def.go:659%!(EXTRA *mysql.MySQLError=Error 1292: Incorrect datetime value: '0000-00-00' for column 'starter_pack_bought_at' at row 1)
2021/02/02 19:19:20 [release] SQL ERROR:C:/Cavalry/server/src/db/db_def.go:659%!(EXTRA *mysql.MySQLError=Error 1292: Incorrect datetime value: '0000-00-00' for column 'starter_pack_bought_at' at row 1)
2021/02/02 19:19:20 [release] SQL ERROR:C:/Cavalry/server/src/db/db_def.go:659%!(EXTRA *mysql.MySQLError=Error 1292: Incorrect datetime value: '0000-00-00' for column 'starter_pack_bought_at' at row 1)
2021/02/02 19:19:20 [release] SQL ERROR:C:/Cavalry/server/src/db/db_def.go:659%!(EXTRA *mysql.MySQLError=Error 1292: Incorrect datetime value: '0000-00-00' for column 'starter_pack_bought_at' at row 1)
2021/02/02 19:19:20 [release] SQL ERROR:C:/Cavalry/server/src/db/db_def.go:659%!(EXTRA *mysql.MySQLError=Error 1292: Incorrect datetime value: '0000-00-00' for column 'starter_pack_bought_at' at row 1)
2021/02/02 19:19:20 [release] SQL ERROR:C:/Cavalry/server/src/db/db_def.go:659%!(EXTRA *mysql.MySQLError=Error 1292: Incorrect datetime value: '0000-00-00' for column 'starter_pack_bought_at' at row 1)
2021/02/02 19:19:20 [release] SQL ERROR:C:/Cavalry/server/src/db/db_def.go:659%!(EXTRA *mysql.MySQLError=Error 1292: Incorrect datetime value: '0000-00-00' for column 'starter_pack_bought_at' at row 1)
2021/02/02 19:19:20 [release] SQL ERROR:C:/Cavalry/server/src/db/db_def.go:659%!(EXTRA *mysql.MySQLError=Error 1292: Incorrect datetime value: '0000-00-00' for column 'starter_pack_bought_at' at row 1)
2021/02/02 19:19:20 [release] SQL ERROR:C:/Cavalry/server/src/db/db_def.go:659%!(EXTRA *mysql.MySQLError=Error 1292: Incorrect datetime value: '0000-00-00' for column 'starter_pack_bought_at' at row 1)
2021/02/02 19:19:20 [release] SQL ERROR:C:/Cavalry/server/src/db/db_def.go:659%!(EXTRA *mysql.MySQLError=Error 1292: Incorrect datetime value: '0000-00-00' for column 'starter_pack_bought_at' at row 1)
2021/02/02 19:19:20 [release] SQL ERROR:C:/Cavalry/server/src/db/db_def.go:659%!(EXTRA *mysql.MySQLError=Error 1292: Incorrect datetime value: '0000-00-00' for column 'starter_pack_bought_at' at row 1)
2021/02/02 19:19:20 [release] SQL ERROR:C:/Cavalry/server/src/db/db_def.go:659%!(EXTRA *mysql.MySQLError=Error 1292: Incorrect datetime value: '0000-00-00' for column 'starter_pack_bought_at' at row 1)
2021/02/02 19:19:20 [release] SQL ERROR:C:/Cavalry/server/src/db/db_def.go:659%!(EXTRA *mysql.MySQLError=Error 1292: Incorrect datetime value: '0000-00-00' for column 'starter_pack_bought_at' at row 1)
2021/02/02 19:19:20 [release] SQL ERROR:C:/Cavalry/server/src/db/db_def.go:659%!(EXTRA *mysql.MySQLError=Error 1292: Incorrect datetime value: '0000-00-00' for column 'starter_pack_bought_at' at row 1)
2021/02/02 19:19:20 [release] SQL ERROR:C:/Cavalry/server/src/db/db_def.go:659%!(EXTRA *mysql.MySQLError=Error 1292: Incorrect datetime value: '0000-00-00' for column 'starter_pack_bought_at' at row 1)
2021/02/02 19:19:20 [release] SQL ERROR:C:/Cavalry/server/src/db/db_def.go:659%!(EXTRA *mysql.MySQLError=Error 1292: Incorrect datetime value: '0000-00-00' for column 'starter_pack_bought_at' at row 1)
2021/02/02 19:19:20 [debug  ] LoadGuildAll: end. num=21
2021/02/02 19:19:20 [release] SQL ERROR:C:/Cavalry/server/src/db/db_def.go:659%!(EXTRA *mysql.MySQLError=Error 1292: Incorrect datetime value: '0000-00-00' for column 'starter_pack_bought_at' at row 1)
2021/02/02 19:19:20 [release] SQL ERROR:C:/Cavalry/server/src/db/db_def.go:659%!(EXTRA *mysql.MySQLError=Error 1292: Incorrect datetime value: '0000-00-00' for column 'starter_pack_bought_at' at row 1)
2021/02/02 19:19:20 [release] SQL ERROR:C:/Cavalry/server/src/db/db_def.go:659%!(EXTRA *mysql.MySQLError=Error 1292: Incorrect datetime value: '0000-00-00' for column 'starter_pack_bought_at' at row 1)
2021/02/02 19:19:20 [release] SQL ERROR:C:/Cavalry/server/src/db/db_def.go:659%!(EXTRA *mysql.MySQLError=Error 1292: Incorrect datetime value: '0000-00-00' for column 'starter_pack_bought_at' at row 1)
2021/02/02 19:19:20 [release] SQL ERROR:C:/Cavalry/server/src/db/db_def.go:659%!(EXTRA *mysql.MySQLError=Error 1292: Incorrect datetime value: '0000-00-00' for column 'starter_pack_bought_at' at row 1)
2021/02/02 19:19:20 [release] SQL ERROR:C:/Cavalry/server/src/db/db_def.go:659%!(EXTRA *mysql.MySQLError=Error 1292: Incorrect datetime value: '0000-00-00' for column 'starter_pack_bought_at' at row 1)
2021/02/02 19:19:20 [release] SQL ERROR:C:/Cavalry/server/src/db/db_def.go:659%!(EXTRA *mysql.MySQLError=Error 1292: Incorrect datetime value: '0000-00-00' for column 'starter_pack_bought_at' at row 1)
2021/02/02 19:19:20 [release] SQL ERROR:C:/Cavalry/server/src/db/db_def.go:659%!(EXTRA *mysql.MySQLError=Error 1292: Incorrect datetime value: '0000-00-00' for column 'starter_pack_bought_at' at row 1)
2021/02/02 19:19:20 [release] SQL ERROR:C:/Cavalry/server/src/db/db_def.go:659%!(EXTRA *mysql.MySQLError=Error 1292: Incorrect datetime value: '0000-00-00' for column 'starter_pack_bought_at' at row 1)
2021/02/02 19:19:20 [release] SQL ERROR:C:/Cavalry/server/src/db/db_def.go:659%!(EXTRA *mysql.MySQLError=Error 1292: Incorrect datetime value: '0000-00-00' for column 'starter_pack_bought_at' at row 1)
2021/02/02 19:19:20 [release] SQL ERROR:C:/Cavalry/server/src/db/db_def.go:659%!(EXTRA *mysql.MySQLError=Error 1292: Incorrect datetime value: '0000-00-00' for column 'starter_pack_bought_at' at row 1)
2021/02/02 19:19:20 [release] SQL ERROR:C:/Cavalry/server/src/db/db_def.go:659%!(EXTRA *mysql.MySQLError=Error 1292: Incorrect datetime value: '0000-00-00' for column 'starter_pack_bought_at' at row 1)
2021/02/02 19:19:20 [release] SQL ERROR:C:/Cavalry/server/src/db/db_def.go:659%!(EXTRA *mysql.MySQLError=Error 1292: Incorrect datetime value: '0000-00-00' for column 'starter_pack_bought_at' at row 1)
2021/02/02 19:19:20 [release] SQL ERROR:C:/Cavalry/server/src/db/db_def.go:659%!(EXTRA *mysql.MySQLError=Error 1292: Incorrect datetime value: '0000-00-00' for column 'starter_pack_bought_at' at row 1)
2021/02/02 19:19:20 [release] SQL ERROR:C:/Cavalry/server/src/db/db_def.go:659%!(EXTRA *mysql.MySQLError=Error 1292: Incorrect datetime value: '0000-00-00' for column 'starter_pack_bought_at' at row 1)
2021/02/02 19:19:20 [release] SQL ERROR:C:/Cavalry/server/src/db/db_def.go:659%!(EXTRA *mysql.MySQLError=Error 1292: Incorrect datetime value: '0000-00-00' for column 'starter_pack_bought_at' at row 1)
2021/02/02 19:19:20 [release] SQL ERROR:C:/Cavalry/server/src/db/db_def.go:659%!(EXTRA *mysql.MySQLError=Error 1292: Incorrect datetime value: '0000-00-00' for column 'starter_pack_bought_at' at row 1)
2021/02/02 19:19:20 [release] SQL ERROR:C:/Cavalry/server/src/db/db_def.go:659%!(EXTRA *mysql.MySQLError=Error 1292: Incorrect datetime value: '0000-00-00' for column 'starter_pack_bought_at' at row 1)
2021/02/02 19:19:20 [release] SQL ERROR:C:/Cavalry/server/src/db/db_def.go:659%!(EXTRA *mysql.MySQLError=Error 1292: Incorrect datetime value: '0000-00-00' for column 'starter_pack_bought_at' at row 1)
2021/02/02 19:19:20 [release] SQL ERROR:C:/Cavalry/server/src/db/db_def.go:659%!(EXTRA *mysql.MySQLError=Error 1292: Incorrect datetime value: '0000-00-00' for column 'starter_pack_bought_at1' at row 1)
2021/02/02 19:19:20 [release] SQL ERROR:C:/Cavalry/server/src/db/db_def.go:659%!(EXTRA *mysql.MySQLError=Error 1292: Incorrect datetime value: '0000-00-00' for column 'starter_pack_bought_at' at row 1)
2021/02/02 19:19:20 [release] SQL ERROR:C:/Cavalry/server/src/db/db_def.go:659%!(EXTRA *mysql.MySQLError=Error 1292: Incorrect datetime value: '0000-00-00' for column 'starter_pack_bought_at' at row 1)
2021/02/02 19:19:20 [release] SQL ERROR:C:/Cavalry/server/src/db/db_def.go:659%!(EXTRA *mysql.MySQLError=Error 1292: Incorrect datetime value: '0000-00-00' for column 'starter_pack_bought_at' at row 1)
2021/02/02 19:19:20 [release] SQL ERROR:C:/Cavalry/server/src/db/db_def.go:659%!(EXTRA *mysql.MySQLError=Error 1292: Incorrect datetime value: '0000-00-00' for column 'starter_pack_bought_at' at row 1)
2021/02/02 19:19:20 [release] SQL ERROR:C:/Cavalry/server/src/db/db_def.go:659%!(EXTRA *mysql.MySQLError=Error 1292: Incorrect datetime value: '0000-00-00' for column 'starter_pack_bought_at' at row 1)
2021/02/02 19:19:20 [release] SQL ERROR:C:/Cavalry/server/src/db/db_def.go:659%!(EXTRA *mysql.MySQLError=Error 1292: Incorrect datetime value: '0000-00-00' for column 'starter_pack_bought_at' at row 1)
2021/02/02 19:19:20 [release] SQL ERROR:C:/Cavalry/server/src/db/db_def.go:659%!(EXTRA *mysql.MySQLError=Error 1292: Incorrect datetime value: '0000-00-00' for column 'starter_pack_bought_at' at row 1)
2021/02/02 19:19:20 [release] SQL ERROR:C:/Cavalry/server/src/db/db_def.go:659%!(EXTRA *mysql.MySQLError=Error 1292: Incorrect datetime value: '0000-00-00' for column 'starter_pack_bought_at2' at row 1)
2021/02/02 19:19:20 [release] SQL ERROR:C:/Cavalry/server/src/db/db_def.go:659%!(EXTRA *mysql.MySQLError=Error 1292: Incorrect datetime value: '0000-00-00' for column 'starter_pack_bought_at' at row 1)
2021/02/02 19:19:20 [release] SQL ERROR:C:/Cavalry/server/src/db/db_def.go:659%!(EXTRA *mysql.MySQLError=Error 1292: Incorrect datetime value: '0000-00-00' for column 'starter_pack_bought_at' at row 1)
2021/02/02 19:19:20 [release] SQL ERROR:C:/Cavalry/server/src/db/db_def.go:659%!(EXTRA *mysql.MySQLError=Error 1292: Incorrect datetime value: '0000-00-00' for column 'starter_pack_bought_at' at row 1)
2021/02/02 19:19:20 [release] SQL ERROR:C:/Cavalry/server/src/db/db_def.go:659%!(EXTRA *mysql.MySQLError=Error 1292: Incorrect datetime value: '0000-00-00' for column 'starter_pack_bought_at' at row 1)
2021/02/02 19:19:20 [release] SQL ERROR:C:/Cavalry/server/src/db/db_def.go:659%!(EXTRA *mysql.MySQLError=Error 1292: Incorrect datetime value: '0000-00-00' for column 'starter_pack_bought_at' at row 1)
2021/02/02 19:19:20 [release] SQL ERROR:C:/Cavalry/server/src/db/db_def.go:659%!(EXTRA *mysql.MySQLError=Error 1292: Incorrect datetime value: '0000-00-00' for column 'starter_pack_bought_at' at row 1)
2021/02/02 19:19:20 [release] SQL ERROR:C:/Cavalry/server/src/db/db_def.go:659%!(EXTRA *mysql.MySQLError=Error 1292: Incorrect datetime value: '0000-00-00' for column 'starter_pack_bought_at' at row 1)
2021/02/02 19:19:20 [release] SQL ERROR:C:/Cavalry/server/src/db/db_def.go:659%!(EXTRA *mysql.MySQLError=Error 1292: Incorrect datetime value: '0000-00-00' for column 'starter_pack_bought_at' at row 1)
2021/02/02 19:19:20 [release] SQL ERROR:C:/Cavalry/server/src/db/db_def.go:659%!(EXTRA *mysql.MySQLError=Error 1292: Incorrect datetime value: '0000-00-00' for column 'starter_pack_bought_at' at row 1)
2021/02/02 19:19:20 [release] SQL ERROR:C:/Cavalry/server/src/db/db_def.go:659%!(EXTRA *mysql.MySQLError=Error 1292: Incorrect datetime value: '0000-00-00' for column 'starter_pack_bought_at2' at row 1)
2021/02/02 19:19:20 [release] SQL ERROR:C:/Cavalry/server/src/db/db_def.go:659%!(EXTRA *mysql.MySQLError=Error 1292: Incorrect datetime value: '0000-00-00' for column 'starter_pack_bought_at' at row 1)
2021/02/02 19:19:20 [release] SQL ERROR:C:/Cavalry/server/src/db/db_def.go:659%!(EXTRA *mysql.MySQLError=Error 1292: Incorrect datetime value: '0000-00-00' for column 'starter_pack_bought_at' at row 1)
2021/02/02 19:19:20 [release] SQL ERROR:C:/Cavalry/server/src/db/db_def.go:659%!(EXTRA *mysql.MySQLError=Error 1292: Incorrect datetime value: '0000-00-00' for column 'starter_pack_bought_at' at row 1)
2021/02/02 19:19:20 [release] SQL ERROR:C:/Cavalry/server/src/db/db_def.go:659%!(EXTRA *mysql.MySQLError=Error 1292: Incorrect datetime value: '0000-00-00' for column 'starter_pack_bought_at' at row 1)
2021/02/02 19:19:20 [release] SQL ERROR:C:/Cavalry/server/src/db/db_def.go:659%!(EXTRA *mysql.MySQLError=Error 1292: Incorrect datetime value: '0000-00-00' for column 'starter_pack_bought_at' at row 1)
2021/02/02 19:19:20 [release] SQL ERROR:C:/Cavalry/server/src/db/db_def.go:659%!(EXTRA *mysql.MySQLError=Error 1292: Incorrect datetime value: '0000-00-00' for column 'starter_pack_bought_at' at row 1)
2021/02/02 19:19:20 [release] SQL ERROR:C:/Cavalry/server/src/db/db_def.go:659%!(EXTRA *mysql.MySQLError=Error 1292: Incorrect datetime value: '0000-00-00' for column 'starter_pack_bought_at' at row 1)
2021/02/02 19:19:20 [release] SQL ERROR:C:/Cavalry/server/src/db/db_def.go:659%!(EXTRA *mysql.MySQLError=Error 1292: Incorrect datetime value: '0000-00-00' for column 'starter_pack_bought_at' at row 1)
2021/02/02 19:19:20 [release] SQL ERROR:C:/Cavalry/server/src/db/db_def.go:659%!(EXTRA *mysql.MySQLError=Error 1292: Incorrect datetime value: '0000-00-00' for column 'starter_pack_bought_at' at row 1)
2021/02/02 19:19:20 [release] SQL ERROR:C:/Cavalry/server/src/db/db_def.go:659%!(EXTRA *mysql.MySQLError=Error 1292: Incorrect datetime value: '0000-00-00' for column 'starter_pack_bought_at' at row 1)
2021/02/02 19:19:20 [release] SQL ERROR:C:/Cavalry/server/src/db/db_def.go:659%!(EXTRA *mysql.MySQLError=Error 1292: Incorrect datetime value: '0000-00-00' for column 'starter_pack_bought_at' at row 1)
2021/02/02 19:19:20 [release] SQL ERROR:C:/Cavalry/server/src/db/db_def.go:659%!(EXTRA *mysql.MySQLError=Error 1292: Incorrect datetime value: '0000-00-00' for column 'starter_pack_bought_at' at row 1)
2021/02/02 19:19:20 [release] SQL ERROR:C:/Cavalry/server/src/db/db_def.go:659%!(EXTRA *mysql.MySQLError=Error 1292: Incorrect datetime value: '0000-00-00' for column 'starter_pack_bought_at' at row 1)
2021/02/02 19:19:20 [release] SQL ERROR:C:/Cavalry/server/src/db/db_def.go:659%!(EXTRA *mysql.MySQLError=Error 1292: Incorrect datetime value: '0000-00-00' for column 'starter_pack_bought_at' at row 1)
2021/02/02 19:19:20 [release] SQL ERROR:C:/Cavalry/server/src/db/db_def.go:659%!(EXTRA *mysql.MySQLError=Error 1292: Incorrect datetime value: '0000-00-00' for column 'starter_pack_bought_at' at row 1)
2021/02/02 19:19:20 [release] SQL ERROR:C:/Cavalry/server/src/db/db_def.go:659%!(EXTRA *mysql.MySQLError=Error 1292: Incorrect datetime value: '0000-00-00' for column 'starter_pack_bought_at' at row 1)
2021/02/02 19:19:20 [release] SQL ERROR:C:/Cavalry/server/src/db/db_def.go:659%!(EXTRA *mysql.MySQLError=Error 1292: Incorrect datetime value: '0000-00-00' for column 'starter_pack_bought_at' at row 1)
2021/02/02 19:19:20 [release] SQL ERROR:C:/Cavalry/server/src/db/db_def.go:659%!(EXTRA *mysql.MySQLError=Error 1292: Incorrect datetime value: '0000-00-00' for column 'starter_pack_bought_at' at row 1)
2021/02/02 19:19:20 [release] SQL ERROR:C:/Cavalry/server/src/db/db_def.go:659%!(EXTRA *mysql.MySQLError=Error 1292: Incorrect datetime value: '0000-00-00' for column 'starter_pack_bought_at' at row 1)
2021/02/02 19:19:20 [release] SQL ERROR:C:/Cavalry/server/src/db/db_def.go:659%!(EXTRA *mysql.MySQLError=Error 1292: Incorrect datetime value: '0000-00-00' for column 'starter_pack_bought_at' at row 1)
2021/02/02 19:19:20 [release] SQL ERROR:C:/Cavalry/server/src/db/db_def.go:659%!(EXTRA *mysql.MySQLError=Error 1292: Incorrect datetime value: '0000-00-00' for column 'starter_pack_bought_at' at row 1)
2021/02/02 19:19:20 [release] SQL ERROR:C:/Cavalry/server/src/db/db_def.go:659%!(EXTRA *mysql.MySQLError=Error 1292: Incorrect datetime value: '0000-00-00' for column 'starter_pack_bought_at' at row 1)
2021/02/02 19:19:20 [release] SQL ERROR:C:/Cavalry/server/src/db/db_def.go:659%!(EXTRA *mysql.MySQLError=Error 1292: Incorrect datetime value: '0000-00-00' for column 'starter_pack_bought_at' at row 1)
2021/02/02 19:19:20 [release] SQL ERROR:C:/Cavalry/server/src/db/db_def.go:659%!(EXTRA *mysql.MySQLError=Error 1292: Incorrect datetime value: '0000-00-00' for column 'starter_pack_bought_at1' at row 1)
2021/02/02 19:19:20 [release] SQL ERROR:C:/Cavalry/server/src/db/db_def.go:659%!(EXTRA *mysql.MySQLError=Error 1292: Incorrect datetime value: '0000-00-00' for column 'starter_pack_bought_at' at row 1)
2021/02/02 19:19:20 [release] SQL ERROR:C:/Cavalry/server/src/db/db_def.go:659%!(EXTRA *mysql.MySQLError=Error 1292: Incorrect datetime value: '0000-00-00' for column 'starter_pack_bought_at' at row 1)
2021/02/02 19:19:20 [release] SQL ERROR:C:/Cavalry/server/src/db/db_def.go:659%!(EXTRA *mysql.MySQLError=Error 1292: Incorrect datetime value: '0000-00-00' for column 'starter_pack_bought_at' at row 1)
2021/02/02 19:19:20 [release] SQL ERROR:C:/Cavalry/server/src/db/db_def.go:659%!(EXTRA *mysql.MySQLError=Error 1292: Incorrect datetime value: '0000-00-00' for column 'starter_pack_bought_at' at row 1)
2021/02/02 19:19:20 [release] SQL ERROR:C:/Cavalry/server/src/db/db_def.go:659%!(EXTRA *mysql.MySQLError=Error 1292: Incorrect datetime value: '0000-00-00' for column 'starter_pack_bought_at' at row 1)
2021/02/02 19:19:20 [release] SQL ERROR:C:/Cavalry/server/src/db/db_def.go:659%!(EXTRA *mysql.MySQLError=Error 1292: Incorrect datetime value: '0000-00-00' for column 'starter_pack_bought_at' at row 1)
2021/02/02 19:19:20 [release] SQL ERROR:C:/Cavalry/server/src/db/db_def.go:659%!(EXTRA *mysql.MySQLError=Error 1292: Incorrect datetime value: '0000-00-00' for column 'starter_pack_bought_at' at row 1)
2021/02/02 19:19:20 [release] SQL ERROR:C:/Cavalry/server/src/db/db_def.go:659%!(EXTRA *mysql.MySQLError=Error 1292: Incorrect datetime value: '0000-00-00' for column 'starter_pack_bought_at' at row 1)
2021/02/02 19:19:20 [release] SQL ERROR:C:/Cavalry/server/src/db/db_def.go:659%!(EXTRA *mysql.MySQLError=Error 1292: Incorrect datetime value: '0000-00-00' for column 'starter_pack_bought_at' at row 1)
2021/02/02 19:19:20 [release] SQL ERROR:C:/Cavalry/server/src/db/db_def.go:659%!(EXTRA *mysql.MySQLError=Error 1292: Incorrect datetime value: '0000-00-00' for column 'starter_pack_bought_at' at row 1)
2021/02/02 19:19:20 [release] SQL ERROR:C:/Cavalry/server/src/db/db_def.go:659%!(EXTRA *mysql.MySQLError=Error 1292: Incorrect datetime value: '0000-00-00' for column 'starter_pack_bought_at' at row 1)
2021/02/02 19:19:20 [release] SQL ERROR:C:/Cavalry/server/src/db/db_def.go:659%!(EXTRA *mysql.MySQLError=Error 1292: Incorrect datetime value: '0000-00-00' for column 'starter_pack_bought_at' at row 1)
2021/02/02 19:19:20 [release] SQL ERROR:C:/Cavalry/server/src/db/db_def.go:659%!(EXTRA *mysql.MySQLError=Error 1292: Incorrect datetime value: '0000-00-00' for column 'starter_pack_bought_at' at row 1)
2021/02/02 19:19:20 [release] SQL ERROR:C:/Cavalry/server/src/db/db_def.go:659%!(EXTRA *mysql.MySQLError=Error 1292: Incorrect datetime value: '0000-00-00' for column 'starter_pack_bought_at' at row 1)
2021/02/02 19:19:20 [release] SQL ERROR:C:/Cavalry/server/src/db/db_def.go:659%!(EXTRA *mysql.MySQLError=Error 1292: Incorrect datetime value: '0000-00-00' for column 'starter_pack_bought_at' at row 1)
2021/02/02 19:19:20 [release] SQL ERROR:C:/Cavalry/server/src/db/db_def.go:659%!(EXTRA *mysql.MySQLError=Error 1292: Incorrect datetime value: '0000-00-00' for column 'starter_pack_bought_at' at row 1)
2021/02/02 19:19:20 [release] SQL ERROR:C:/Cavalry/server/src/db/db_def.go:659%!(EXTRA *mysql.MySQLError=Error 1292: Incorrect datetime value: '0000-00-00' for column 'starter_pack_bought_at' at row 1)
2021/02/02 19:19:20 [release] SQL ERROR:C:/Cavalry/server/src/db/db_def.go:659%!(EXTRA *mysql.MySQLError=Error 1292: Incorrect datetime value: '0000-00-00' for column 'starter_pack_bought_at' at row 1)
2021/02/02 19:19:20 [release] SQL ERROR:C:/Cavalry/server/src/db/db_def.go:659%!(EXTRA *mysql.MySQLError=Error 1292: Incorrect datetime value: '0000-00-00' for column 'starter_pack_bought_at' at row 1)
2021/02/02 19:19:20 [release] SQL ERROR:C:/Cavalry/server/src/db/db_def.go:659%!(EXTRA *mysql.MySQLError=Error 1292: Incorrect datetime value: '0000-00-00' for column 'starter_pack_bought_at' at row 1)
2021/02/02 19:19:20 [release] SQL ERROR:C:/Cavalry/server/src/db/db_def.go:659%!(EXTRA *mysql.MySQLError=Error 1292: Incorrect datetime value: '0000-00-00' for column 'starter_pack_bought_at' at row 1)
2021/02/02 19:19:20 [release] SQL ERROR:C:/Cavalry/server/src/db/db_def.go:659%!(EXTRA *mysql.MySQLError=Error 1292: Incorrect datetime value: '0000-00-00' for column 'starter_pack_bought_at' at row 1)
2021/02/02 19:19:20 [release] SQL ERROR:C:/Cavalry/server/src/db/db_def.go:659%!(EXTRA *mysql.MySQLError=Error 1292: Incorrect datetime value: '0000-00-00' for column 'starter_pack_bought_at' at row 1)
2021/02/02 19:19:20 [release] SQL ERROR:C:/Cavalry/server/src/db/db_def.go:659%!(EXTRA *mysql.MySQLError=Error 1292: Incorrect datetime value: '0000-00-00' for column 'starter_pack_bought_at' at row 1)
2021/02/02 19:19:20 [release] SQL ERROR:C:/Cavalry/server/src/db/db_def.go:659%!(EXTRA *mysql.MySQLError=Error 1292: Incorrect datetime value: '0000-00-00' for column 'starter_pack_bought_at' at row 1)
2021/02/02 19:19:20 [release] SQL ERROR:C:/Cavalry/server/src/db/db_def.go:659%!(EXTRA *mysql.MySQLError=Error 1292: Incorrect datetime value: '0000-00-00' for column 'starter_pack_bought_at' at row 1)
2021/02/02 19:19:20 [release] SQL ERROR:C:/Cavalry/server/src/db/db_def.go:659%!(EXTRA *mysql.MySQLError=Error 1292: Incorrect datetime value: '0000-00-00' for column 'starter_pack_bought_at' at row 1)
2021/02/02 19:19:20 [release] SQL ERROR:C:/Cavalry/server/src/db/db_def.go:659%!(EXTRA *mysql.MySQLError=Error 1292: Incorrect datetime value: '0000-00-00' for column 'starter_pack_bought_at' at row 1)
2021/02/02 19:19:20 [release] SQL ERROR:C:/Cavalry/server/src/db/db_def.go:659%!(EXTRA *mysql.MySQLError=Error 1292: Incorrect datetime value: '0000-00-00' for column 'starter_pack_bought_at' at row 1)
2021/02/02 19:19:20 [release] SQL ERROR:C:/Cavalry/server/src/db/db_def.go:659%!(EXTRA *mysql.MySQLError=Error 1292: Incorrect datetime value: '0000-00-00' for column 'starter_pack_bought_at' at row 1)
2021/02/02 19:19:20 [debug  ] LoadGuildNotice: begin
2021/02/02 19:19:20 [release] SQL ERROR:C:/Cavalry/server/src/db/db_def.go:659%!(EXTRA *mysql.MySQLError=Error 1292: Incorrect datetime value: '0000-00-00' for column 'starter_pack_bought_at' at row 1)
2021/02/02 19:19:20 [release] SQL ERROR:C:/Cavalry/server/src/db/db_def.go:659%!(EXTRA *mysql.MySQLError=Error 1292: Incorrect datetime value: '0000-00-00' for column 'starter_pack_bought_at' at row 1)
2021/02/02 19:19:20 [release] SQL ERROR:C:/Cavalry/server/src/db/db_def.go:659%!(EXTRA *mysql.MySQLError=Error 1292: Incorrect datetime value: '0000-00-00' for column 'starter_pack_bought_at' at row 1)
2021/02/02 19:19:20 [release] SQL ERROR:C:/Cavalry/server/src/db/db_def.go:659%!(EXTRA *mysql.MySQLError=Error 1292: Incorrect datetime value: '0000-00-00' for column 'starter_pack_bought_at' at row 1)
2021/02/02 19:19:20 [release] SQL ERROR:C:/Cavalry/server/src/db/db_def.go:659%!(EXTRA *mysql.MySQLError=Error 1292: Incorrect datetime value: '0000-00-00' for column 'starter_pack_bought_at' at row 1)
2021/02/02 19:19:20 [release] SQL ERROR:C:/Cavalry/server/src/db/db_def.go:659%!(EXTRA *mysql.MySQLError=Error 1292: Incorrect datetime value: '0000-00-00' for column 'starter_pack_bought_at' at row 1)
2021/02/02 19:19:20 [release] SQL ERROR:C:/Cavalry/server/src/db/db_def.go:659%!(EXTRA *mysql.MySQLError=Error 1292: Incorrect datetime value: '0000-00-00' for column 'starter_pack_bought_at' at row 1)
2021/02/02 19:19:20 [release] SQL ERROR:C:/Cavalry/server/src/db/db_def.go:659%!(EXTRA *mysql.MySQLError=Error 1292: Incorrect datetime value: '0000-00-00' for column 'starter_pack_bought_at1' at row 1)
2021/02/02 19:19:20 [release] SQL ERROR:C:/Cavalry/server/src/db/db_def.go:659%!(EXTRA *mysql.MySQLError=Error 1292: Incorrect datetime value: '0000-00-00' for column 'starter_pack_bought_at' at row 1)
2021/02/02 19:19:20 [release] SQL ERROR:C:/Cavalry/server/src/db/db_def.go:659%!(EXTRA *mysql.MySQLError=Error 1292: Incorrect datetime value: '0000-00-00' for column 'starter_pack_bought_at' at row 1)
2021/02/02 19:19:20 [release] SQL ERROR:C:/Cavalry/server/src/db/db_def.go:659%!(EXTRA *mysql.MySQLError=Error 1292: Incorrect datetime value: '0000-00-00' for column 'starter_pack_bought_at1' at row 1)
2021/02/02 19:19:20 [release] SQL ERROR:C:/Cavalry/server/src/db/db_def.go:659%!(EXTRA *mysql.MySQLError=Error 1292: Incorrect datetime value: '0000-00-00' for column 'starter_pack_bought_at' at row 1)
2021/02/02 19:19:20 [release] SQL ERROR:C:/Cavalry/server/src/db/db_def.go:659%!(EXTRA *mysql.MySQLError=Error 1292: Incorrect datetime value: '0000-00-00' for column 'starter_pack_bought_at' at row 1)
2021/02/02 19:19:20 [release] SQL ERROR:C:/Cavalry/server/src/db/db_def.go:659%!(EXTRA *mysql.MySQLError=Error 1292: Incorrect datetime value: '0000-00-00' for column 'starter_pack_bought_at' at row 1)
2021/02/02 19:19:20 [release] SQL ERROR:C:/Cavalry/server/src/db/db_def.go:659%!(EXTRA *mysql.MySQLError=Error 1292: Incorrect datetime value: '0000-00-00' for column 'starter_pack_bought_at' at row 1)
2021/02/02 19:19:20 [release] SQL ERROR:C:/Cavalry/server/src/db/db_def.go:659%!(EXTRA *mysql.MySQLError=Error 1292: Incorrect datetime value: '0000-00-00' for column 'starter_pack_bought_at' at row 1)
2021/02/02 19:19:20 [release] SQL ERROR:C:/Cavalry/server/src/db/db_def.go:659%!(EXTRA *mysql.MySQLError=Error 1292: Incorrect datetime value: '0000-00-00' for column 'starter_pack_bought_at' at row 1)
2021/02/02 19:19:20 [release] SQL ERROR:C:/Cavalry/server/src/db/db_def.go:659%!(EXTRA *mysql.MySQLError=Error 1292: Incorrect datetime value: '0000-00-00' for column 'starter_pack_bought_at' at row 1)
2021/02/02 19:19:20 [release] SQL ERROR:C:/Cavalry/server/src/db/db_def.go:659%!(EXTRA *mysql.MySQLError=Error 1292: Incorrect datetime value: '0000-00-00' for column 'starter_pack_bought_at1' at row 1)
2021/02/02 19:19:20 [release] SQL ERROR:C:/Cavalry/server/src/db/db_def.go:659%!(EXTRA *mysql.MySQLError=Error 1292: Incorrect datetime value: '0000-00-00' for column 'starter_pack_bought_at' at row 1)
2021/02/02 19:19:20 [release] SQL ERROR:C:/Cavalry/server/src/db/db_def.go:659%!(EXTRA *mysql.MySQLError=Error 1292: Incorrect datetime value: '0000-00-00' for column 'starter_pack_bought_at' at row 1)
2021/02/02 19:19:20 [release] SQL ERROR:C:/Cavalry/server/src/db/db_def.go:659%!(EXTRA *mysql.MySQLError=Error 1292: Incorrect datetime value: '0000-00-00' for column 'starter_pack_bought_at' at row 1)
2021/02/02 19:19:20 [release] SQL ERROR:C:/Cavalry/server/src/db/db_def.go:659%!(EXTRA *mysql.MySQLError=Error 1292: Incorrect datetime value: '0000-00-00' for column 'starter_pack_bought_at' at row 1)
2021/02/02 19:19:20 [release] SQL ERROR:C:/Cavalry/server/src/db/db_def.go:659%!(EXTRA *mysql.MySQLError=Error 1292: Incorrect datetime value: '0000-00-00' for column 'starter_pack_bought_at' at row 1)
2021/02/02 19:19:20 [release] SQL ERROR:C:/Cavalry/server/src/db/db_def.go:659%!(EXTRA *mysql.MySQLError=Error 1292: Incorrect datetime value: '0000-00-00' for column 'starter_pack_bought_at' at row 1)
2021/02/02 19:19:20 [release] SQL ERROR:C:/Cavalry/server/src/db/db_def.go:659%!(EXTRA *mysql.MySQLError=Error 1292: Incorrect datetime value: '0000-00-00' for column 'starter_pack_bought_at' at row 1)
2021/02/02 19:19:20 [release] SQL ERROR:C:/Cavalry/server/src/db/db_def.go:659%!(EXTRA *mysql.MySQLError=Error 1292: Incorrect datetime value: '0000-00-00' for column 'starter_pack_bought_at' at row 1)
2021/02/02 19:19:20 [release] SQL ERROR:C:/Cavalry/server/src/db/db_def.go:659%!(EXTRA *mysql.MySQLError=Error 1292: Incorrect datetime value: '0000-00-00' for column 'starter_pack_bought_at' at row 1)
2021/02/02 19:19:20 [release] SQL ERROR:C:/Cavalry/server/src/db/db_def.go:659%!(EXTRA *mysql.MySQLError=Error 1292: Incorrect datetime value: '0000-00-00' for column 'starter_pack_bought_at' at row 1)
2021/02/02 19:19:20 [release] SQL ERROR:C:/Cavalry/server/src/db/db_def.go:659%!(EXTRA *mysql.MySQLError=Error 1292: Incorrect datetime value: '0000-00-00' for column 'starter_pack_bought_at' at row 1)
2021/02/02 19:19:20 [release] SQL ERROR:C:/Cavalry/server/src/db/db_def.go:659%!(EXTRA *mysql.MySQLError=Error 1292: Incorrect datetime value: '0000-00-00' for column 'starter_pack_bought_at' at row 1)
2021/02/02 19:19:20 [release] SQL ERROR:C:/Cavalry/server/src/db/db_def.go:659%!(EXTRA *mysql.MySQLError=Error 1292: Incorrect datetime value: '0000-00-00' for column 'starter_pack_bought_at' at row 1)
2021/02/02 19:19:20 [release] SQL ERROR:C:/Cavalry/server/src/db/db_def.go:659%!(EXTRA *mysql.MySQLError=Error 1292: Incorrect datetime value: '0000-00-00' for column 'starter_pack_bought_at' at row 1)
2021/02/02 19:19:20 [release] SQL ERROR:C:/Cavalry/server/src/db/db_def.go:659%!(EXTRA *mysql.MySQLError=Error 1292: Incorrect datetime value: '0000-00-00' for column 'starter_pack_bought_at' at row 1)
2021/02/02 19:19:20 [release] SQL ERROR:C:/Cavalry/server/src/db/db_def.go:659%!(EXTRA *mysql.MySQLError=Error 1292: Incorrect datetime value: '0000-00-00' for column 'starter_pack_bought_at' at row 1)
2021/02/02 19:19:20 [release] SQL ERROR:C:/Cavalry/server/src/db/db_def.go:659%!(EXTRA *mysql.MySQLError=Error 1292: Incorrect datetime value: '0000-00-00' for column 'starter_pack_bought_at' at row 1)
2021/02/02 19:19:20 [release] SQL ERROR:C:/Cavalry/server/src/db/db_def.go:659%!(EXTRA *mysql.MySQLError=Error 1292: Incorrect datetime value: '0000-00-00' for column 'starter_pack_bought_at' at row 1)
2021/02/02 19:19:20 [release] SQL ERROR:C:/Cavalry/server/src/db/db_def.go:659%!(EXTRA *mysql.MySQLError=Error 1292: Incorrect datetime value: '0000-00-00' for column 'starter_pack_bought_at' at row 1)
2021/02/02 19:19:20 [release] SQL ERROR:C:/Cavalry/server/src/db/db_def.go:659%!(EXTRA *mysql.MySQLError=Error 1292: Incorrect datetime value: '0000-00-00' for column 'starter_pack_bought_at1' at row 1)
2021/02/02 19:19:20 [release] SQL ERROR:C:/Cavalry/server/src/db/db_def.go:659%!(EXTRA *mysql.MySQLError=Error 1292: Incorrect datetime value: '0000-00-00' for column 'starter_pack_bought_at' at row 1)
2021/02/02 19:19:20 [release] SQL ERROR:C:/Cavalry/server/src/db/db_def.go:659%!(EXTRA *mysql.MySQLError=Error 1292: Incorrect datetime value: '0000-00-00' for column 'starter_pack_bought_at' at row 1)
2021/02/02 19:19:20 [release] SQL ERROR:C:/Cavalry/server/src/db/db_def.go:659%!(EXTRA *mysql.MySQLError=Error 1292: Incorrect datetime value: '0000-00-00' for column 'starter_pack_bought_at' at row 1)
2021/02/02 19:19:20 [release] SQL ERROR:C:/Cavalry/server/src/db/db_def.go:659%!(EXTRA *mysql.MySQLError=Error 1292: Incorrect datetime value: '0000-00-00' for column 'starter_pack_bought_at' at row 1)
2021/02/02 19:19:20 [release] SQL ERROR:C:/Cavalry/server/src/db/db_def.go:659%!(EXTRA *mysql.MySQLError=Error 1292: Incorrect datetime value: '0000-00-00' for column 'starter_pack_bought_at' at row 1)
2021/02/02 19:19:20 [release] SQL ERROR:C:/Cavalry/server/src/db/db_def.go:659%!(EXTRA *mysql.MySQLError=Error 1292: Incorrect datetime value: '0000-00-00' for column 'starter_pack_bought_at' at row 1)
2021/02/02 19:19:20 [release] SQL ERROR:C:/Cavalry/server/src/db/db_def.go:659%!(EXTRA *mysql.MySQLError=Error 1292: Incorrect datetime value: '0000-00-00' for column 'starter_pack_bought_at' at row 1)
2021/02/02 19:19:20 [release] SQL ERROR:C:/Cavalry/server/src/db/db_def.go:659%!(EXTRA *mysql.MySQLError=Error 1292: Incorrect datetime value: '0000-00-00' for column 'starter_pack_bought_at' at row 1)
2021/02/02 19:19:20 [release] SQL ERROR:C:/Cavalry/server/src/db/db_def.go:659%!(EXTRA *mysql.MySQLError=Error 1292: Incorrect datetime value: '0000-00-00' for column 'starter_pack_bought_at' at row 1)
2021/02/02 19:19:20 [release] SQL ERROR:C:/Cavalry/server/src/db/db_def.go:659%!(EXTRA *mysql.MySQLError=Error 1292: Incorrect datetime value: '0000-00-00' for column 'starter_pack_bought_at' at row 1)
2021/02/02 19:19:20 [release] SQL ERROR:C:/Cavalry/server/src/db/db_def.go:659%!(EXTRA *mysql.MySQLError=Error 1292: Incorrect datetime value: '0000-00-00' for column 'starter_pack_bought_at' at row 1)
2021/02/02 19:19:20 [release] SQL ERROR:C:/Cavalry/server/src/db/db_def.go:659%!(EXTRA *mysql.MySQLError=Error 1292: Incorrect datetime value: '0000-00-00' for column 'starter_pack_bought_at' at row 1)
2021/02/02 19:19:20 [release] SQL ERROR:C:/Cavalry/server/src/db/db_def.go:659%!(EXTRA *mysql.MySQLError=Error 1292: Incorrect datetime value: '0000-00-00' for column 'starter_pack_bought_at' at row 1)
2021/02/02 19:19:20 [release] SQL ERROR:C:/Cavalry/server/src/db/db_def.go:659%!(EXTRA *mysql.MySQLError=Error 1292: Incorrect datetime value: '0000-00-00' for column 'starter_pack_bought_at1' at row 1)
2021/02/02 19:19:20 [release] SQL ERROR:C:/Cavalry/server/src/db/db_def.go:659%!(EXTRA *mysql.MySQLError=Error 1292: Incorrect datetime value: '0000-00-00' for column 'starter_pack_bought_at' at row 1)
2021/02/02 19:19:20 [release] SQL ERROR:C:/Cavalry/server/src/db/db_def.go:659%!(EXTRA *mysql.MySQLError=Error 1292: Incorrect datetime value: '0000-00-00' for column 'starter_pack_bought_at' at row 1)
2021/02/02 19:19:20 [release] SQL ERROR:C:/Cavalry/server/src/db/db_def.go:659%!(EXTRA *mysql.MySQLError=Error 1292: Incorrect datetime value: '0000-00-00' for column 'starter_pack_bought_at' at row 1)
2021/02/02 19:19:20 [release] SQL ERROR:C:/Cavalry/server/src/db/db_def.go:659%!(EXTRA *mysql.MySQLError=Error 1292: Incorrect datetime value: '0000-00-00' for column 'starter_pack_bought_at' at row 1)
2021/02/02 19:19:20 [release] SQL ERROR:C:/Cavalry/server/src/db/db_def.go:659%!(EXTRA *mysql.MySQLError=Error 1292: Incorrect datetime value: '0000-00-00' for column 'starter_pack_bought_at' at row 1)
2021/02/02 19:19:20 [release] SQL ERROR:C:/Cavalry/server/src/db/db_def.go:659%!(EXTRA *mysql.MySQLError=Error 1292: Incorrect datetime value: '0000-00-00' for column 'starter_pack_bought_at' at row 1)
2021/02/02 19:19:20 [release] SQL ERROR:C:/Cavalry/server/src/db/db_def.go:659%!(EXTRA *mysql.MySQLError=Error 1292: Incorrect datetime value: '0000-00-00' for column 'starter_pack_bought_at' at row 1)
2021/02/02 19:19:20 [release] SQL ERROR:C:/Cavalry/server/src/db/db_def.go:659%!(EXTRA *mysql.MySQLError=Error 1292: Incorrect datetime value: '0000-00-00' for column 'starter_pack_bought_at' at row 1)
2021/02/02 19:19:20 [release] SQL ERROR:C:/Cavalry/server/src/db/db_def.go:659%!(EXTRA *mysql.MySQLError=Error 1292: Incorrect datetime value: '0000-00-00' for column 'starter_pack_bought_at' at row 1)
2021/02/02 19:19:20 [release] SQL ERROR:C:/Cavalry/server/src/db/db_def.go:659%!(EXTRA *mysql.MySQLError=Error 1292: Incorrect datetime value: '0000-00-00' for column 'starter_pack_bought_at' at row 1)
2021/02/02 19:19:20 [release] SQL ERROR:C:/Cavalry/server/src/db/db_def.go:659%!(EXTRA *mysql.MySQLError=Error 1292: Incorrect datetime value: '0000-00-00' for column 'starter_pack_bought_at' at row 1)
2021/02/02 19:19:20 [release] SQL ERROR:C:/Cavalry/server/src/db/db_def.go:659%!(EXTRA *mysql.MySQLError=Error 1292: Incorrect datetime value: '0000-00-00' for column 'starter_pack_bought_at' at row 1)
2021/02/02 19:19:20 [release] SQL ERROR:C:/Cavalry/server/src/db/db_def.go:659%!(EXTRA *mysql.MySQLError=Error 1292: Incorrect datetime value: '0000-00-00' for column 'starter_pack_bought_at' at row 1)
2021/02/02 19:19:20 [release] SQL ERROR:C:/Cavalry/server/src/db/db_def.go:659%!(EXTRA *mysql.MySQLError=Error 1292: Incorrect datetime value: '0000-00-00' for column 'starter_pack_bought_at' at row 1)
2021/02/02 19:19:20 [release] SQL ERROR:C:/Cavalry/server/src/db/db_def.go:659%!(EXTRA *mysql.MySQLError=Error 1292: Incorrect datetime value: '0000-00-00' for column 'starter_pack_bought_at' at row 1)
2021/02/02 19:19:20 [release] SQL ERROR:C:/Cavalry/server/src/db/db_def.go:659%!(EXTRA *mysql.MySQLError=Error 1292: Incorrect datetime value: '0000-00-00' for column 'starter_pack_bought_at' at row 1)
2021/02/02 19:19:20 [release] SQL ERROR:C:/Cavalry/server/src/db/db_def.go:659%!(EXTRA *mysql.MySQLError=Error 1292: Incorrect datetime value: '0000-00-00' for column 'starter_pack_bought_at1' at row 1)
2021/02/02 19:19:20 [release] SQL ERROR:C:/Cavalry/server/src/db/db_def.go:659%!(EXTRA *mysql.MySQLError=Error 1292: Incorrect datetime value: '0000-00-00' for column 'starter_pack_bought_at1' at row 1)
2021/02/02 19:19:20 [release] SQL ERROR:C:/Cavalry/server/src/db/db_def.go:659%!(EXTRA *mysql.MySQLError=Error 1292: Incorrect datetime value: '0000-00-00' for column 'starter_pack_bought_at' at row 1)
2021/02/02 19:19:20 [release] SQL ERROR:C:/Cavalry/server/src/db/db_def.go:659%!(EXTRA *mysql.MySQLError=Error 1292: Incorrect datetime value: '0000-00-00' for column 'starter_pack_bought_at' at row 1)
2021/02/02 19:19:20 [release] SQL ERROR:C:/Cavalry/server/src/db/db_def.go:659%!(EXTRA *mysql.MySQLError=Error 1292: Incorrect datetime value: '0000-00-00' for column 'loop_quest2_money_end_time' at row 1)
2021/02/02 19:19:20 [release] SQL ERROR:C:/Cavalry/server/src/db/db_def.go:659%!(EXTRA *mysql.MySQLError=Error 1292: Incorrect datetime value: '0000-00-00' for column 'starter_pack_bought_at' at row 1)
2021/02/02 19:19:20 [release] SQL ERROR:C:/Cavalry/server/src/db/db_def.go:659%!(EXTRA *mysql.MySQLError=Error 1292: Incorrect datetime value: '0000-00-00' for column 'starter_pack_bought_at' at row 1)
2021/02/02 19:19:20 [release] SQL ERROR:C:/Cavalry/server/src/db/db_def.go:659%!(EXTRA *mysql.MySQLError=Error 1292: Incorrect datetime value: '0000-00-00' for column 'starter_pack_bought_at' at row 1)
2021/02/02 19:19:20 [release] SQL ERROR:C:/Cavalry/server/src/db/db_def.go:659%!(EXTRA *mysql.MySQLError=Error 1292: Incorrect datetime value: '0000-00-00' for column 'starter_pack_bought_at' at row 1)
2021/02/02 19:19:20 [release] SQL ERROR:C:/Cavalry/server/src/db/db_def.go:659%!(EXTRA *mysql.MySQLError=Error 1292: Incorrect datetime value: '0000-00-00' for column 'starter_pack_bought_at' at row 1)
2021/02/02 19:19:20 [release] SQL ERROR:C:/Cavalry/server/src/db/db_def.go:659%!(EXTRA *mysql.MySQLError=Error 1292: Incorrect datetime value: '0000-00-00' for column 'starter_pack_bought_at' at row 1)
2021/02/02 19:19:20 [release] SQL ERROR:C:/Cavalry/server/src/db/db_def.go:659%!(EXTRA *mysql.MySQLError=Error 1292: Incorrect datetime value: '0000-00-00' for column 'starter_pack_bought_at' at row 1)
2021/02/02 19:19:20 [release] SQL ERROR:C:/Cavalry/server/src/db/db_def.go:659%!(EXTRA *mysql.MySQLError=Error 1292: Incorrect datetime value: '0000-00-00' for column 'starter_pack_bought_at' at row 1)
2021/02/02 19:19:20 [release] SQL ERROR:C:/Cavalry/server/src/db/db_def.go:659%!(EXTRA *mysql.MySQLError=Error 1292: Incorrect datetime value: '0000-00-00' for column 'starter_pack_bought_at1' at row 1)
2021/02/02 19:19:20 [release] SQL ERROR:C:/Cavalry/server/src/db/db_def.go:659%!(EXTRA *mysql.MySQLError=Error 1292: Incorrect datetime value: '0000-00-00' for column 'starter_pack_bought_at' at row 1)
2021/02/02 19:19:20 [release] SQL ERROR:C:/Cavalry/server/src/db/db_def.go:659%!(EXTRA *mysql.MySQLError=Error 1292: Incorrect datetime value: '0000-00-00' for column 'starter_pack_bought_at' at row 1)
2021/02/02 19:19:20 [release] SQL ERROR:C:/Cavalry/server/src/db/db_def.go:659%!(EXTRA *mysql.MySQLError=Error 1292: Incorrect datetime value: '0000-00-00' for column 'starter_pack_bought_at' at row 1)
2021/02/02 19:19:20 [release] SQL ERROR:C:/Cavalry/server/src/db/db_def.go:659%!(EXTRA *mysql.MySQLError=Error 1292: Incorrect datetime value: '0000-00-00' for column 'starter_pack_bought_at' at row 1)
2021/02/02 19:19:20 [release] SQL ERROR:C:/Cavalry/server/src/db/db_def.go:659%!(EXTRA *mysql.MySQLError=Error 1292: Incorrect datetime value: '0000-00-00' for column 'starter_pack_bought_at' at row 1)
2021/02/02 19:19:20 [release] SQL ERROR:C:/Cavalry/server/src/db/db_def.go:659%!(EXTRA *mysql.MySQLError=Error 1292: Incorrect datetime value: '0000-00-00' for column 'starter_pack_bought_at' at row 1)
2021/02/02 19:19:20 [release] SQL ERROR:C:/Cavalry/server/src/db/db_def.go:659%!(EXTRA *mysql.MySQLError=Error 1292: Incorrect datetime value: '0000-00-00' for column 'starter_pack_bought_at' at row 1)
2021/02/02 19:19:20 [release] SQL ERROR:C:/Cavalry/server/src/db/db_def.go:659%!(EXTRA *mysql.MySQLError=Error 1292: Incorrect datetime value: '0000-00-00' for column 'starter_pack_bought_at2' at row 1)
2021/02/02 19:19:20 [release] SQL ERROR:C:/Cavalry/server/src/db/db_def.go:659%!(EXTRA *mysql.MySQLError=Error 1292: Incorrect datetime value: '0000-00-00' for column 'starter_pack_bought_at' at row 1)
2021/02/02 19:19:20 [release] SQL ERROR:C:/Cavalry/server/src/db/db_def.go:659%!(EXTRA *mysql.MySQLError=Error 1292: Incorrect datetime value: '0000-00-00' for column 'starter_pack_bought_at' at row 1)
2021/02/02 19:19:20 [release] SQL ERROR:C:/Cavalry/server/src/db/db_def.go:659%!(EXTRA *mysql.MySQLError=Error 1292: Incorrect datetime value: '0000-00-00' for column 'starter_pack_bought_at' at row 1)
2021/02/02 19:19:20 [release] SQL ERROR:C:/Cavalry/server/src/db/db_def.go:659%!(EXTRA *mysql.MySQLError=Error 1292: Incorrect datetime value: '0000-00-00' for column 'starter_pack_bought_at' at row 1)
2021/02/02 19:19:20 [release] SQL ERROR:C:/Cavalry/server/src/db/db_def.go:659%!(EXTRA *mysql.MySQLError=Error 1292: Incorrect datetime value: '0000-00-00' for column 'starter_pack_bought_at' at row 1)
2021/02/02 19:19:20 [release] SQL ERROR:C:/Cavalry/server/src/db/db_def.go:659%!(EXTRA *mysql.MySQLError=Error 1292: Incorrect datetime value: '0000-00-00' for column 'starter_pack_bought_at' at row 1)
2021/02/02 19:19:20 [release] SQL ERROR:C:/Cavalry/server/src/db/db_def.go:659%!(EXTRA *mysql.MySQLError=Error 1292: Incorrect datetime value: '0000-00-00' for column 'starter_pack_bought_at' at row 1)
2021/02/02 19:19:20 [release] SQL ERROR:C:/Cavalry/server/src/db/db_def.go:659%!(EXTRA *mysql.MySQLError=Error 1292: Incorrect datetime value: '0000-00-00' for column 'starter_pack_bought_at' at row 1)
2021/02/02 19:19:20 [release] SQL ERROR:C:/Cavalry/server/src/db/db_def.go:659%!(EXTRA *mysql.MySQLError=Error 1292: Incorrect datetime value: '0000-00-00' for column 'starter_pack_bought_at' at row 1)
2021/02/02 19:19:20 [release] SQL ERROR:C:/Cavalry/server/src/db/db_def.go:659%!(EXTRA *mysql.MySQLError=Error 1292: Incorrect datetime value: '0000-00-00' for column 'starter_pack_bought_at' at row 1)
2021/02/02 19:19:20 [release] SQL ERROR:C:/Cavalry/server/src/db/db_def.go:659%!(EXTRA *mysql.MySQLError=Error 1292: Incorrect datetime value: '0000-00-00' for column 'starter_pack_bought_at' at row 1)
2021/02/02 19:19:20 [release] SQL ERROR:C:/Cavalry/server/src/db/db_def.go:659%!(EXTRA *mysql.MySQLError=Error 1292: Incorrect datetime value: '0000-00-00' for column 'starter_pack_bought_at' at row 1)
2021/02/02 19:19:20 [release] SQL ERROR:C:/Cavalry/server/src/db/db_def.go:659%!(EXTRA *mysql.MySQLError=Error 1292: Incorrect datetime value: '0000-00-00' for column 'starter_pack_bought_at' at row 1)
2021/02/02 19:19:20 [release] SQL ERROR:C:/Cavalry/server/src/db/db_def.go:659%!(EXTRA *mysql.MySQLError=Error 1292: Incorrect datetime value: '0000-00-00' for column 'starter_pack_bought_at' at row 1)
2021/02/02 19:19:20 [release] SQL ERROR:C:/Cavalry/server/src/db/db_def.go:659%!(EXTRA *mysql.MySQLError=Error 1292: Incorrect datetime value: '0000-00-00' for column 'starter_pack_bought_at' at row 1)
2021/02/02 19:19:20 [release] SQL ERROR:C:/Cavalry/server/src/db/db_def.go:659%!(EXTRA *mysql.MySQLError=Error 1292: Incorrect datetime value: '0000-00-00' for column 'starter_pack_bought_at' at row 1)
2021/02/02 19:19:20 [release] SQL ERROR:C:/Cavalry/server/src/db/db_def.go:659%!(EXTRA *mysql.MySQLError=Error 1292: Incorrect datetime value: '0000-00-00' for column 'starter_pack_bought_at' at row 1)
2021/02/02 19:19:20 [release] SQL ERROR:C:/Cavalry/server/src/db/db_def.go:659%!(EXTRA *mysql.MySQLError=Error 1292: Incorrect datetime value: '0000-00-00' for column 'starter_pack_bought_at' at row 1)
2021/02/02 19:19:20 [release] SQL ERROR:C:/Cavalry/server/src/db/db_def.go:659%!(EXTRA *mysql.MySQLError=Error 1292: Incorrect datetime value: '0000-00-00' for column 'starter_pack_bought_at' at row 1)
2021/02/02 19:19:20 [release] SQL ERROR:C:/Cavalry/server/src/db/db_def.go:659%!(EXTRA *mysql.MySQLError=Error 1292: Incorrect datetime value: '0000-00-00' for column 'starter_pack_bought_at' at row 1)
2021/02/02 19:19:20 [release] SQL ERROR:C:/Cavalry/server/src/db/db_def.go:659%!(EXTRA *mysql.MySQLError=Error 1292: Incorrect datetime value: '0000-00-00' for column 'starter_pack_bought_at' at row 1)
2021/02/02 19:19:20 [release] SQL ERROR:C:/Cavalry/server/src/db/db_def.go:659%!(EXTRA *mysql.MySQLError=Error 1292: Incorrect datetime value: '0000-00-00' for column 'starter_pack_bought_at' at row 1)
2021/02/02 19:19:20 [release] SQL ERROR:C:/Cavalry/server/src/db/db_def.go:659%!(EXTRA *mysql.MySQLError=Error 1292: Incorrect datetime value: '0000-00-00' for column 'starter_pack_bought_at' at row 1)
2021/02/02 19:19:20 [release] SQL ERROR:C:/Cavalry/server/src/db/db_def.go:659%!(EXTRA *mysql.MySQLError=Error 1292: Incorrect datetime value: '0000-00-00' for column 'starter_pack_bought_at' at row 1)
2021/02/02 19:19:20 [release] SQL ERROR:C:/Cavalry/server/src/db/db_def.go:659%!(EXTRA *mysql.MySQLError=Error 1292: Incorrect datetime value: '0000-00-00' for column 'starter_pack_bought_at' at row 1)
2021/02/02 19:19:20 [release] SQL ERROR:C:/Cavalry/server/src/db/db_def.go:659%!(EXTRA *mysql.MySQLError=Error 1292: Incorrect datetime value: '0000-00-00' for column 'starter_pack_bought_at' at row 1)
2021/02/02 19:19:20 [release] SQL ERROR:C:/Cavalry/server/src/db/db_def.go:659%!(EXTRA *mysql.MySQLError=Error 1292: Incorrect datetime value: '0000-00-00' for column 'starter_pack_bought_at' at row 1)
2021/02/02 19:19:20 [release] SQL ERROR:C:/Cavalry/server/src/db/db_def.go:659%!(EXTRA *mysql.MySQLError=Error 1292: Incorrect datetime value: '0000-00-00' for column 'starter_pack_bought_at' at row 1)
2021/02/02 19:19:20 [release] SQL ERROR:C:/Cavalry/server/src/db/db_def.go:659%!(EXTRA *mysql.MySQLError=Error 1292: Incorrect datetime value: '0000-00-00' for column 'starter_pack_bought_at' at row 1)
2021/02/02 19:19:20 [release] SQL ERROR:C:/Cavalry/server/src/db/db_def.go:659%!(EXTRA *mysql.MySQLError=Error 1292: Incorrect datetime value: '0000-00-00' for column 'starter_pack_bought_at' at row 1)
2021/02/02 19:19:20 [release] SQL ERROR:C:/Cavalry/server/src/db/db_def.go:659%!(EXTRA *mysql.MySQLError=Error 1292: Incorrect datetime value: '0000-00-00' for column 'starter_pack_bought_at' at row 1)
2021/02/02 19:19:20 [release] SQL ERROR:C:/Cavalry/server/src/db/db_def.go:659%!(EXTRA *mysql.MySQLError=Error 1292: Incorrect datetime value: '0000-00-00' for column 'starter_pack_bought_at' at row 1)
2021/02/02 19:19:20 [release] SQL ERROR:C:/Cavalry/server/src/db/db_def.go:659%!(EXTRA *mysql.MySQLError=Error 1292: Incorrect datetime value: '0000-00-00' for column 'starter_pack_bought_at' at row 1)
2021/02/02 19:19:20 [release] SQL ERROR:C:/Cavalry/server/src/db/db_def.go:659%!(EXTRA *mysql.MySQLError=Error 1292: Incorrect datetime value: '0000-00-00' for column 'starter_pack_bought_at' at row 1)
2021/02/02 19:19:20 [release] SQL ERROR:C:/Cavalry/server/src/db/db_def.go:659%!(EXTRA *mysql.MySQLError=Error 1292: Incorrect datetime value: '0000-00-00' for column 'starter_pack_bought_at1' at row 1)
2021/02/02 19:19:20 [release] SQL ERROR:C:/Cavalry/server/src/db/db_def.go:659%!(EXTRA *mysql.MySQLError=Error 1292: Incorrect datetime value: '0000-00-00' for column 'starter_pack_bought_at' at row 1)
2021/02/02 19:19:20 [release] SQL ERROR:C:/Cavalry/server/src/db/db_def.go:659%!(EXTRA *mysql.MySQLError=Error 1292: Incorrect datetime value: '0000-00-00' for column 'starter_pack_bought_at' at row 1)
2021/02/02 19:19:20 [release] SQL ERROR:C:/Cavalry/server/src/db/db_def.go:659%!(EXTRA *mysql.MySQLError=Error 1292: Incorrect datetime value: '0000-00-00' for column 'starter_pack_bought_at' at row 1)
2021/02/02 19:19:20 [release] SQL ERROR:C:/Cavalry/server/src/db/db_def.go:659%!(EXTRA *mysql.MySQLError=Error 1292: Incorrect datetime value: '0000-00-00' for column 'starter_pack_bought_at' at row 1)
2021/02/02 19:19:20 [release] SQL ERROR:C:/Cavalry/server/src/db/db_def.go:659%!(EXTRA *mysql.MySQLError=Error 1292: Incorrect datetime value: '0000-00-00' for column 'starter_pack_bought_at' at row 1)
2021/02/02 19:19:20 [release] SQL ERROR:C:/Cavalry/server/src/db/db_def.go:659%!(EXTRA *mysql.MySQLError=Error 1292: Incorrect datetime value: '0000-00-00' for column 'starter_pack_bought_at' at row 1)
2021/02/02 19:19:20 [release] SQL ERROR:C:/Cavalry/server/src/db/db_def.go:659%!(EXTRA *mysql.MySQLError=Error 1292: Incorrect datetime value: '0000-00-00' for column 'starter_pack_bought_at' at row 1)
2021/02/02 19:19:20 [release] SQL ERROR:C:/Cavalry/server/src/db/db_def.go:659%!(EXTRA *mysql.MySQLError=Error 1292: Incorrect datetime value: '0000-00-00' for column 'starter_pack_bought_at' at row 1)
2021/02/02 19:19:20 [release] SQL ERROR:C:/Cavalry/server/src/db/db_def.go:659%!(EXTRA *mysql.MySQLError=Error 1292: Incorrect datetime value: '0000-00-00' for column 'starter_pack_bought_at' at row 1)
2021/02/02 19:19:20 [release] SQL ERROR:C:/Cavalry/server/src/db/db_def.go:659%!(EXTRA *mysql.MySQLError=Error 1292: Incorrect datetime value: '0000-00-00' for column 'starter_pack_bought_at' at row 1)
2021/02/02 19:19:20 [release] SQL ERROR:C:/Cavalry/server/src/db/db_def.go:659%!(EXTRA *mysql.MySQLError=Error 1292: Incorrect datetime value: '0000-00-00' for column 'starter_pack_bought_at' at row 1)
2021/02/02 19:19:20 [release] SQL ERROR:C:/Cavalry/server/src/db/db_def.go:659%!(EXTRA *mysql.MySQLError=Error 1292: Incorrect datetime value: '0000-00-00' for column 'starter_pack_bought_at' at row 1)
2021/02/02 19:19:20 [release] SQL ERROR:C:/Cavalry/server/src/db/db_def.go:659%!(EXTRA *mysql.MySQLError=Error 1292: Incorrect datetime value: '0000-00-00' for column 'starter_pack_bought_at' at row 1)
2021/02/02 19:19:20 [release] SQL ERROR:C:/Cavalry/server/src/db/db_def.go:659%!(EXTRA *mysql.MySQLError=Error 1292: Incorrect datetime value: '0000-00-00' for column 'starter_pack_bought_at1' at row 1)
2021/02/02 19:19:20 [release] SQL ERROR:C:/Cavalry/server/src/db/db_def.go:659%!(EXTRA *mysql.MySQLError=Error 1292: Incorrect datetime value: '0000-00-00' for column 'starter_pack_bought_at' at row 1)
2021/02/02 19:19:20 [release] SQL ERROR:C:/Cavalry/server/src/db/db_def.go:659%!(EXTRA *mysql.MySQLError=Error 1292: Incorrect datetime value: '0000-00-00' for column 'starter_pack_bought_at' at row 1)
2021/02/02 19:19:20 [release] SQL ERROR:C:/Cavalry/server/src/db/db_def.go:659%!(EXTRA *mysql.MySQLError=Error 1292: Incorrect datetime value: '0000-00-00' for column 'starter_pack_bought_at' at row 1)
2021/02/02 19:19:20 [release] SQL ERROR:C:/Cavalry/server/src/db/db_def.go:659%!(EXTRA *mysql.MySQLError=Error 1292: Incorrect datetime value: '0000-00-00' for column 'starter_pack_bought_at' at row 1)
2021/02/02 19:19:20 [release] SQL ERROR:C:/Cavalry/server/src/db/db_def.go:659%!(EXTRA *mysql.MySQLError=Error 1292: Incorrect datetime value: '0000-00-00' for column 'starter_pack_bought_at' at row 1)
2021/02/02 19:19:20 [release] SQL ERROR:C:/Cavalry/server/src/db/db_def.go:659%!(EXTRA *mysql.MySQLError=Error 1292: Incorrect datetime value: '0000-00-00' for column 'starter_pack_bought_at' at row 1)
2021/02/02 19:19:20 [release] SQL ERROR:C:/Cavalry/server/src/db/db_def.go:659%!(EXTRA *mysql.MySQLError=Error 1292: Incorrect datetime value: '0000-00-00' for column 'starter_pack_bought_at' at row 1)
2021/02/02 19:19:20 [release] SQL ERROR:C:/Cavalry/server/src/db/db_def.go:659%!(EXTRA *mysql.MySQLError=Error 1292: Incorrect datetime value: '0000-00-00' for column 'starter_pack_bought_at' at row 1)
2021/02/02 19:19:20 [release] SQL ERROR:C:/Cavalry/server/src/db/db_def.go:659%!(EXTRA *mysql.MySQLError=Error 1292: Incorrect datetime value: '0000-00-00' for column 'starter_pack_bought_at' at row 1)
2021/02/02 19:19:20 [release] SQL ERROR:C:/Cavalry/server/src/db/db_def.go:659%!(EXTRA *mysql.MySQLError=Error 1292: Incorrect datetime value: '0000-00-00' for column 'starter_pack_bought_at' at row 1)
2021/02/02 19:19:20 [release] SQL ERROR:C:/Cavalry/server/src/db/db_def.go:659%!(EXTRA *mysql.MySQLError=Error 1292: Incorrect datetime value: '0000-00-00' for column 'starter_pack_bought_at' at row 1)
2021/02/02 19:19:20 [release] SQL ERROR:C:/Cavalry/server/src/db/db_def.go:659%!(EXTRA *mysql.MySQLError=Error 1292: Incorrect datetime value: '0000-00-00' for column 'starter_pack_bought_at' at row 1)
2021/02/02 19:19:20 [release] SQL ERROR:C:/Cavalry/server/src/db/db_def.go:659%!(EXTRA *mysql.MySQLError=Error 1292: Incorrect datetime value: '0000-00-00' for column 'starter_pack_bought_at' at row 1)
2021/02/02 19:19:20 [release] SQL ERROR:C:/Cavalry/server/src/db/db_def.go:659%!(EXTRA *mysql.MySQLError=Error 1292: Incorrect datetime value: '0000-00-00' for column 'starter_pack_bought_at' at row 1)
2021/02/02 19:19:20 [release] SQL ERROR:C:/Cavalry/server/src/db/db_def.go:659%!(EXTRA *mysql.MySQLError=Error 1292: Incorrect datetime value: '0000-00-00' for column 'guild_mill_time' at row 1)
2021/02/02 19:19:20 [release] SQL ERROR:C:/Cavalry/server/src/db/db_def.go:659%!(EXTRA *mysql.MySQLError=Error 1292: Incorrect datetime value: '0000-00-00' for column 'starter_pack_bought_at' at row 1)
2021/02/02 19:19:20 [release] SQL ERROR:C:/Cavalry/server/src/db/db_def.go:659%!(EXTRA *mysql.MySQLError=Error 1292: Incorrect datetime value: '0000-00-00' for column 'starter_pack_bought_at' at row 1)
2021/02/02 19:19:20 [release] SQL ERROR:C:/Cavalry/server/src/db/db_def.go:659%!(EXTRA *mysql.MySQLError=Error 1292: Incorrect datetime value: '0000-00-00' for column 'starter_pack_bought_at' at row 1)
2021/02/02 19:19:20 [release] SQL ERROR:C:/Cavalry/server/src/db/db_def.go:659%!(EXTRA *mysql.MySQLError=Error 1292: Incorrect datetime value: '0000-00-00' for column 'starter_pack_bought_at' at row 1)
2021/02/02 19:19:20 [release] SQL ERROR:C:/Cavalry/server/src/db/db_def.go:659%!(EXTRA *mysql.MySQLError=Error 1292: Incorrect datetime value: '0000-00-00' for column 'starter_pack_bought_at' at row 1)
2021/02/02 19:19:20 [release] SQL ERROR:C:/Cavalry/server/src/db/db_def.go:659%!(EXTRA *mysql.MySQLError=Error 1292: Incorrect datetime value: '0000-00-00' for column 'starter_pack_bought_at' at row 1)
2021/02/02 19:19:20 [release] SQL ERROR:C:/Cavalry/server/src/db/db_def.go:659%!(EXTRA *mysql.MySQLError=Error 1292: Incorrect datetime value: '0000-00-00' for column 'starter_pack_bought_at' at row 1)
2021/02/02 19:19:20 [release] SQL ERROR:C:/Cavalry/server/src/db/db_def.go:659%!(EXTRA *mysql.MySQLError=Error 1292: Incorrect datetime value: '0000-00-00' for column 'starter_pack_bought_at' at row 1)
2021/02/02 19:19:20 [release] SQL ERROR:C:/Cavalry/server/src/db/db_def.go:659%!(EXTRA *mysql.MySQLError=Error 1292: Incorrect datetime value: '0000-00-00' for column 'starter_pack_bought_at' at row 1)
2021/02/02 19:19:20 [release] SQL ERROR:C:/Cavalry/server/src/db/db_def.go:659%!(EXTRA *mysql.MySQLError=Error 1292: Incorrect datetime value: '0000-00-00' for column 'starter_pack_bought_at1' at row 1)
2021/02/02 19:19:20 [release] SQL ERROR:C:/Cavalry/server/src/db/db_def.go:659%!(EXTRA *mysql.MySQLError=Error 1292: Incorrect datetime value: '0000-00-00' for column 'starter_pack_bought_at' at row 1)
2021/02/02 19:19:20 [release] SQL ERROR:C:/Cavalry/server/src/db/db_def.go:659%!(EXTRA *mysql.MySQLError=Error 1292: Incorrect datetime value: '0000-00-00' for column 'starter_pack_bought_at' at row 1)
2021/02/02 19:19:20 [release] SQL ERROR:C:/Cavalry/server/src/db/db_def.go:659%!(EXTRA *mysql.MySQLError=Error 1292: Incorrect datetime value: '0000-00-00' for column 'starter_pack_bought_at' at row 1)
2021/02/02 19:19:20 [release] SQL ERROR:C:/Cavalry/server/src/db/db_def.go:659%!(EXTRA *mysql.MySQLError=Error 1292: Incorrect datetime value: '0000-00-00' for column 'starter_pack_bought_at' at row 1)
2021/02/02 19:19:20 [release] SQL ERROR:C:/Cavalry/server/src/db/db_def.go:659%!(EXTRA *mysql.MySQLError=Error 1292: Incorrect datetime value: '0000-00-00' for column 'starter_pack_bought_at' at row 1)
2021/02/02 19:19:20 [release] SQL ERROR:C:/Cavalry/server/src/db/db_def.go:659%!(EXTRA *mysql.MySQLError=Error 1292: Incorrect datetime value: '0000-00-00' for column 'starter_pack_bought_at' at row 1)
2021/02/02 19:19:20 [release] SQL ERROR:C:/Cavalry/server/src/db/db_def.go:659%!(EXTRA *mysql.MySQLError=Error 1292: Incorrect datetime value: '0000-00-00' for column 'starter_pack_bought_at' at row 1)
2021/02/02 19:19:20 [release] SQL ERROR:C:/Cavalry/server/src/db/db_def.go:659%!(EXTRA *mysql.MySQLError=Error 1292: Incorrect datetime value: '0000-00-00' for column 'starter_pack_bought_at' at row 1)
2021/02/02 19:19:20 [release] SQL ERROR:C:/Cavalry/server/src/db/db_def.go:659%!(EXTRA *mysql.MySQLError=Error 1292: Incorrect datetime value: '0000-00-00' for column 'starter_pack_bought_at' at row 1)
2021/02/02 19:19:20 [release] SQL ERROR:C:/Cavalry/server/src/db/db_def.go:659%!(EXTRA *mysql.MySQLError=Error 1292: Incorrect datetime value: '0000-00-00' for column 'starter_pack_bought_at' at row 1)
2021/02/02 19:19:20 [release] SQL ERROR:C:/Cavalry/server/src/db/db_def.go:659%!(EXTRA *mysql.MySQLError=Error 1292: Incorrect datetime value: '0000-00-00' for column 'starter_pack_bought_at' at row 1)
2021/02/02 19:19:20 [release] SQL ERROR:C:/Cavalry/server/src/db/db_def.go:659%!(EXTRA *mysql.MySQLError=Error 1292: Incorrect datetime value: '0000-00-00' for column 'starter_pack_bought_at' at row 1)
2021/02/02 19:19:20 [release] SQL ERROR:C:/Cavalry/server/src/db/db_def.go:659%!(EXTRA *mysql.MySQLError=Error 1292: Incorrect datetime value: '0000-00-00' for column 'starter_pack_bought_at' at row 1)
2021/02/02 19:19:20 [release] SQL ERROR:C:/Cavalry/server/src/db/db_def.go:659%!(EXTRA *mysql.MySQLError=Error 1292: Incorrect datetime value: '0000-00-00' for column 'starter_pack_bought_at' at row 1)
2021/02/02 19:19:20 [release] SQL ERROR:C:/Cavalry/server/src/db/db_def.go:659%!(EXTRA *mysql.MySQLError=Error 1292: Incorrect datetime value: '0000-00-00' for column 'starter_pack_bought_at' at row 1)
2021/02/02 19:19:20 [release] SQL ERROR:C:/Cavalry/server/src/db/db_def.go:659%!(EXTRA *mysql.MySQLError=Error 1292: Incorrect datetime value: '0000-00-00' for column 'starter_pack_bought_at' at row 1)
2021/02/02 19:19:20 [release] SQL ERROR:C:/Cavalry/server/src/db/db_def.go:659%!(EXTRA *mysql.MySQLError=Error 1292: Incorrect datetime value: '0000-00-00' for column 'starter_pack_bought_at1' at row 1)
2021/02/02 19:19:20 [release] SQL ERROR:C:/Cavalry/server/src/db/db_def.go:659%!(EXTRA *mysql.MySQLError=Error 1292: Incorrect datetime value: '0000-00-00' for column 'starter_pack_bought_at' at row 1)
2021/02/02 19:19:20 [release] SQL ERROR:C:/Cavalry/server/src/db/db_def.go:659%!(EXTRA *mysql.MySQLError=Error 1292: Incorrect datetime value: '0000-00-00' for column 'starter_pack_bought_at' at row 1)
2021/02/02 19:19:20 [release] SQL ERROR:C:/Cavalry/server/src/db/db_def.go:659%!(EXTRA *mysql.MySQLError=Error 1292: Incorrect datetime value: '0000-00-00' for column 'starter_pack_bought_at' at row 1)
2021/02/02 19:19:20 [release] SQL ERROR:C:/Cavalry/server/src/db/db_def.go:659%!(EXTRA *mysql.MySQLError=Error 1292: Incorrect datetime value: '0000-00-00' for column 'starter_pack_bought_at' at row 1)
2021/02/02 19:19:20 [release] SQL ERROR:C:/Cavalry/server/src/db/db_def.go:659%!(EXTRA *mysql.MySQLError=Error 1292: Incorrect datetime value: '0000-00-00' for column 'starter_pack_bought_at1' at row 1)
2021/02/02 19:19:20 [release] SQL ERROR:C:/Cavalry/server/src/db/db_def.go:659%!(EXTRA *mysql.MySQLError=Error 1292: Incorrect datetime value: '0000-00-00' for column 'starter_pack_bought_at' at row 1)
2021/02/02 19:19:20 [release] SQL ERROR:C:/Cavalry/server/src/db/db_def.go:659%!(EXTRA *mysql.MySQLError=Error 1292: Incorrect datetime value: '0000-00-00' for column 'starter_pack_bought_at' at row 1)
2021/02/02 19:19:20 [release] SQL ERROR:C:/Cavalry/server/src/db/db_def.go:659%!(EXTRA *mysql.MySQLError=Error 1292: Incorrect datetime value: '0000-00-00' for column 'starter_pack_bought_at' at row 1)
2021/02/02 19:19:20 [release] SQL ERROR:C:/Cavalry/server/src/db/db_def.go:659%!(EXTRA *mysql.MySQLError=Error 1292: Incorrect datetime value: '0000-00-00' for column 'starter_pack_bought_at' at row 1)
2021/02/02 19:19:20 [release] SQL ERROR:C:/Cavalry/server/src/db/db_def.go:659%!(EXTRA *mysql.MySQLError=Error 1292: Incorrect datetime value: '0000-00-00' for column 'starter_pack_bought_at' at row 1)
2021/02/02 19:19:20 [release] SQL ERROR:C:/Cavalry/server/src/db/db_def.go:659%!(EXTRA *mysql.MySQLError=Error 1292: Incorrect datetime value: '0000-00-00' for column 'starter_pack_bought_at' at row 1)
2021/02/02 19:19:20 [release] SQL ERROR:C:/Cavalry/server/src/db/db_def.go:659%!(EXTRA *mysql.MySQLError=Error 1292: Incorrect datetime value: '0000-00-00' for column 'starter_pack_bought_at' at row 1)
2021/02/02 19:19:20 [release] SQL ERROR:C:/Cavalry/server/src/db/db_def.go:659%!(EXTRA *mysql.MySQLError=Error 1292: Incorrect datetime value: '0000-00-00' for column 'starter_pack_bought_at' at row 1)
2021/02/02 19:19:20 [release] SQL ERROR:C:/Cavalry/server/src/db/db_def.go:659%!(EXTRA *mysql.MySQLError=Error 1292: Incorrect datetime value: '0000-00-00' for column 'starter_pack_bought_at' at row 1)
2021/02/02 19:19:20 [release] SQL ERROR:C:/Cavalry/server/src/db/db_def.go:659%!(EXTRA *mysql.MySQLError=Error 1292: Incorrect datetime value: '0000-00-00' for column 'starter_pack_bought_at' at row 1)
2021/02/02 19:19:20 [release] SQL ERROR:C:/Cavalry/server/src/db/db_def.go:659%!(EXTRA *mysql.MySQLError=Error 1292: Incorrect datetime value: '0000-00-00' for column 'starter_pack_bought_at' at row 1)
2021/02/02 19:19:20 [release] SQL ERROR:C:/Cavalry/server/src/db/db_def.go:659%!(EXTRA *mysql.MySQLError=Error 1292: Incorrect datetime value: '0000-00-00' for column 'starter_pack_bought_at' at row 1)
2021/02/02 19:19:20 [release] SQL ERROR:C:/Cavalry/server/src/db/db_def.go:659%!(EXTRA *mysql.MySQLError=Error 1292: Incorrect datetime value: '0000-00-00' for column 'starter_pack_bought_at' at row 1)
2021/02/02 19:19:20 [release] SQL ERROR:C:/Cavalry/server/src/db/db_def.go:659%!(EXTRA *mysql.MySQLError=Error 1292: Incorrect datetime value: '0000-00-00' for column 'starter_pack_bought_at' at row 1)
2021/02/02 19:19:20 [release] SQL ERROR:C:/Cavalry/server/src/db/db_def.go:659%!(EXTRA *mysql.MySQLError=Error 1292: Incorrect datetime value: '0000-00-00' for column 'starter_pack_bought_at' at row 1)
2021/02/02 19:19:20 [release] SQL ERROR:C:/Cavalry/server/src/db/db_def.go:659%!(EXTRA *mysql.MySQLError=Error 1292: Incorrect datetime value: '0000-00-00' for column 'starter_pack_bought_at' at row 1)
2021/02/02 19:19:20 [release] SQL ERROR:C:/Cavalry/server/src/db/db_def.go:659%!(EXTRA *mysql.MySQLError=Error 1292: Incorrect datetime value: '0000-00-00' for column 'starter_pack_bought_at' at row 1)
2021/02/02 19:19:20 [release] SQL ERROR:C:/Cavalry/server/src/db/db_def.go:659%!(EXTRA *mysql.MySQLError=Error 1292: Incorrect datetime value: '0000-00-00' for column 'starter_pack_bought_at' at row 1)
2021/02/02 19:19:20 [release] SQL ERROR:C:/Cavalry/server/src/db/db_def.go:659%!(EXTRA *mysql.MySQLError=Error 1292: Incorrect datetime value: '0000-00-00' for column 'starter_pack_bought_at' at row 1)
2021/02/02 19:19:20 [release] SQL ERROR:C:/Cavalry/server/src/db/db_def.go:659%!(EXTRA *mysql.MySQLError=Error 1292: Incorrect datetime value: '0000-00-00' for column 'starter_pack_bought_at' at row 1)
2021/02/02 19:19:20 [release] SQL ERROR:C:/Cavalry/server/src/db/db_def.go:659%!(EXTRA *mysql.MySQLError=Error 1292: Incorrect datetime value: '0000-00-00' for column 'starter_pack_bought_at' at row 1)
2021/02/02 19:19:20 [release] SQL ERROR:C:/Cavalry/server/src/db/db_def.go:659%!(EXTRA *mysql.MySQLError=Error 1292: Incorrect datetime value: '0000-00-00' for column 'starter_pack_bought_at' at row 1)
2021/02/02 19:19:20 [release] SQL ERROR:C:/Cavalry/server/src/db/db_def.go:659%!(EXTRA *mysql.MySQLError=Error 1292: Incorrect datetime value: '0000-00-00' for column 'starter_pack_bought_at' at row 1)
2021/02/02 19:19:20 [release] SQL ERROR:C:/Cavalry/server/src/db/db_def.go:659%!(EXTRA *mysql.MySQLError=Error 1292: Incorrect datetime value: '0000-00-00' for column 'starter_pack_bought_at1' at row 1)
2021/02/02 19:19:20 [release] SQL ERROR:C:/Cavalry/server/src/db/db_def.go:659%!(EXTRA *mysql.MySQLError=Error 1292: Incorrect datetime value: '0000-00-00' for column 'starter_pack_bought_at' at row 1)
2021/02/02 19:19:20 [release] SQL ERROR:C:/Cavalry/server/src/db/db_def.go:659%!(EXTRA *mysql.MySQLError=Error 1292: Incorrect datetime value: '0000-00-00' for column 'starter_pack_bought_at' at row 1)
2021/02/02 19:19:20 [release] SQL ERROR:C:/Cavalry/server/src/db/db_def.go:659%!(EXTRA *mysql.MySQLError=Error 1292: Incorrect datetime value: '0000-00-00' for column 'starter_pack_bought_at' at row 1)
2021/02/02 19:19:20 [release] SQL ERROR:C:/Cavalry/server/src/db/db_def.go:659%!(EXTRA *mysql.MySQLError=Error 1292: Incorrect datetime value: '0000-00-00' for column 'starter_pack_bought_at' at row 1)
2021/02/02 19:19:20 [release] SQL ERROR:C:/Cavalry/server/src/db/db_def.go:659%!(EXTRA *mysql.MySQLError=Error 1292: Incorrect datetime value: '0000-00-00' for column 'starter_pack_bought_at' at row 1)
2021/02/02 19:19:20 [release] SQL ERROR:C:/Cavalry/server/src/db/db_def.go:659%!(EXTRA *mysql.MySQLError=Error 1292: Incorrect datetime value: '0000-00-00' for column 'starter_pack_bought_at' at row 1)
2021/02/02 19:19:20 [release] SQL ERROR:C:/Cavalry/server/src/db/db_def.go:659%!(EXTRA *mysql.MySQLError=Error 1292: Incorrect datetime value: '0000-00-00' for column 'starter_pack_bought_at' at row 1)
2021/02/02 19:19:20 [release] SQL ERROR:C:/Cavalry/server/src/db/db_def.go:659%!(EXTRA *mysql.MySQLError=Error 1292: Incorrect datetime value: '0000-00-00' for column 'starter_pack_bought_at' at row 1)
2021/02/02 19:19:20 [release] SQL ERROR:C:/Cavalry/server/src/db/db_def.go:659%!(EXTRA *mysql.MySQLError=Error 1292: Incorrect datetime value: '0000-00-00' for column 'starter_pack_bought_at' at row 1)
2021/02/02 19:19:20 [release] SQL ERROR:C:/Cavalry/server/src/db/db_def.go:659%!(EXTRA *mysql.MySQLError=Error 1292: Incorrect datetime value: '0000-00-00' for column 'starter_pack_bought_at' at row 1)
2021/02/02 19:19:20 [release] SQL ERROR:C:/Cavalry/server/src/db/db_def.go:659%!(EXTRA *mysql.MySQLError=Error 1292: Incorrect datetime value: '0000-00-00' for column 'starter_pack_bought_at1' at row 1)
2021/02/02 19:19:20 [debug  ] LoadGuildNotice: end. num=34
2021/02/02 19:19:20 [release] SQL ERROR:C:/Cavalry/server/src/db/db_def.go:659%!(EXTRA *mysql.MySQLError=Error 1292: Incorrect datetime value: '0000-00-00' for column 'starter_pack_bought_at' at row 1)
2021/02/02 19:19:20 [release] SQL ERROR:C:/Cavalry/server/src/db/db_def.go:659%!(EXTRA *mysql.MySQLError=Error 1292: Incorrect datetime value: '0000-00-00' for column 'starter_pack_bought_at' at row 1)
2021/02/02 19:19:20 [release] SQL ERROR:C:/Cavalry/server/src/db/db_def.go:659%!(EXTRA *mysql.MySQLError=Error 1292: Incorrect datetime value: '0000-00-00' for column 'starter_pack_bought_at1' at row 1)
2021/02/02 19:19:20 [release] SQL ERROR:C:/Cavalry/server/src/db/db_def.go:659%!(EXTRA *mysql.MySQLError=Error 1292: Incorrect datetime value: '0000-00-00' for column 'starter_pack_bought_at' at row 1)
2021/02/02 19:19:20 [release] SQL ERROR:C:/Cavalry/server/src/db/db_def.go:659%!(EXTRA *mysql.MySQLError=Error 1292: Incorrect datetime value: '0000-00-00' for column 'starter_pack_bought_at' at row 1)
2021/02/02 19:19:20 [release] SQL ERROR:C:/Cavalry/server/src/db/db_def.go:659%!(EXTRA *mysql.MySQLError=Error 1292: Incorrect datetime value: '0000-00-00' for column 'starter_pack_bought_at2' at row 1)
2021/02/02 19:19:20 [release] SQL ERROR:C:/Cavalry/server/src/db/db_def.go:659%!(EXTRA *mysql.MySQLError=Error 1292: Incorrect datetime value: '0000-00-00' for column 'starter_pack_bought_at' at row 1)
2021/02/02 19:19:20 [release] SQL ERROR:C:/Cavalry/server/src/db/db_def.go:659%!(EXTRA *mysql.MySQLError=Error 1292: Incorrect datetime value: '0000-00-00' for column 'starter_pack_bought_at' at row 1)
2021/02/02 19:19:20 [release] SQL ERROR:C:/Cavalry/server/src/db/db_def.go:659%!(EXTRA *mysql.MySQLError=Error 1292: Incorrect datetime value: '0000-00-00' for column 'starter_pack_bought_at' at row 1)
2021/02/02 19:19:20 [release] SQL ERROR:C:/Cavalry/server/src/db/db_def.go:659%!(EXTRA *mysql.MySQLError=Error 1292: Incorrect datetime value: '0000-00-00' for column 'starter_pack_bought_at' at row 1)
2021/02/02 19:19:20 [release] SQL ERROR:C:/Cavalry/server/src/db/db_def.go:659%!(EXTRA *mysql.MySQLError=Error 1292: Incorrect datetime value: '0000-00-00' for column 'starter_pack_bought_at1' at row 1)
2021/02/02 19:19:20 [release] SQL ERROR:C:/Cavalry/server/src/db/db_def.go:659%!(EXTRA *mysql.MySQLError=Error 1292: Incorrect datetime value: '0000-00-00' for column 'starter_pack_bought_at' at row 1)
2021/02/02 19:19:20 [release] SQL ERROR:C:/Cavalry/server/src/db/db_def.go:659%!(EXTRA *mysql.MySQLError=Error 1292: Incorrect datetime value: '0000-00-00' for column 'starter_pack_bought_at' at row 1)
2021/02/02 19:19:20 [release] SQL ERROR:C:/Cavalry/server/src/db/db_def.go:659%!(EXTRA *mysql.MySQLError=Error 1292: Incorrect datetime value: '0000-00-00' for column 'starter_pack_bought_at' at row 1)
2021/02/02 19:19:20 [release] SQL ERROR:C:/Cavalry/server/src/db/db_def.go:659%!(EXTRA *mysql.MySQLError=Error 1292: Incorrect datetime value: '0000-00-00' for column 'starter_pack_bought_at' at row 1)
2021/02/02 19:19:20 [release] SQL ERROR:C:/Cavalry/server/src/db/db_def.go:659%!(EXTRA *mysql.MySQLError=Error 1292: Incorrect datetime value: '0000-00-00' for column 'starter_pack_bought_at' at row 1)
2021/02/02 19:19:20 [release] SQL ERROR:C:/Cavalry/server/src/db/db_def.go:659%!(EXTRA *mysql.MySQLError=Error 1292: Incorrect datetime value: '0000-00-00' for column 'starter_pack_bought_at1' at row 1)
2021/02/02 19:19:20 [release] SQL ERROR:C:/Cavalry/server/src/db/db_def.go:659%!(EXTRA *mysql.MySQLError=Error 1292: Incorrect datetime value: '0000-00-00' for column 'starter_pack_bought_at' at row 1)
2021/02/02 19:19:20 [release] SQL ERROR:C:/Cavalry/server/src/db/db_def.go:659%!(EXTRA *mysql.MySQLError=Error 1292: Incorrect datetime value: '0000-00-00' for column 'starter_pack_bought_at' at row 1)
2021/02/02 19:19:20 [release] SQL ERROR:C:/Cavalry/server/src/db/db_def.go:659%!(EXTRA *mysql.MySQLError=Error 1292: Incorrect datetime value: '0000-00-00' for column 'starter_pack_bought_at' at row 1)
2021/02/02 19:19:20 [release] SQL ERROR:C:/Cavalry/server/src/db/db_def.go:659%!(EXTRA *mysql.MySQLError=Error 1292: Incorrect datetime value: '0000-00-00' for column 'starter_pack_bought_at1' at row 1)
2021/02/02 19:19:20 [release] SQL ERROR:C:/Cavalry/server/src/db/db_def.go:659%!(EXTRA *mysql.MySQLError=Error 1292: Incorrect datetime value: '0000-00-00' for column 'starter_pack_bought_at' at row 1)
2021/02/02 19:19:20 [release] SQL ERROR:C:/Cavalry/server/src/db/db_def.go:659%!(EXTRA *mysql.MySQLError=Error 1292: Incorrect datetime value: '0000-00-00' for column 'starter_pack_bought_at' at row 1)
2021/02/02 19:19:20 [release] SQL ERROR:C:/Cavalry/server/src/db/db_def.go:659%!(EXTRA *mysql.MySQLError=Error 1292: Incorrect datetime value: '0000-00-00' for column 'starter_pack_bought_at' at row 1)
2021/02/02 19:19:20 [release] SQL ERROR:C:/Cavalry/server/src/db/db_def.go:659%!(EXTRA *mysql.MySQLError=Error 1292: Incorrect datetime value: '0000-00-00' for column 'starter_pack_bought_at' at row 1)
2021/02/02 19:19:20 [release] SQL ERROR:C:/Cavalry/server/src/db/db_def.go:659%!(EXTRA *mysql.MySQLError=Error 1292: Incorrect datetime value: '0000-00-00' for column 'starter_pack_bought_at' at row 1)
2021/02/02 19:19:20 [release] SQL ERROR:C:/Cavalry/server/src/db/db_def.go:659%!(EXTRA *mysql.MySQLError=Error 1292: Incorrect datetime value: '0000-00-00' for column 'starter_pack_bought_at' at row 1)
2021/02/02 19:19:20 [release] SQL ERROR:C:/Cavalry/server/src/db/db_def.go:659%!(EXTRA *mysql.MySQLError=Error 1292: Incorrect datetime value: '0000-00-00' for column 'starter_pack_bought_at' at row 1)
2021/02/02 19:19:20 [release] SQL ERROR:C:/Cavalry/server/src/db/db_def.go:659%!(EXTRA *mysql.MySQLError=Error 1292: Incorrect datetime value: '0000-00-00' for column 'starter_pack_bought_at' at row 1)
2021/02/02 19:19:20 [release] SQL ERROR:C:/Cavalry/server/src/db/db_def.go:659%!(EXTRA *mysql.MySQLError=Error 1292: Incorrect datetime value: '0000-00-00' for column 'starter_pack_bought_at' at row 1)
2021/02/02 19:19:20 [release] SQL ERROR:C:/Cavalry/server/src/db/db_def.go:659%!(EXTRA *mysql.MySQLError=Error 1292: Incorrect datetime value: '0000-00-00' for column 'starter_pack_bought_at' at row 1)
2021/02/02 19:19:20 [release] SQL ERROR:C:/Cavalry/server/src/db/db_def.go:659%!(EXTRA *mysql.MySQLError=Error 1292: Incorrect datetime value: '0000-00-00' for column 'starter_pack_bought_at' at row 1)
2021/02/02 19:19:20 [release] SQL ERROR:C:/Cavalry/server/src/db/db_def.go:659%!(EXTRA *mysql.MySQLError=Error 1292: Incorrect datetime value: '0000-00-00' for column 'starter_pack_bought_at' at row 1)
2021/02/02 19:19:20 [release] SQL ERROR:C:/Cavalry/server/src/db/db_def.go:659%!(EXTRA *mysql.MySQLError=Error 1292: Incorrect datetime value: '0000-00-00' for column 'starter_pack_bought_at' at row 1)
2021/02/02 19:19:20 [release] SQL ERROR:C:/Cavalry/server/src/db/db_def.go:659%!(EXTRA *mysql.MySQLError=Error 1292: Incorrect datetime value: '0000-00-00' for column 'starter_pack_bought_at' at row 1)
2021/02/02 19:19:20 [release] SQL ERROR:C:/Cavalry/server/src/db/db_def.go:659%!(EXTRA *mysql.MySQLError=Error 1292: Incorrect datetime value: '0000-00-00' for column 'starter_pack_bought_at1' at row 1)
2021/02/02 19:19:20 [release] SQL ERROR:C:/Cavalry/server/src/db/db_def.go:659%!(EXTRA *mysql.MySQLError=Error 1292: Incorrect datetime value: '0000-00-00' for column 'starter_pack_bought_at' at row 1)
2021/02/02 19:19:20 [release] SQL ERROR:C:/Cavalry/server/src/db/db_def.go:659%!(EXTRA *mysql.MySQLError=Error 1292: Incorrect datetime value: '0000-00-00' for column 'starter_pack_bought_at' at row 1)
2021/02/02 19:19:20 [release] SQL ERROR:C:/Cavalry/server/src/db/db_def.go:659%!(EXTRA *mysql.MySQLError=Error 1292: Incorrect datetime value: '0000-00-00' for column 'starter_pack_bought_at' at row 1)
2021/02/02 19:19:20 [release] SQL ERROR:C:/Cavalry/server/src/db/db_def.go:659%!(EXTRA *mysql.MySQLError=Error 1292: Incorrect datetime value: '0000-00-00' for column 'starter_pack_bought_at' at row 1)
2021/02/02 19:19:20 [release] SQL ERROR:C:/Cavalry/server/src/db/db_def.go:659%!(EXTRA *mysql.MySQLError=Error 1292: Incorrect datetime value: '0000-00-00' for column 'starter_pack_bought_at' at row 1)
2021/02/02 19:19:20 [release] SQL ERROR:C:/Cavalry/server/src/db/db_def.go:659%!(EXTRA *mysql.MySQLError=Error 1292: Incorrect datetime value: '0000-00-00' for column 'starter_pack_bought_at' at row 1)
2021/02/02 19:19:20 [release] SQL ERROR:C:/Cavalry/server/src/db/db_def.go:659%!(EXTRA *mysql.MySQLError=Error 1292: Incorrect datetime value: '0000-00-00' for column 'starter_pack_bought_at' at row 1)
2021/02/02 19:19:20 [release] SQL ERROR:C:/Cavalry/server/src/db/db_def.go:659%!(EXTRA *mysql.MySQLError=Error 1292: Incorrect datetime value: '0000-00-00' for column 'starter_pack_bought_at' at row 1)
2021/02/02 19:19:20 [release] SQL ERROR:C:/Cavalry/server/src/db/db_def.go:659%!(EXTRA *mysql.MySQLError=Error 1292: Incorrect datetime value: '0000-00-00' for column 'starter_pack_bought_at' at row 1)
2021/02/02 19:19:20 [release] SQL ERROR:C:/Cavalry/server/src/db/db_def.go:659%!(EXTRA *mysql.MySQLError=Error 1292: Incorrect datetime value: '0000-00-00' for column 'starter_pack_bought_at' at row 1)
2021/02/02 19:19:20 [release] SQL ERROR:C:/Cavalry/server/src/db/db_def.go:659%!(EXTRA *mysql.MySQLError=Error 1292: Incorrect datetime value: '0000-00-00' for column 'starter_pack_bought_at' at row 1)
2021/02/02 19:19:20 [release] SQL ERROR:C:/Cavalry/server/src/db/db_def.go:659%!(EXTRA *mysql.MySQLError=Error 1292: Incorrect datetime value: '0000-00-00' for column 'starter_pack_bought_at' at row 1)
2021/02/02 19:19:20 [release] SQL ERROR:C:/Cavalry/server/src/db/db_def.go:659%!(EXTRA *mysql.MySQLError=Error 1292: Incorrect datetime value: '0000-00-00' for column 'starter_pack_bought_at' at row 1)
2021/02/02 19:19:20 [release] SQL ERROR:C:/Cavalry/server/src/db/db_def.go:659%!(EXTRA *mysql.MySQLError=Error 1292: Incorrect datetime value: '0000-00-00' for column 'starter_pack_bought_at' at row 1)
2021/02/02 19:19:20 [release] SQL ERROR:C:/Cavalry/server/src/db/db_def.go:659%!(EXTRA *mysql.MySQLError=Error 1292: Incorrect datetime value: '0000-00-00' for column 'starter_pack_bought_at1' at row 1)
2021/02/02 19:19:20 [release] SQL ERROR:C:/Cavalry/server/src/db/db_def.go:659%!(EXTRA *mysql.MySQLError=Error 1292: Incorrect datetime value: '0000-00-00' for column 'starter_pack_bought_at' at row 1)
2021/02/02 19:19:20 [release] SQL ERROR:C:/Cavalry/server/src/db/db_def.go:659%!(EXTRA *mysql.MySQLError=Error 1292: Incorrect datetime value: '0000-00-00' for column 'starter_pack_bought_at' at row 1)
2021/02/02 19:19:20 [release] SQL ERROR:C:/Cavalry/server/src/db/db_def.go:659%!(EXTRA *mysql.MySQLError=Error 1292: Incorrect datetime value: '0000-00-00' for column 'starter_pack_bought_at' at row 1)
2021/02/02 19:19:20 [release] SQL ERROR:C:/Cavalry/server/src/db/db_def.go:659%!(EXTRA *mysql.MySQLError=Error 1292: Incorrect datetime value: '0000-00-00' for column 'starter_pack_bought_at' at row 1)
2021/02/02 19:19:20 [release] SQL ERROR:C:/Cavalry/server/src/db/db_def.go:659%!(EXTRA *mysql.MySQLError=Error 1292: Incorrect datetime value: '0000-00-00' for column 'starter_pack_bought_at' at row 1)
2021/02/02 19:19:20 [release] SQL ERROR:C:/Cavalry/server/src/db/db_def.go:659%!(EXTRA *mysql.MySQLError=Error 1292: Incorrect datetime value: '0000-00-00' for column 'starter_pack_bought_at' at row 1)
2021/02/02 19:19:20 [release] SQL ERROR:C:/Cavalry/server/src/db/db_def.go:659%!(EXTRA *mysql.MySQLError=Error 1292: Incorrect datetime value: '0000-00-00' for column 'starter_pack_bought_at' at row 1)
2021/02/02 19:19:20 [release] SQL ERROR:C:/Cavalry/server/src/db/db_def.go:659%!(EXTRA *mysql.MySQLError=Error 1292: Incorrect datetime value: '0000-00-00' for column 'starter_pack_bought_at' at row 1)
2021/02/02 19:19:20 [release] SQL ERROR:C:/Cavalry/server/src/db/db_def.go:659%!(EXTRA *mysql.MySQLError=Error 1292: Incorrect datetime value: '0000-00-00' for column 'starter_pack_bought_at' at row 1)
2021/02/02 19:19:20 [release] SQL ERROR:C:/Cavalry/server/src/db/db_def.go:659%!(EXTRA *mysql.MySQLError=Error 1292: Incorrect datetime value: '0000-00-00' for column 'starter_pack_bought_at' at row 1)
2021/02/02 19:19:20 [release] SQL ERROR:C:/Cavalry/server/src/db/db_def.go:659%!(EXTRA *mysql.MySQLError=Error 1292: Incorrect datetime value: '0000-00-00' for column 'starter_pack_bought_at' at row 1)
2021/02/02 19:19:20 [release] SQL ERROR:C:/Cavalry/server/src/db/db_def.go:659%!(EXTRA *mysql.MySQLError=Error 1292: Incorrect datetime value: '0000-00-00' for column 'starter_pack_bought_at' at row 1)
2021/02/02 19:19:20 [release] SQL ERROR:C:/Cavalry/server/src/db/db_def.go:659%!(EXTRA *mysql.MySQLError=Error 1292: Incorrect datetime value: '0000-00-00' for column 'starter_pack_bought_at' at row 1)
2021/02/02 19:19:20 [release] SQL ERROR:C:/Cavalry/server/src/db/db_def.go:659%!(EXTRA *mysql.MySQLError=Error 1292: Incorrect datetime value: '0000-00-00' for column 'starter_pack_bought_at' at row 1)
2021/02/02 19:19:20 [release] SQL ERROR:C:/Cavalry/server/src/db/db_def.go:659%!(EXTRA *mysql.MySQLError=Error 1292: Incorrect datetime value: '0000-00-00' for column 'starter_pack_bought_at1' at row 1)
2021/02/02 19:19:20 [release] SQL ERROR:C:/Cavalry/server/src/db/db_def.go:659%!(EXTRA *mysql.MySQLError=Error 1292: Incorrect datetime value: '0000-00-00' for column 'starter_pack_bought_at' at row 1)
2021/02/02 19:19:20 [release] SQL ERROR:C:/Cavalry/server/src/db/db_def.go:659%!(EXTRA *mysql.MySQLError=Error 1292: Incorrect datetime value: '0000-00-00' for column 'starter_pack_bought_at' at row 1)
2021/02/02 19:19:20 [release] SQL ERROR:C:/Cavalry/server/src/db/db_def.go:659%!(EXTRA *mysql.MySQLError=Error 1292: Incorrect datetime value: '0000-00-00' for column 'starter_pack_bought_at' at row 1)
2021/02/02 19:19:20 [release] SQL ERROR:C:/Cavalry/server/src/db/db_def.go:659%!(EXTRA *mysql.MySQLError=Error 1292: Incorrect datetime value: '0000-00-00' for column 'starter_pack_bought_at' at row 1)
2021/02/02 19:19:20 [release] SQL ERROR:C:/Cavalry/server/src/db/db_def.go:659%!(EXTRA *mysql.MySQLError=Error 1292: Incorrect datetime value: '0000-00-00' for column 'starter_pack_bought_at' at row 1)
2021/02/02 19:19:20 [release] SQL ERROR:C:/Cavalry/server/src/db/db_def.go:659%!(EXTRA *mysql.MySQLError=Error 1292: Incorrect datetime value: '0000-00-00' for column 'starter_pack_bought_at' at row 1)
2021/02/02 19:19:20 [release] SQL ERROR:C:/Cavalry/server/src/db/db_def.go:659%!(EXTRA *mysql.MySQLError=Error 1292: Incorrect datetime value: '0000-00-00' for column 'starter_pack_bought_at' at row 1)
2021/02/02 19:19:20 [release] SQL ERROR:C:/Cavalry/server/src/db/db_def.go:659%!(EXTRA *mysql.MySQLError=Error 1292: Incorrect datetime value: '0000-00-00' for column 'starter_pack_bought_at' at row 1)
2021/02/02 19:19:20 [release] SQL ERROR:C:/Cavalry/server/src/db/db_def.go:659%!(EXTRA *mysql.MySQLError=Error 1292: Incorrect datetime value: '0000-00-00' for column 'starter_pack_bought_at' at row 1)
2021/02/02 19:19:20 [release] SQL ERROR:C:/Cavalry/server/src/db/db_def.go:659%!(EXTRA *mysql.MySQLError=Error 1292: Incorrect datetime value: '0000-00-00' for column 'starter_pack_bought_at' at row 1)
2021/02/02 19:19:20 [release] SQL ERROR:C:/Cavalry/server/src/db/db_def.go:659%!(EXTRA *mysql.MySQLError=Error 1292: Incorrect datetime value: '0000-00-00' for column 'starter_pack_bought_at' at row 1)
2021/02/02 19:19:20 [release] SQL ERROR:C:/Cavalry/server/src/db/db_def.go:659%!(EXTRA *mysql.MySQLError=Error 1292: Incorrect datetime value: '0000-00-00' for column 'starter_pack_bought_at' at row 1)
2021/02/02 19:19:20 [release] SQL ERROR:C:/Cavalry/server/src/db/db_def.go:659%!(EXTRA *mysql.MySQLError=Error 1292: Incorrect datetime value: '0000-00-00' for column 'starter_pack_bought_at' at row 1)
2021/02/02 19:19:20 [release] SQL ERROR:C:/Cavalry/server/src/db/db_def.go:659%!(EXTRA *mysql.MySQLError=Error 1292: Incorrect datetime value: '0000-00-00' for column 'starter_pack_bought_at' at row 1)
2021/02/02 19:19:20 [release] SQL ERROR:C:/Cavalry/server/src/db/db_def.go:659%!(EXTRA *mysql.MySQLError=Error 1292: Incorrect datetime value: '0000-00-00' for column 'starter_pack_bought_at' at row 1)
2021/02/02 19:19:20 [release] SQL ERROR:C:/Cavalry/server/src/db/db_def.go:659%!(EXTRA *mysql.MySQLError=Error 1292: Incorrect datetime value: '0000-00-00' for column 'starter_pack_bought_at' at row 1)
2021/02/02 19:19:20 [release] SQL ERROR:C:/Cavalry/server/src/db/db_def.go:659%!(EXTRA *mysql.MySQLError=Error 1292: Incorrect datetime value: '0000-00-00' for column 'starter_pack_bought_at' at row 1)
2021/02/02 19:19:20 [release] SQL ERROR:C:/Cavalry/server/src/db/db_def.go:659%!(EXTRA *mysql.MySQLError=Error 1292: Incorrect datetime value: '0000-00-00' for column 'starter_pack_bought_at' at row 1)
2021/02/02 19:19:20 [release] SQL ERROR:C:/Cavalry/server/src/db/db_def.go:659%!(EXTRA *mysql.MySQLError=Error 1292: Incorrect datetime value: '0000-00-00' for column 'starter_pack_bought_at' at row 1)
2021/02/02 19:19:20 [release] SQL ERROR:C:/Cavalry/server/src/db/db_def.go:659%!(EXTRA *mysql.MySQLError=Error 1292: Incorrect datetime value: '0000-00-00' for column 'starter_pack_bought_at' at row 1)
2021/02/02 19:19:20 [release] SQL ERROR:C:/Cavalry/server/src/db/db_def.go:659%!(EXTRA *mysql.MySQLError=Error 1292: Incorrect datetime value: '0000-00-00' for column 'starter_pack_bought_at' at row 1)
2021/02/02 19:19:20 [release] SQL ERROR:C:/Cavalry/server/src/db/db_def.go:659%!(EXTRA *mysql.MySQLError=Error 1292: Incorrect datetime value: '0000-00-00' for column 'starter_pack_bought_at' at row 1)
2021/02/02 19:19:20 [release] SQL ERROR:C:/Cavalry/server/src/db/db_def.go:659%!(EXTRA *mysql.MySQLError=Error 1292: Incorrect datetime value: '0000-00-00' for column 'starter_pack_bought_at' at row 1)
2021/02/02 19:19:20 [release] SQL ERROR:C:/Cavalry/server/src/db/db_def.go:659%!(EXTRA *mysql.MySQLError=Error 1292: Incorrect datetime value: '0000-00-00' for column 'starter_pack_bought_at' at row 1)
2021/02/02 19:19:20 [release] SQL ERROR:C:/Cavalry/server/src/db/db_def.go:659%!(EXTRA *mysql.MySQLError=Error 1292: Incorrect datetime value: '0000-00-00' for column 'starter_pack_bought_at' at row 1)
2021/02/02 19:19:20 [release] SQL ERROR:C:/Cavalry/server/src/db/db_def.go:659%!(EXTRA *mysql.MySQLError=Error 1292: Incorrect datetime value: '0000-00-00' for column 'starter_pack_bought_at' at row 1)
2021/02/02 19:19:20 [release] SQL ERROR:C:/Cavalry/server/src/db/db_def.go:659%!(EXTRA *mysql.MySQLError=Error 1292: Incorrect datetime value: '0000-00-00' for column 'starter_pack_bought_at' at row 1)
2021/02/02 19:19:20 [release] SQL ERROR:C:/Cavalry/server/src/db/db_def.go:659%!(EXTRA *mysql.MySQLError=Error 1292: Incorrect datetime value: '0000-00-00' for column 'starter_pack_bought_at' at row 1)
2021/02/02 19:19:20 [release] SQL ERROR:C:/Cavalry/server/src/db/db_def.go:659%!(EXTRA *mysql.MySQLError=Error 1292: Incorrect datetime value: '0000-00-00' for column 'starter_pack_bought_at' at row 1)
2021/02/02 19:19:20 [release] SQL ERROR:C:/Cavalry/server/src/db/db_def.go:659%!(EXTRA *mysql.MySQLError=Error 1292: Incorrect datetime value: '0000-00-00' for column 'starter_pack_bought_at' at row 1)
2021/02/02 19:19:20 [release] SQL ERROR:C:/Cavalry/server/src/db/db_def.go:659%!(EXTRA *mysql.MySQLError=Error 1292: Incorrect datetime value: '0000-00-00' for column 'starter_pack_bought_at' at row 1)
2021/02/02 19:19:20 [release] SQL ERROR:C:/Cavalry/server/src/db/db_def.go:659%!(EXTRA *mysql.MySQLError=Error 1292: Incorrect datetime value: '0000-00-00' for column 'starter_pack_bought_at' at row 1)
2021/02/02 19:19:20 [debug  ] Info, sort guild ,GuildRankTime:%!(EXTRA int64=12903596070000, string= rank num:, int32=21)
2021/02/02 19:19:20 [release] SQL ERROR:C:/Cavalry/server/src/db/db_def.go:659%!(EXTRA *mysql.MySQLError=Error 1292: Incorrect datetime value: '0000-00-00' for column 'starter_pack_bought_at' at row 1)
2021/02/02 19:19:20 [release] SQL ERROR:C:/Cavalry/server/src/db/db_def.go:659%!(EXTRA *mysql.MySQLError=Error 1292: Incorrect datetime value: '0000-00-00' for column 'starter_pack_bought_at' at row 1)
2021/02/02 19:19:20 [release] SQL ERROR:C:/Cavalry/server/src/db/db_def.go:659%!(EXTRA *mysql.MySQLError=Error 1292: Incorrect datetime value: '0000-00-00' for column 'starter_pack_bought_at' at row 1)
2021/02/02 19:19:20 [release] SQL ERROR:C:/Cavalry/server/src/db/db_def.go:659%!(EXTRA *mysql.MySQLError=Error 1292: Incorrect datetime value: '0000-00-00' for column 'starter_pack_bought_at' at row 1)
2021/02/02 19:19:20 [release] SQL ERROR:C:/Cavalry/server/src/db/db_def.go:659%!(EXTRA *mysql.MySQLError=Error 1292: Incorrect datetime value: '0000-00-00' for column 'starter_pack_bought_at' at row 1)
2021/02/02 19:19:20 [release] SQL ERROR:C:/Cavalry/server/src/db/db_def.go:659%!(EXTRA *mysql.MySQLError=Error 1292: Incorrect datetime value: '0000-00-00' for column 'starter_pack_bought_at' at row 1)
2021/02/02 19:19:20 [release] SQL ERROR:C:/Cavalry/server/src/db/db_def.go:659%!(EXTRA *mysql.MySQLError=Error 1292: Incorrect datetime value: '0000-00-00' for column 'starter_pack_bought_at' at row 1)
2021/02/02 19:19:20 [release] SQL ERROR:C:/Cavalry/server/src/db/db_def.go:659%!(EXTRA *mysql.MySQLError=Error 1292: Incorrect datetime value: '0000-00-00' for column 'starter_pack_bought_at' at row 1)
2021/02/02 19:19:20 [release] SQL ERROR:C:/Cavalry/server/src/db/db_def.go:659%!(EXTRA *mysql.MySQLError=Error 1292: Incorrect datetime value: '0000-00-00' for column 'starter_pack_bought_at' at row 1)
2021/02/02 19:19:20 [release] SQL ERROR:C:/Cavalry/server/src/db/db_def.go:659%!(EXTRA *mysql.MySQLError=Error 1292: Incorrect datetime value: '0000-00-00' for column 'starter_pack_bought_at' at row 1)
2021/02/02 19:19:20 [release] SQL ERROR:C:/Cavalry/server/src/db/db_def.go:659%!(EXTRA *mysql.MySQLError=Error 1292: Incorrect datetime value: '0000-00-00' for column 'starter_pack_bought_at' at row 1)
2021/02/02 19:19:20 [release] SQL ERROR:C:/Cavalry/server/src/db/db_def.go:659%!(EXTRA *mysql.MySQLError=Error 1292: Incorrect datetime value: '0000-00-00' for column 'starter_pack_bought_at' at row 1)
2021/02/02 19:19:20 [release] SQL ERROR:C:/Cavalry/server/src/db/db_def.go:659%!(EXTRA *mysql.MySQLError=Error 1292: Incorrect datetime value: '0000-00-00' for column 'starter_pack_bought_at' at row 1)
2021/02/02 19:19:20 [release] SQL ERROR:C:/Cavalry/server/src/db/db_def.go:659%!(EXTRA *mysql.MySQLError=Error 1292: Incorrect datetime value: '0000-00-00' for column 'starter_pack_bought_at1' at row 1)
2021/02/02 19:19:20 [release] SQL ERROR:C:/Cavalry/server/src/db/db_def.go:659%!(EXTRA *mysql.MySQLError=Error 1292: Incorrect datetime value: '0000-00-00' for column 'starter_pack_bought_at' at row 1)
2021/02/02 19:19:20 [release] SQL ERROR:C:/Cavalry/server/src/db/db_def.go:659%!(EXTRA *mysql.MySQLError=Error 1292: Incorrect datetime value: '0000-00-00' for column 'starter_pack_bought_at1' at row 1)
2021/02/02 19:19:20 [release] SQL ERROR:C:/Cavalry/server/src/db/db_def.go:659%!(EXTRA *mysql.MySQLError=Error 1292: Incorrect datetime value: '0000-00-00' for column 'starter_pack_bought_at' at row 1)
2021/02/02 19:19:20 [release] SQL ERROR:C:/Cavalry/server/src/db/db_def.go:659%!(EXTRA *mysql.MySQLError=Error 1292: Incorrect datetime value: '0000-00-00' for column 'starter_pack_bought_at' at row 1)
2021/02/02 19:19:20 [release] SQL ERROR:C:/Cavalry/server/src/db/db_def.go:659%!(EXTRA *mysql.MySQLError=Error 1292: Incorrect datetime value: '0000-00-00' for column 'starter_pack_bought_at' at row 1)
2021/02/02 19:19:20 [release] SQL ERROR:C:/Cavalry/server/src/db/db_def.go:659%!(EXTRA *mysql.MySQLError=Error 1292: Incorrect datetime value: '0000-00-00' for column 'starter_pack_bought_at' at row 1)
2021/02/02 19:19:20 [release] SQL ERROR:C:/Cavalry/server/src/db/db_def.go:659%!(EXTRA *mysql.MySQLError=Error 1292: Incorrect datetime value: '0000-00-00' for column 'starter_pack_bought_at1' at row 1)
2021/02/02 19:19:20 [release] SQL ERROR:C:/Cavalry/server/src/db/db_def.go:659%!(EXTRA *mysql.MySQLError=Error 1292: Incorrect datetime value: '0000-00-00' for column 'starter_pack_bought_at' at row 1)
2021/02/02 19:19:20 [release] SQL ERROR:C:/Cavalry/server/src/db/db_def.go:659%!(EXTRA *mysql.MySQLError=Error 1292: Incorrect datetime value: '0000-00-00' for column 'starter_pack_bought_at' at row 1)
2021/02/02 19:19:20 [release] SQL ERROR:C:/Cavalry/server/src/db/db_def.go:659%!(EXTRA *mysql.MySQLError=Error 1292: Incorrect datetime value: '0000-00-00' for column 'starter_pack_bought_at' at row 1)
2021/02/02 19:19:20 [release] SQL ERROR:C:/Cavalry/server/src/db/db_def.go:659%!(EXTRA *mysql.MySQLError=Error 1292: Incorrect datetime value: '0000-00-00' for column 'starter_pack_bought_at' at row 1)
2021/02/02 19:19:20 [release] SQL ERROR:C:/Cavalry/server/src/db/db_def.go:659%!(EXTRA *mysql.MySQLError=Error 1292: Incorrect datetime value: '0000-00-00' for column 'starter_pack_bought_at' at row 1)
2021/02/02 19:19:20 [release] SQL ERROR:C:/Cavalry/server/src/db/db_def.go:659%!(EXTRA *mysql.MySQLError=Error 1292: Incorrect datetime value: '0000-00-00' for column 'starter_pack_bought_at' at row 1)
2021/02/02 19:19:20 [release] SQL ERROR:C:/Cavalry/server/src/db/db_def.go:659%!(EXTRA *mysql.MySQLError=Error 1292: Incorrect datetime value: '0000-00-00' for column 'starter_pack_bought_at' at row 1)
2021/02/02 19:19:20 [release] SQL ERROR:C:/Cavalry/server/src/db/db_def.go:659%!(EXTRA *mysql.MySQLError=Error 1292: Incorrect datetime value: '0000-00-00' for column 'starter_pack_bought_at1' at row 1)
2021/02/02 19:19:20 [release] SQL ERROR:C:/Cavalry/server/src/db/db_def.go:659%!(EXTRA *mysql.MySQLError=Error 1292: Incorrect datetime value: '0000-00-00' for column 'starter_pack_bought_at' at row 1)
2021/02/02 19:19:20 [release] SQL ERROR:C:/Cavalry/server/src/db/db_def.go:659%!(EXTRA *mysql.MySQLError=Error 1292: Incorrect datetime value: '0000-00-00' for column 'starter_pack_bought_at' at row 1)
2021/02/02 19:19:20 [release] SQL ERROR:C:/Cavalry/server/src/db/db_def.go:659%!(EXTRA *mysql.MySQLError=Error 1292: Incorrect datetime value: '0000-00-00' for column 'starter_pack_bought_at1' at row 1)
2021/02/02 19:19:20 [release] SQL ERROR:C:/Cavalry/server/src/db/db_def.go:659%!(EXTRA *mysql.MySQLError=Error 1292: Incorrect datetime value: '0000-00-00' for column 'starter_pack_bought_at1' at row 1)
2021/02/02 19:19:20 [release] SQL ERROR:C:/Cavalry/server/src/db/db_def.go:659%!(EXTRA *mysql.MySQLError=Error 1292: Incorrect datetime value: '0000-00-00' for column 'starter_pack_bought_at' at row 1)
2021/02/02 19:19:20 [release] SQL ERROR:C:/Cavalry/server/src/db/db_def.go:659%!(EXTRA *mysql.MySQLError=Error 1292: Incorrect datetime value: '0000-00-00' for column 'starter_pack_bought_at' at row 1)
2021/02/02 19:19:20 [release] SQL ERROR:C:/Cavalry/server/src/db/db_def.go:659%!(EXTRA *mysql.MySQLError=Error 1292: Incorrect datetime value: '0000-00-00' for column 'starter_pack_bought_at' at row 1)
2021/02/02 19:19:20 [release] SQL ERROR:C:/Cavalry/server/src/db/db_def.go:659%!(EXTRA *mysql.MySQLError=Error 1292: Incorrect datetime value: '0000-00-00' for column 'starter_pack_bought_at' at row 1)
2021/02/02 19:19:20 [release] SQL ERROR:C:/Cavalry/server/src/db/db_def.go:659%!(EXTRA *mysql.MySQLError=Error 1292: Incorrect datetime value: '0000-00-00' for column 'starter_pack_bought_at' at row 1)
2021/02/02 19:19:20 [release] SQL ERROR:C:/Cavalry/server/src/db/db_def.go:659%!(EXTRA *mysql.MySQLError=Error 1292: Incorrect datetime value: '0000-00-00' for column 'starter_pack_bought_at' at row 1)
2021/02/02 19:19:20 [release] SQL ERROR:C:/Cavalry/server/src/db/db_def.go:659%!(EXTRA *mysql.MySQLError=Error 1292: Incorrect datetime value: '0000-00-00' for column 'starter_pack_bought_at' at row 1)
2021/02/02 19:19:20 [release] SQL ERROR:C:/Cavalry/server/src/db/db_def.go:659%!(EXTRA *mysql.MySQLError=Error 1292: Incorrect datetime value: '0000-00-00' for column 'starter_pack_bought_at' at row 1)
2021/02/02 19:19:20 [release] SQL ERROR:C:/Cavalry/server/src/db/db_def.go:659%!(EXTRA *mysql.MySQLError=Error 1292: Incorrect datetime value: '0000-00-00' for column 'starter_pack_bought_at' at row 1)
2021/02/02 19:19:20 [release] SQL ERROR:C:/Cavalry/server/src/db/db_def.go:659%!(EXTRA *mysql.MySQLError=Error 1292: Incorrect datetime value: '0000-00-00' for column 'starter_pack_bought_at' at row 1)
2021/02/02 19:19:20 [release] SQL ERROR:C:/Cavalry/server/src/db/db_def.go:659%!(EXTRA *mysql.MySQLError=Error 1292: Incorrect datetime value: '0000-00-00' for column 'starter_pack_bought_at' at row 1)
2021/02/02 19:19:20 [release] SQL ERROR:C:/Cavalry/server/src/db/db_def.go:659%!(EXTRA *mysql.MySQLError=Error 1292: Incorrect datetime value: '0000-00-00' for column 'starter_pack_bought_at' at row 1)
2021/02/02 19:19:20 [release] SQL ERROR:C:/Cavalry/server/src/db/db_def.go:659%!(EXTRA *mysql.MySQLError=Error 1292: Incorrect datetime value: '0000-00-00' for column 'starter_pack_bought_at' at row 1)
2021/02/02 19:19:20 [release] SQL ERROR:C:/Cavalry/server/src/db/db_def.go:659%!(EXTRA *mysql.MySQLError=Error 1292: Incorrect datetime value: '0000-00-00' for column 'starter_pack_bought_at' at row 1)
2021/02/02 19:19:20 [release] SQL ERROR:C:/Cavalry/server/src/db/db_def.go:659%!(EXTRA *mysql.MySQLError=Error 1292: Incorrect datetime value: '0000-00-00' for column 'starter_pack_bought_at' at row 1)
2021/02/02 19:19:20 [release] SQL ERROR:C:/Cavalry/server/src/db/db_def.go:659%!(EXTRA *mysql.MySQLError=Error 1292: Incorrect datetime value: '0000-00-00' for column 'starter_pack_bought_at' at row 1)
2021/02/02 19:19:20 [release] SQL ERROR:C:/Cavalry/server/src/db/db_def.go:659%!(EXTRA *mysql.MySQLError=Error 1292: Incorrect datetime value: '0000-00-00' for column 'starter_pack_bought_at' at row 1)
2021/02/02 19:19:20 [release] SQL ERROR:C:/Cavalry/server/src/db/db_def.go:659%!(EXTRA *mysql.MySQLError=Error 1292: Incorrect datetime value: '0000-00-00' for column 'starter_pack_bought_at' at row 1)
2021/02/02 19:19:20 [release] SQL ERROR:C:/Cavalry/server/src/db/db_def.go:659%!(EXTRA *mysql.MySQLError=Error 1292: Incorrect datetime value: '0000-00-00' for column 'starter_pack_bought_at' at row 1)
2021/02/02 19:19:20 [release] SQL ERROR:C:/Cavalry/server/src/db/db_def.go:659%!(EXTRA *mysql.MySQLError=Error 1292: Incorrect datetime value: '0000-00-00' for column 'starter_pack_bought_at' at row 1)
2021/02/02 19:19:20 [release] SQL ERROR:C:/Cavalry/server/src/db/db_def.go:659%!(EXTRA *mysql.MySQLError=Error 1292: Incorrect datetime value: '0000-00-00' for column 'starter_pack_bought_at' at row 1)
2021/02/02 19:19:20 [release] SQL ERROR:C:/Cavalry/server/src/db/db_def.go:659%!(EXTRA *mysql.MySQLError=Error 1292: Incorrect datetime value: '0000-00-00' for column 'starter_pack_bought_at' at row 1)
2021/02/02 19:19:20 [release] SQL ERROR:C:/Cavalry/server/src/db/db_def.go:659%!(EXTRA *mysql.MySQLError=Error 1292: Incorrect datetime value: '0000-00-00' for column 'starter_pack_bought_at' at row 1)
2021/02/02 19:19:20 [release] SQL ERROR:C:/Cavalry/server/src/db/db_def.go:659%!(EXTRA *mysql.MySQLError=Error 1292: Incorrect datetime value: '0000-00-00' for column 'starter_pack_bought_at1' at row 1)
2021/02/02 19:19:20 [release] SQL ERROR:C:/Cavalry/server/src/db/db_def.go:659%!(EXTRA *mysql.MySQLError=Error 1292: Incorrect datetime value: '0000-00-00' for column 'starter_pack_bought_at' at row 1)
2021/02/02 19:19:20 [release] SQL ERROR:C:/Cavalry/server/src/db/db_def.go:659%!(EXTRA *mysql.MySQLError=Error 1292: Incorrect datetime value: '0000-00-00' for column 'starter_pack_bought_at' at row 1)
2021/02/02 19:19:20 [release] SQL ERROR:C:/Cavalry/server/src/db/db_def.go:659%!(EXTRA *mysql.MySQLError=Error 1292: Incorrect datetime value: '0000-00-00' for column 'starter_pack_bought_at' at row 1)
2021/02/02 19:19:20 [release] SQL ERROR:C:/Cavalry/server/src/db/db_def.go:659%!(EXTRA *mysql.MySQLError=Error 1292: Incorrect datetime value: '0000-00-00' for column 'starter_pack_bought_at' at row 1)
2021/02/02 19:19:20 [release] SQL ERROR:C:/Cavalry/server/src/db/db_def.go:659%!(EXTRA *mysql.MySQLError=Error 1292: Incorrect datetime value: '0000-00-00' for column 'starter_pack_bought_at' at row 1)
2021/02/02 19:19:20 [release] SQL ERROR:C:/Cavalry/server/src/db/db_def.go:659%!(EXTRA *mysql.MySQLError=Error 1292: Incorrect datetime value: '0000-00-00' for column 'starter_pack_bought_at' at row 1)
2021/02/02 19:19:20 [release] SQL ERROR:C:/Cavalry/server/src/db/db_def.go:659%!(EXTRA *mysql.MySQLError=Error 1292: Incorrect datetime value: '0000-00-00' for column 'starter_pack_bought_at' at row 1)
2021/02/02 19:19:20 [release] SQL ERROR:C:/Cavalry/server/src/db/db_def.go:659%!(EXTRA *mysql.MySQLError=Error 1292: Incorrect datetime value: '0000-00-00' for column 'starter_pack_bought_at' at row 1)
2021/02/02 19:19:20 [release] SQL ERROR:C:/Cavalry/server/src/db/db_def.go:659%!(EXTRA *mysql.MySQLError=Error 1292: Incorrect datetime value: '0000-00-00' for column 'starter_pack_bought_at' at row 1)
2021/02/02 19:19:20 [release] SQL ERROR:C:/Cavalry/server/src/db/db_def.go:659%!(EXTRA *mysql.MySQLError=Error 1292: Incorrect datetime value: '0000-00-00' for column 'starter_pack_bought_at' at row 1)
2021/02/02 19:19:20 [release] SQL ERROR:C:/Cavalry/server/src/db/db_def.go:659%!(EXTRA *mysql.MySQLError=Error 1292: Incorrect datetime value: '0000-00-00' for column 'starter_pack_bought_at2' at row 1)
2021/02/02 19:19:20 [release] SQL ERROR:C:/Cavalry/server/src/db/db_def.go:659%!(EXTRA *mysql.MySQLError=Error 1292: Incorrect datetime value: '0000-00-00' for column 'starter_pack_bought_at' at row 1)
2021/02/02 19:19:20 [release] SQL ERROR:C:/Cavalry/server/src/db/db_def.go:659%!(EXTRA *mysql.MySQLError=Error 1292: Incorrect datetime value: '0000-00-00' for column 'starter_pack_bought_at' at row 1)
2021/02/02 19:19:20 [release] SQL ERROR:C:/Cavalry/server/src/db/db_def.go:659%!(EXTRA *mysql.MySQLError=Error 1292: Incorrect datetime value: '0000-00-00' for column 'starter_pack_bought_at' at row 1)
2021/02/02 19:19:20 [release] SQL ERROR:C:/Cavalry/server/src/db/db_def.go:659%!(EXTRA *mysql.MySQLError=Error 1292: Incorrect datetime value: '0000-00-00' for column 'starter_pack_bought_at' at row 1)
2021/02/02 19:19:20 [release] SQL ERROR:C:/Cavalry/server/src/db/db_def.go:659%!(EXTRA *mysql.MySQLError=Error 1292: Incorrect datetime value: '0000-00-00' for column 'starter_pack_bought_at' at row 1)
2021/02/02 19:19:20 [release] SQL ERROR:C:/Cavalry/server/src/db/db_def.go:659%!(EXTRA *mysql.MySQLError=Error 1292: Incorrect datetime value: '0000-00-00' for column 'starter_pack_bought_at' at row 1)
2021/02/02 19:19:20 [release] SQL ERROR:C:/Cavalry/server/src/db/db_def.go:659%!(EXTRA *mysql.MySQLError=Error 1292: Incorrect datetime value: '0000-00-00' for column 'starter_pack_bought_at' at row 1)
2021/02/02 19:19:20 [release] SQL ERROR:C:/Cavalry/server/src/db/db_def.go:659%!(EXTRA *mysql.MySQLError=Error 1292: Incorrect datetime value: '0000-00-00' for column 'starter_pack_bought_at' at row 1)
2021/02/02 19:19:20 [release] SQL ERROR:C:/Cavalry/server/src/db/db_def.go:659%!(EXTRA *mysql.MySQLError=Error 1292: Incorrect datetime value: '0000-00-00' for column 'starter_pack_bought_at' at row 1)
2021/02/02 19:19:20 [release] SQL ERROR:C:/Cavalry/server/src/db/db_def.go:659%!(EXTRA *mysql.MySQLError=Error 1292: Incorrect datetime value: '0000-00-00' for column 'starter_pack_bought_at' at row 1)
2021/02/02 19:19:20 [release] SQL ERROR:C:/Cavalry/server/src/db/db_def.go:659%!(EXTRA *mysql.MySQLError=Error 1292: Incorrect datetime value: '0000-00-00' for column 'starter_pack_bought_at' at row 1)
2021/02/02 19:19:20 [release] SQL ERROR:C:/Cavalry/server/src/db/db_def.go:659%!(EXTRA *mysql.MySQLError=Error 1292: Incorrect datetime value: '0000-00-00' for column 'starter_pack_bought_at' at row 1)
2021/02/02 19:19:20 [release] SQL ERROR:C:/Cavalry/server/src/db/db_def.go:659%!(EXTRA *mysql.MySQLError=Error 1292: Incorrect datetime value: '0000-00-00' for column 'starter_pack_bought_at' at row 1)
2021/02/02 19:19:20 [release] SQL ERROR:C:/Cavalry/server/src/db/db_def.go:659%!(EXTRA *mysql.MySQLError=Error 1292: Incorrect datetime value: '0000-00-00' for column 'starter_pack_bought_at' at row 1)
2021/02/02 19:19:20 [release] SQL ERROR:C:/Cavalry/server/src/db/db_def.go:659%!(EXTRA *mysql.MySQLError=Error 1292: Incorrect datetime value: '0000-00-00' for column 'starter_pack_bought_at' at row 1)
2021/02/02 19:19:20 [release] SQL ERROR:C:/Cavalry/server/src/db/db_def.go:659%!(EXTRA *mysql.MySQLError=Error 1292: Incorrect datetime value: '0000-00-00' for column 'starter_pack_bought_at' at row 1)
2021/02/02 19:19:20 [release] SQL ERROR:C:/Cavalry/server/src/db/db_def.go:659%!(EXTRA *mysql.MySQLError=Error 1292: Incorrect datetime value: '0000-00-00' for column 'starter_pack_bought_at' at row 1)
2021/02/02 19:19:20 [release] SQL ERROR:C:/Cavalry/server/src/db/db_def.go:659%!(EXTRA *mysql.MySQLError=Error 1292: Incorrect datetime value: '0000-00-00' for column 'starter_pack_bought_at' at row 1)
2021/02/02 19:19:20 [release] SQL ERROR:C:/Cavalry/server/src/db/db_def.go:659%!(EXTRA *mysql.MySQLError=Error 1292: Incorrect datetime value: '0000-00-00' for column 'starter_pack_bought_at' at row 1)
2021/02/02 19:19:20 [release] SQL ERROR:C:/Cavalry/server/src/db/db_def.go:659%!(EXTRA *mysql.MySQLError=Error 1292: Incorrect datetime value: '0000-00-00' for column 'starter_pack_bought_at' at row 1)
2021/02/02 19:19:20 [release] SQL ERROR:C:/Cavalry/server/src/db/db_def.go:659%!(EXTRA *mysql.MySQLError=Error 1292: Incorrect datetime value: '0000-00-00' for column 'starter_pack_bought_at' at row 1)
2021/02/02 19:19:20 [release] SQL ERROR:C:/Cavalry/server/src/db/db_def.go:659%!(EXTRA *mysql.MySQLError=Error 1292: Incorrect datetime value: '0000-00-00' for column 'starter_pack_bought_at' at row 1)
2021/02/02 19:19:20 [release] SQL ERROR:C:/Cavalry/server/src/db/db_def.go:659%!(EXTRA *mysql.MySQLError=Error 1292: Incorrect datetime value: '0000-00-00' for column 'starter_pack_bought_at' at row 1)
2021/02/02 19:19:20 [release] SQL ERROR:C:/Cavalry/server/src/db/db_def.go:659%!(EXTRA *mysql.MySQLError=Error 1292: Incorrect datetime value: '0000-00-00' for column 'starter_pack_bought_at' at row 1)
2021/02/02 19:19:20 [release] SQL ERROR:C:/Cavalry/server/src/db/db_def.go:659%!(EXTRA *mysql.MySQLError=Error 1292: Incorrect datetime value: '0000-00-00' for column 'starter_pack_bought_at' at row 1)
2021/02/02 19:19:20 [release] SQL ERROR:C:/Cavalry/server/src/db/db_def.go:659%!(EXTRA *mysql.MySQLError=Error 1292: Incorrect datetime value: '0000-00-00' for column 'starter_pack_bought_at' at row 1)
2021/02/02 19:19:20 [release] BokePayControllerOnInit
2021/02/02 19:19:20 [release] SQL ERROR:C:/Cavalry/server/src/db/db_def.go:659%!(EXTRA *mysql.MySQLError=Error 1292: Incorrect datetime value: '0000-00-00' for column 'starter_pack_bought_at' at row 1)
2021/02/02 19:19:20 [release] SQL ERROR:C:/Cavalry/server/src/db/db_def.go:659%!(EXTRA *mysql.MySQLError=Error 1292: Incorrect datetime value: '0000-00-00' for column 'starter_pack_bought_at' at row 1)
2021/02/02 19:19:20 [release] SQL ERROR:C:/Cavalry/server/src/db/db_def.go:659%!(EXTRA *mysql.MySQLError=Error 1292: Incorrect datetime value: '0000-00-00' for column 'starter_pack_bought_at' at row 1)
2021/02/02 19:19:20 [release] SQL ERROR:C:/Cavalry/server/src/db/db_def.go:659%!(EXTRA *mysql.MySQLError=Error 1292: Incorrect datetime value: '0000-00-00' for column 'starter_pack_bought_at' at row 1)
2021/02/02 19:19:20 [release] SQL ERROR:C:/Cavalry/server/src/db/db_def.go:659%!(EXTRA *mysql.MySQLError=Error 1292: Incorrect datetime value: '0000-00-00' for column 'starter_pack_bought_at' at row 1)
2021/02/02 19:19:20 [release] SQL ERROR:C:/Cavalry/server/src/db/db_def.go:659%!(EXTRA *mysql.MySQLError=Error 1292: Incorrect datetime value: '0000-00-00' for column 'starter_pack_bought_at' at row 1)
2021/02/02 19:19:20 [release] SQL ERROR:C:/Cavalry/server/src/db/db_def.go:659%!(EXTRA *mysql.MySQLError=Error 1292: Incorrect datetime value: '0000-00-00' for column 'starter_pack_bought_at' at row 1)
2021/02/02 19:19:20 [release] SQL ERROR:C:/Cavalry/server/src/db/db_def.go:659%!(EXTRA *mysql.MySQLError=Error 1292: Incorrect datetime value: '0000-00-00' for column 'starter_pack_bought_at' at row 1)
2021/02/02 19:19:20 [release] SQL ERROR:C:/Cavalry/server/src/db/db_def.go:659%!(EXTRA *mysql.MySQLError=Error 1292: Incorrect datetime value: '0000-00-00' for column 'starter_pack_bought_at' at row 1)
2021/02/02 19:19:20 [release] SQL ERROR:C:/Cavalry/server/src/db/db_def.go:659%!(EXTRA *mysql.MySQLError=Error 1292: Incorrect datetime value: '0000-00-00' for column 'starter_pack_bought_at' at row 1)
2021/02/02 19:19:20 [release] SQL ERROR:C:/Cavalry/server/src/db/db_def.go:659%!(EXTRA *mysql.MySQLError=Error 1292: Incorrect datetime value: '0000-00-00' for column 'starter_pack_bought_at' at row 1)
2021/02/02 19:19:20 [release] SQL ERROR:C:/Cavalry/server/src/db/db_def.go:659%!(EXTRA *mysql.MySQLError=Error 1292: Incorrect datetime value: '0000-00-00' for column 'starter_pack_bought_at' at row 1)
2021/02/02 19:19:20 [release] SQL ERROR:C:/Cavalry/server/src/db/db_def.go:659%!(EXTRA *mysql.MySQLError=Error 1292: Incorrect datetime value: '0000-00-00' for column 'starter_pack_bought_at1' at row 1)
2021/02/02 19:19:20 [release] SQL ERROR:C:/Cavalry/server/src/db/db_def.go:659%!(EXTRA *mysql.MySQLError=Error 1292: Incorrect datetime value: '0000-00-00' for column 'starter_pack_bought_at' at row 1)
2021/02/02 19:19:20 [release] SQL ERROR:C:/Cavalry/server/src/db/db_def.go:659%!(EXTRA *mysql.MySQLError=Error 1292: Incorrect datetime value: '0000-00-00' for column 'starter_pack_bought_at' at row 1)
2021/02/02 19:19:20 [release] SQL ERROR:C:/Cavalry/server/src/db/db_def.go:659%!(EXTRA *mysql.MySQLError=Error 1292: Incorrect datetime value: '0000-00-00' for column 'starter_pack_bought_at' at row 1)
2021/02/02 19:19:20 [release] SQL ERROR:C:/Cavalry/server/src/db/db_def.go:659%!(EXTRA *mysql.MySQLError=Error 1292: Incorrect datetime value: '0000-00-00' for column 'starter_pack_bought_at' at row 1)
2021/02/02 19:19:20 [release] SQL ERROR:C:/Cavalry/server/src/db/db_def.go:659%!(EXTRA *mysql.MySQLError=Error 1292: Incorrect datetime value: '0000-00-00' for column 'starter_pack_bought_at' at row 1)
2021/02/02 19:19:20 [release] SQL ERROR:C:/Cavalry/server/src/db/db_def.go:659%!(EXTRA *mysql.MySQLError=Error 1292: Incorrect datetime value: '0000-00-00' for column 'starter_pack_bought_at' at row 1)
2021/02/02 19:19:20 [release] SQL ERROR:C:/Cavalry/server/src/db/db_def.go:659%!(EXTRA *mysql.MySQLError=Error 1292: Incorrect datetime value: '0000-00-00' for column 'starter_pack_bought_at' at row 1)
2021/02/02 19:19:20 [release] SQL ERROR:C:/Cavalry/server/src/db/db_def.go:659%!(EXTRA *mysql.MySQLError=Error 1292: Incorrect datetime value: '0000-00-00' for column 'starter_pack_bought_at' at row 1)
2021/02/02 19:19:20 [release] SQL ERROR:C:/Cavalry/server/src/db/db_def.go:659%!(EXTRA *mysql.MySQLError=Error 1292: Incorrect datetime value: '0000-00-00' for column 'starter_pack_bought_at' at row 1)
2021/02/02 19:19:20 [release] SQL ERROR:C:/Cavalry/server/src/db/db_def.go:659%!(EXTRA *mysql.MySQLError=Error 1292: Incorrect datetime value: '0000-00-00' for column 'starter_pack_bought_at' at row 1)
2021/02/02 19:19:20 [release] SQL ERROR:C:/Cavalry/server/src/db/db_def.go:659%!(EXTRA *mysql.MySQLError=Error 1292: Incorrect datetime value: '0000-00-00' for column 'starter_pack_bought_at' at row 1)
2021/02/02 19:19:20 [release] SQL ERROR:C:/Cavalry/server/src/db/db_def.go:659%!(EXTRA *mysql.MySQLError=Error 1292: Incorrect datetime value: '0000-00-00' for column 'starter_pack_bought_at' at row 1)
2021/02/02 19:19:20 [release] SQL ERROR:C:/Cavalry/server/src/db/db_def.go:659%!(EXTRA *mysql.MySQLError=Error 1292: Incorrect datetime value: '0000-00-00' for column 'starter_pack_bought_at' at row 1)
2021/02/02 19:19:20 [release] SQL ERROR:C:/Cavalry/server/src/db/db_def.go:659%!(EXTRA *mysql.MySQLError=Error 1292: Incorrect datetime value: '0000-00-00' for column 'starter_pack_bought_at' at row 1)
2021/02/02 19:19:20 [release] SQL ERROR:C:/Cavalry/server/src/db/db_def.go:659%!(EXTRA *mysql.MySQLError=Error 1292: Incorrect datetime value: '0000-00-00' for column 'starter_pack_bought_at' at row 1)
2021/02/02 19:19:20 [release] SQL ERROR:C:/Cavalry/server/src/db/db_def.go:659%!(EXTRA *mysql.MySQLError=Error 1292: Incorrect datetime value: '0000-00-00' for column 'starter_pack_bought_at' at row 1)
2021/02/02 19:19:20 [release] SQL ERROR:C:/Cavalry/server/src/db/db_def.go:659%!(EXTRA *mysql.MySQLError=Error 1292: Incorrect datetime value: '0000-00-00' for column 'starter_pack_bought_at' at row 1)
2021/02/02 19:19:20 [release] SQL ERROR:C:/Cavalry/server/src/db/db_def.go:659%!(EXTRA *mysql.MySQLError=Error 1292: Incorrect datetime value: '0000-00-00' for column 'starter_pack_bought_at' at row 1)
2021/02/02 19:19:20 [release] SQL ERROR:C:/Cavalry/server/src/db/db_def.go:659%!(EXTRA *mysql.MySQLError=Error 1292: Incorrect datetime value: '0000-00-00' for column 'starter_pack_bought_at' at row 1)
2021/02/02 19:19:20 [release] SQL ERROR:C:/Cavalry/server/src/db/db_def.go:659%!(EXTRA *mysql.MySQLError=Error 1292: Incorrect datetime value: '0000-00-00' for column 'starter_pack_bought_at2' at row 1)
2021/02/02 19:19:20 [release] SQL ERROR:C:/Cavalry/server/src/db/db_def.go:659%!(EXTRA *mysql.MySQLError=Error 1292: Incorrect datetime value: '0000-00-00' for column 'starter_pack_bought_at' at row 1)
2021/02/02 19:19:20 [release] SQL ERROR:C:/Cavalry/server/src/db/db_def.go:659%!(EXTRA *mysql.MySQLError=Error 1292: Incorrect datetime value: '0000-00-00' for column 'starter_pack_bought_at' at row 1)
2021/02/02 19:19:20 [release] SQL ERROR:C:/Cavalry/server/src/db/db_def.go:659%!(EXTRA *mysql.MySQLError=Error 1292: Incorrect datetime value: '0000-00-00' for column 'starter_pack_bought_at' at row 1)
2021/02/02 19:19:20 [release] SQL ERROR:C:/Cavalry/server/src/db/db_def.go:659%!(EXTRA *mysql.MySQLError=Error 1292: Incorrect datetime value: '0000-00-00' for column 'starter_pack_bought_at' at row 1)
2021/02/02 19:19:20 [release] SQL ERROR:C:/Cavalry/server/src/db/db_def.go:659%!(EXTRA *mysql.MySQLError=Error 1292: Incorrect datetime value: '0000-00-00' for column 'starter_pack_bought_at' at row 1)
2021/02/02 19:19:20 [release] SQL ERROR:C:/Cavalry/server/src/db/db_def.go:659%!(EXTRA *mysql.MySQLError=Error 1292: Incorrect datetime value: '0000-00-00' for column 'starter_pack_bought_at' at row 1)
2021/02/02 19:19:20 [release] SQL ERROR:C:/Cavalry/server/src/db/db_def.go:659%!(EXTRA *mysql.MySQLError=Error 1292: Incorrect datetime value: '0000-00-00' for column 'starter_pack_bought_at' at row 1)
2021/02/02 19:19:20 [release] SQL ERROR:C:/Cavalry/server/src/db/db_def.go:659%!(EXTRA *mysql.MySQLError=Error 1292: Incorrect datetime value: '0000-00-00' for column 'starter_pack_bought_at' at row 1)
2021/02/02 19:19:20 [release] SQL ERROR:C:/Cavalry/server/src/db/db_def.go:659%!(EXTRA *mysql.MySQLError=Error 1292: Incorrect datetime value: '0000-00-00' for column 'starter_pack_bought_at1' at row 1)
2021/02/02 19:19:20 [release] SQL ERROR:C:/Cavalry/server/src/db/db_def.go:659%!(EXTRA *mysql.MySQLError=Error 1292: Incorrect datetime value: '0000-00-00' for column 'starter_pack_bought_at' at row 1)
2021/02/02 19:19:20 [release] SQL ERROR:C:/Cavalry/server/src/db/db_def.go:659%!(EXTRA *mysql.MySQLError=Error 1292: Incorrect datetime value: '0000-00-00' for column 'starter_pack_bought_at' at row 1)
2021/02/02 19:19:20 [release] SQL ERROR:C:/Cavalry/server/src/db/db_def.go:659%!(EXTRA *mysql.MySQLError=Error 1292: Incorrect datetime value: '0000-00-00' for column 'starter_pack_bought_at' at row 1)
2021/02/02 19:19:20 [release] SQL ERROR:C:/Cavalry/server/src/db/db_def.go:659%!(EXTRA *mysql.MySQLError=Error 1292: Incorrect datetime value: '0000-00-00' for column 'starter_pack_bought_at' at row 1)
2021/02/02 19:19:20 [release] SQL ERROR:C:/Cavalry/server/src/db/db_def.go:659%!(EXTRA *mysql.MySQLError=Error 1292: Incorrect datetime value: '0000-00-00' for column 'starter_pack_bought_at' at row 1)
2021/02/02 19:19:20 [release] SQL ERROR:C:/Cavalry/server/src/db/db_def.go:659%!(EXTRA *mysql.MySQLError=Error 1292: Incorrect datetime value: '0000-00-00' for column 'starter_pack_bought_at' at row 1)
2021/02/02 19:19:20 [release] SQL ERROR:C:/Cavalry/server/src/db/db_def.go:659%!(EXTRA *mysql.MySQLError=Error 1292: Incorrect datetime value: '0000-00-00' for column 'starter_pack_bought_at1' at row 1)
2021/02/02 19:19:20 [release] SQL ERROR:C:/Cavalry/server/src/db/db_def.go:659%!(EXTRA *mysql.MySQLError=Error 1292: Incorrect datetime value: '0000-00-00' for column 'starter_pack_bought_at' at row 1)
2021/02/02 19:19:20 [release] SQL ERROR:C:/Cavalry/server/src/db/db_def.go:659%!(EXTRA *mysql.MySQLError=Error 1292: Incorrect datetime value: '0000-00-00' for column 'starter_pack_bought_at' at row 1)
2021/02/02 19:19:20 [release] SQL ERROR:C:/Cavalry/server/src/db/db_def.go:659%!(EXTRA *mysql.MySQLError=Error 1292: Incorrect datetime value: '0000-00-00' for column 'starter_pack_bought_at' at row 1)
2021/02/02 19:19:20 [release] SQL ERROR:C:/Cavalry/server/src/db/db_def.go:659%!(EXTRA *mysql.MySQLError=Error 1292: Incorrect datetime value: '0000-00-00' for column 'starter_pack_bought_at' at row 1)
2021/02/02 19:19:20 [release] SQL ERROR:C:/Cavalry/server/src/db/db_def.go:659%!(EXTRA *mysql.MySQLError=Error 1292: Incorrect datetime value: '0000-00-00' for column 'starter_pack_bought_at' at row 1)
2021/02/02 19:19:20 [release] SQL ERROR:C:/Cavalry/server/src/db/db_def.go:659%!(EXTRA *mysql.MySQLError=Error 1292: Incorrect datetime value: '0000-00-00' for column 'starter_pack_bought_at' at row 1)
2021/02/02 19:19:20 [release] SQL ERROR:C:/Cavalry/server/src/db/db_def.go:659%!(EXTRA *mysql.MySQLError=Error 1292: Incorrect datetime value: '0000-00-00' for column 'starter_pack_bought_at' at row 1)
2021/02/02 19:19:20 [release] SQL ERROR:C:/Cavalry/server/src/db/db_def.go:659%!(EXTRA *mysql.MySQLError=Error 1292: Incorrect datetime value: '0000-00-00' for column 'starter_pack_bought_at' at row 1)
2021/02/02 19:19:20 [release] SQL ERROR:C:/Cavalry/server/src/db/db_def.go:659%!(EXTRA *mysql.MySQLError=Error 1292: Incorrect datetime value: '0000-00-00' for column 'starter_pack_bought_at' at row 1)
2021/02/02 19:19:20 [release] SQL ERROR:C:/Cavalry/server/src/db/db_def.go:659%!(EXTRA *mysql.MySQLError=Error 1292: Incorrect datetime value: '0000-00-00' for column 'starter_pack_bought_at' at row 1)
2021/02/02 19:19:20 [release] SQL ERROR:C:/Cavalry/server/src/db/db_def.go:659%!(EXTRA *mysql.MySQLError=Error 1292: Incorrect datetime value: '0000-00-00' for column 'starter_pack_bought_at' at row 1)
2021/02/02 19:19:20 [release] SQL ERROR:C:/Cavalry/server/src/db/db_def.go:659%!(EXTRA *mysql.MySQLError=Error 1292: Incorrect datetime value: '0000-00-00' for column 'starter_pack_bought_at' at row 1)
2021/02/02 19:19:20 [release] SQL ERROR:C:/Cavalry/server/src/db/db_def.go:659%!(EXTRA *mysql.MySQLError=Error 1292: Incorrect datetime value: '0000-00-00' for column 'starter_pack_bought_at' at row 1)
2021/02/02 19:19:20 [release] SQL ERROR:C:/Cavalry/server/src/db/db_def.go:659%!(EXTRA *mysql.MySQLError=Error 1292: Incorrect datetime value: '0000-00-00' for column 'starter_pack_bought_at1' at row 1)
2021/02/02 19:19:20 [release] SQL ERROR:C:/Cavalry/server/src/db/db_def.go:659%!(EXTRA *mysql.MySQLError=Error 1292: Incorrect datetime value: '0000-00-00' for column 'starter_pack_bought_at' at row 1)
2021/02/02 19:19:20 [release] SQL ERROR:C:/Cavalry/server/src/db/db_def.go:659%!(EXTRA *mysql.MySQLError=Error 1292: Incorrect datetime value: '0000-00-00' for column 'starter_pack_bought_at' at row 1)
2021/02/02 19:19:20 [release] SQL ERROR:C:/Cavalry/server/src/db/db_def.go:659%!(EXTRA *mysql.MySQLError=Error 1292: Incorrect datetime value: '0000-00-00' for column 'starter_pack_bought_at1' at row 1)
2021/02/02 19:19:20 [release] SQL ERROR:C:/Cavalry/server/src/db/db_def.go:659%!(EXTRA *mysql.MySQLError=Error 1292: Incorrect datetime value: '0000-00-00' for column 'starter_pack_bought_at' at row 1)
2021/02/02 19:19:20 [release] SQL ERROR:C:/Cavalry/server/src/db/db_def.go:659%!(EXTRA *mysql.MySQLError=Error 1292: Incorrect datetime value: '0000-00-00' for column 'starter_pack_bought_at1' at row 1)
2021/02/02 19:19:20 [release] SQL ERROR:C:/Cavalry/server/src/db/db_def.go:659%!(EXTRA *mysql.MySQLError=Error 1292: Incorrect datetime value: '0000-00-00' for column 'starter_pack_bought_at' at row 1)
2021/02/02 19:19:20 [release] SQL ERROR:C:/Cavalry/server/src/db/db_def.go:659%!(EXTRA *mysql.MySQLError=Error 1292: Incorrect datetime value: '0000-00-00' for column 'starter_pack_bought_at' at row 1)
2021/02/02 19:19:20 [release] SQL ERROR:C:/Cavalry/server/src/db/db_def.go:659%!(EXTRA *mysql.MySQLError=Error 1292: Incorrect datetime value: '0000-00-00' for column 'starter_pack_bought_at' at row 1)
2021/02/02 19:19:20 [release] SQL ERROR:C:/Cavalry/server/src/db/db_def.go:659%!(EXTRA *mysql.MySQLError=Error 1292: Incorrect datetime value: '0000-00-00' for column 'starter_pack_bought_at' at row 1)
2021/02/02 19:19:20 [release] SQL ERROR:C:/Cavalry/server/src/db/db_def.go:659%!(EXTRA *mysql.MySQLError=Error 1292: Incorrect datetime value: '0000-00-00' for column 'starter_pack_bought_at' at row 1)
2021/02/02 19:19:20 [release] SQL ERROR:C:/Cavalry/server/src/db/db_def.go:659%!(EXTRA *mysql.MySQLError=Error 1292: Incorrect datetime value: '0000-00-00' for column 'starter_pack_bought_at' at row 1)
2021/02/02 19:19:20 [release] SQL ERROR:C:/Cavalry/server/src/db/db_def.go:659%!(EXTRA *mysql.MySQLError=Error 1292: Incorrect datetime value: '0000-00-00' for column 'starter_pack_bought_at' at row 1)
2021/02/02 19:19:20 [release] SQL ERROR:C:/Cavalry/server/src/db/db_def.go:659%!(EXTRA *mysql.MySQLError=Error 1292: Incorrect datetime value: '0000-00-00' for column 'starter_pack_bought_at' at row 1)
2021/02/02 19:19:20 [release] SQL ERROR:C:/Cavalry/server/src/db/db_def.go:659%!(EXTRA *mysql.MySQLError=Error 1292: Incorrect datetime value: '0000-00-00' for column 'starter_pack_bought_at' at row 1)
2021/02/02 19:19:20 [release] SQL ERROR:C:/Cavalry/server/src/db/db_def.go:659%!(EXTRA *mysql.MySQLError=Error 1292: Incorrect datetime value: '0000-00-00' for column 'starter_pack_bought_at' at row 1)
2021/02/02 19:19:20 [release] SQL ERROR:C:/Cavalry/server/src/db/db_def.go:659%!(EXTRA *mysql.MySQLError=Error 1292: Incorrect datetime value: '0000-00-00' for column 'starter_pack_bought_at' at row 1)
2021/02/02 19:19:20 [release] SQL ERROR:C:/Cavalry/server/src/db/db_def.go:659%!(EXTRA *mysql.MySQLError=Error 1292: Incorrect datetime value: '0000-00-00' for column 'starter_pack_bought_at' at row 1)
2021/02/02 19:19:20 [release] SQL ERROR:C:/Cavalry/server/src/db/db_def.go:659%!(EXTRA *mysql.MySQLError=Error 1292: Incorrect datetime value: '0000-00-00' for column 'starter_pack_bought_at' at row 1)
2021/02/02 19:19:20 [release] SQL ERROR:C:/Cavalry/server/src/db/db_def.go:659%!(EXTRA *mysql.MySQLError=Error 1292: Incorrect datetime value: '0000-00-00' for column 'starter_pack_bought_at' at row 1)
2021/02/02 19:19:20 [release] SQL ERROR:C:/Cavalry/server/src/db/db_def.go:659%!(EXTRA *mysql.MySQLError=Error 1292: Incorrect datetime value: '0000-00-00' for column 'starter_pack_bought_at' at row 1)
2021/02/02 19:19:20 [release] SQL ERROR:C:/Cavalry/server/src/db/db_def.go:659%!(EXTRA *mysql.MySQLError=Error 1292: Incorrect datetime value: '0000-00-00' for column 'starter_pack_bought_at' at row 1)
2021/02/02 19:19:20 [release] SQL ERROR:C:/Cavalry/server/src/db/db_def.go:659%!(EXTRA *mysql.MySQLError=Error 1292: Incorrect datetime value: '0000-00-00' for column 'starter_pack_bought_at' at row 1)
2021/02/02 19:19:20 [release] SQL ERROR:C:/Cavalry/server/src/db/db_def.go:659%!(EXTRA *mysql.MySQLError=Error 1292: Incorrect datetime value: '0000-00-00' for column 'starter_pack_bought_at' at row 1)
2021/02/02 19:19:20 [release] SQL ERROR:C:/Cavalry/server/src/db/db_def.go:659%!(EXTRA *mysql.MySQLError=Error 1292: Incorrect datetime value: '0000-00-00' for column 'starter_pack_bought_at' at row 1)
2021/02/02 19:19:20 [release] SQL ERROR:C:/Cavalry/server/src/db/db_def.go:659%!(EXTRA *mysql.MySQLError=Error 1292: Incorrect datetime value: '0000-00-00' for column 'starter_pack_bought_at' at row 1)
2021/02/02 19:19:20 [release] SQL ERROR:C:/Cavalry/server/src/db/db_def.go:659%!(EXTRA *mysql.MySQLError=Error 1292: Incorrect datetime value: '0000-00-00' for column 'starter_pack_bought_at' at row 1)
2021/02/02 19:19:20 [release] SQL ERROR:C:/Cavalry/server/src/db/db_def.go:659%!(EXTRA *mysql.MySQLError=Error 1292: Incorrect datetime value: '0000-00-00' for column 'starter_pack_bought_at' at row 1)
2021/02/02 19:19:20 [release] SQL ERROR:C:/Cavalry/server/src/db/db_def.go:659%!(EXTRA *mysql.MySQLError=Error 1292: Incorrect datetime value: '0000-00-00' for column 'starter_pack_bought_at' at row 1)
2021/02/02 19:19:20 [release] SQL ERROR:C:/Cavalry/server/src/db/db_def.go:659%!(EXTRA *mysql.MySQLError=Error 1292: Incorrect datetime value: '0000-00-00' for column 'starter_pack_bought_at' at row 1)
2021/02/02 19:19:20 [release] SQL ERROR:C:/Cavalry/server/src/db/db_def.go:659%!(EXTRA *mysql.MySQLError=Error 1292: Incorrect datetime value: '0000-00-00' for column 'starter_pack_bought_at' at row 1)
2021/02/02 19:19:20 [release] SQL ERROR:C:/Cavalry/server/src/db/db_def.go:659%!(EXTRA *mysql.MySQLError=Error 1292: Incorrect datetime value: '0000-00-00' for column 'starter_pack_bought_at' at row 1)
2021/02/02 19:19:20 [release] SQL ERROR:C:/Cavalry/server/src/db/db_def.go:659%!(EXTRA *mysql.MySQLError=Error 1292: Incorrect datetime value: '0000-00-00' for column 'starter_pack_bought_at' at row 1)
2021/02/02 19:19:20 [release] SQL ERROR:C:/Cavalry/server/src/db/db_def.go:659%!(EXTRA *mysql.MySQLError=Error 1292: Incorrect datetime value: '0000-00-00' for column 'starter_pack_bought_at' at row 1)
2021/02/02 19:19:20 [release] SQL ERROR:C:/Cavalry/server/src/db/db_def.go:659%!(EXTRA *mysql.MySQLError=Error 1292: Incorrect datetime value: '0000-00-00' for column 'starter_pack_bought_at' at row 1)
2021/02/02 19:19:20 [debug  ] ActivityMgr.InitRank: begin
2021/02/02 19:19:20 [release] SQL ERROR:C:/Cavalry/server/src/db/db_def.go:659%!(EXTRA *mysql.MySQLError=Error 1292: Incorrect datetime value: '0000-00-00' for column 'starter_pack_bought_at' at row 1)
2021/02/02 19:19:20 [release] SQL ERROR:C:/Cavalry/server/src/db/db_def.go:659%!(EXTRA *mysql.MySQLError=Error 1292: Incorrect datetime value: '0000-00-00' for column 'starter_pack_bought_at' at row 1)
2021/02/02 19:19:20 [release] SQL ERROR:C:/Cavalry/server/src/db/db_def.go:659%!(EXTRA *mysql.MySQLError=Error 1292: Incorrect datetime value: '0000-00-00' for column 'starter_pack_bought_at' at row 1)
2021/02/02 19:19:20 [release] SQL ERROR:C:/Cavalry/server/src/db/db_def.go:659%!(EXTRA *mysql.MySQLError=Error 1292: Incorrect datetime value: '0000-00-00' for column 'starter_pack_bought_at' at row 1)
2021/02/02 19:19:20 [release] SQL ERROR:C:/Cavalry/server/src/db/db_def.go:659%!(EXTRA *mysql.MySQLError=Error 1292: Incorrect datetime value: '0000-00-00' for column 'starter_pack_bought_at' at row 1)
2021/02/02 19:19:20 [release] SQL ERROR:C:/Cavalry/server/src/db/db_def.go:659%!(EXTRA *mysql.MySQLError=Error 1292: Incorrect datetime value: '0000-00-00' for column 'starter_pack_bought_at' at row 1)
2021/02/02 19:19:20 [release] SQL ERROR:C:/Cavalry/server/src/db/db_def.go:659%!(EXTRA *mysql.MySQLError=Error 1292: Incorrect datetime value: '0000-00-00' for column 'starter_pack_bought_at' at row 1)
2021/02/02 19:19:20 [release] SQL ERROR:C:/Cavalry/server/src/db/db_def.go:659%!(EXTRA *mysql.MySQLError=Error 1292: Incorrect datetime value: '0000-00-00' for column 'starter_pack_bought_at' at row 1)
2021/02/02 19:19:20 [release] SQL ERROR:C:/Cavalry/server/src/db/db_def.go:659%!(EXTRA *mysql.MySQLError=Error 1292: Incorrect datetime value: '0000-00-00' for column 'starter_pack_bought_at' at row 1)
2021/02/02 19:19:20 [release] SQL ERROR:C:/Cavalry/server/src/db/db_def.go:659%!(EXTRA *mysql.MySQLError=Error 1292: Incorrect datetime value: '0000-00-00' for column 'starter_pack_bought_at1' at row 1)
2021/02/02 19:19:20 [release] SQL ERROR:C:/Cavalry/server/src/db/db_def.go:659%!(EXTRA *mysql.MySQLError=Error 1292: Incorrect datetime value: '0000-00-00' for column 'starter_pack_bought_at' at row 1)
2021/02/02 19:19:20 [release] SQL ERROR:C:/Cavalry/server/src/db/db_def.go:659%!(EXTRA *mysql.MySQLError=Error 1292: Incorrect datetime value: '0000-00-00' for column 'starter_pack_bought_at' at row 1)
2021/02/02 19:19:20 [release] SQL ERROR:C:/Cavalry/server/src/db/db_def.go:659%!(EXTRA *mysql.MySQLError=Error 1292: Incorrect datetime value: '0000-00-00' for column 'starter_pack_bought_at' at row 1)
2021/02/02 19:19:20 [release] SQL ERROR:C:/Cavalry/server/src/db/db_def.go:659%!(EXTRA *mysql.MySQLError=Error 1292: Incorrect datetime value: '0000-00-00' for column 'starter_pack_bought_at' at row 1)
2021/02/02 19:19:20 [release] SQL ERROR:C:/Cavalry/server/src/db/db_def.go:659%!(EXTRA *mysql.MySQLError=Error 1292: Incorrect datetime value: '0000-00-00' for column 'starter_pack_bought_at1' at row 1)
2021/02/02 19:19:20 [release] SQL ERROR:C:/Cavalry/server/src/db/db_def.go:659%!(EXTRA *mysql.MySQLError=Error 1292: Incorrect datetime value: '0000-00-00' for column 'starter_pack_bought_at' at row 1)
2021/02/02 19:19:20 [release] SQL ERROR:C:/Cavalry/server/src/db/db_def.go:659%!(EXTRA *mysql.MySQLError=Error 1292: Incorrect datetime value: '0000-00-00' for column 'starter_pack_bought_at' at row 1)
2021/02/02 19:19:20 [release] SQL ERROR:C:/Cavalry/server/src/db/db_def.go:659%!(EXTRA *mysql.MySQLError=Error 1292: Incorrect datetime value: '0000-00-00' for column 'starter_pack_bought_at' at row 1)
2021/02/02 19:19:20 [release] SQL ERROR:C:/Cavalry/server/src/db/db_def.go:659%!(EXTRA *mysql.MySQLError=Error 1292: Incorrect datetime value: '0000-00-00' for column 'starter_pack_bought_at' at row 1)
2021/02/02 19:19:20 [release] SQL ERROR:C:/Cavalry/server/src/db/db_def.go:659%!(EXTRA *mysql.MySQLError=Error 1292: Incorrect datetime value: '0000-00-00' for column 'starter_pack_bought_at' at row 1)
2021/02/02 19:19:20 [release] SQL ERROR:C:/Cavalry/server/src/db/db_def.go:659%!(EXTRA *mysql.MySQLError=Error 1292: Incorrect datetime value: '0000-00-00' for column 'starter_pack_bought_at' at row 1)
2021/02/02 19:19:20 [release] SQL ERROR:C:/Cavalry/server/src/db/db_def.go:659%!(EXTRA *mysql.MySQLError=Error 1292: Incorrect datetime value: '0000-00-00' for column 'starter_pack_bought_at' at row 1)
2021/02/02 19:19:20 [release] SQL ERROR:C:/Cavalry/server/src/db/db_def.go:659%!(EXTRA *mysql.MySQLError=Error 1292: Incorrect datetime value: '0000-00-00' for column 'starter_pack_bought_at' at row 1)
2021/02/02 19:19:20 [release] SQL ERROR:C:/Cavalry/server/src/db/db_def.go:659%!(EXTRA *mysql.MySQLError=Error 1292: Incorrect datetime value: '0000-00-00' for column 'starter_pack_bought_at' at row 1)
2021/02/02 19:19:20 [release] SQL ERROR:C:/Cavalry/server/src/db/db_def.go:659%!(EXTRA *mysql.MySQLError=Error 1292: Incorrect datetime value: '0000-00-00' for column 'starter_pack_bought_at' at row 1)
2021/02/02 19:19:20 [release] SQL ERROR:C:/Cavalry/server/src/db/db_def.go:659%!(EXTRA *mysql.MySQLError=Error 1292: Incorrect datetime value: '0000-00-00' for column 'starter_pack_bought_at' at row 1)
2021/02/02 19:19:20 [release] SQL ERROR:C:/Cavalry/server/src/db/db_def.go:659%!(EXTRA *mysql.MySQLError=Error 1292: Incorrect datetime value: '0000-00-00' for column 'starter_pack_bought_at' at row 1)
2021/02/02 19:19:20 [release] SQL ERROR:C:/Cavalry/server/src/db/db_def.go:659%!(EXTRA *mysql.MySQLError=Error 1292: Incorrect datetime value: '0000-00-00' for column 'starter_pack_bought_at1' at row 1)
2021/02/02 19:19:20 [release] SQL ERROR:C:/Cavalry/server/src/db/db_def.go:659%!(EXTRA *mysql.MySQLError=Error 1292: Incorrect datetime value: '0000-00-00' for column 'starter_pack_bought_at' at row 1)
2021/02/02 19:19:20 [release] SQL ERROR:C:/Cavalry/server/src/db/db_def.go:659%!(EXTRA *mysql.MySQLError=Error 1292: Incorrect datetime value: '0000-00-00' for column 'starter_pack_bought_at' at row 1)
2021/02/02 19:19:20 [release] SQL ERROR:C:/Cavalry/server/src/db/db_def.go:659%!(EXTRA *mysql.MySQLError=Error 1292: Incorrect datetime value: '0000-00-00' for column 'starter_pack_bought_at' at row 1)
2021/02/02 19:19:20 [release] SQL ERROR:C:/Cavalry/server/src/db/db_def.go:659%!(EXTRA *mysql.MySQLError=Error 1292: Incorrect datetime value: '0000-00-00' for column 'starter_pack_bought_at' at row 1)
2021/02/02 19:19:20 [release] SQL ERROR:C:/Cavalry/server/src/db/db_def.go:659%!(EXTRA *mysql.MySQLError=Error 1292: Incorrect datetime value: '0000-00-00' for column 'starter_pack_bought_at' at row 1)
2021/02/02 19:19:20 [release] SQL ERROR:C:/Cavalry/server/src/db/db_def.go:659%!(EXTRA *mysql.MySQLError=Error 1292: Incorrect datetime value: '0000-00-00' for column 'starter_pack_bought_at' at row 1)
2021/02/02 19:19:20 [release] SQL ERROR:C:/Cavalry/server/src/db/db_def.go:659%!(EXTRA *mysql.MySQLError=Error 1292: Incorrect datetime value: '0000-00-00' for column 'starter_pack_bought_at' at row 1)
2021/02/02 19:19:20 [release] SQL ERROR:C:/Cavalry/server/src/db/db_def.go:659%!(EXTRA *mysql.MySQLError=Error 1292: Incorrect datetime value: '0000-00-00' for column 'starter_pack_bought_at' at row 1)
2021/02/02 19:19:20 [release] SQL ERROR:C:/Cavalry/server/src/db/db_def.go:659%!(EXTRA *mysql.MySQLError=Error 1292: Incorrect datetime value: '0000-00-00' for column 'starter_pack_bought_at' at row 1)
2021/02/02 19:19:20 [release] SQL ERROR:C:/Cavalry/server/src/db/db_def.go:659%!(EXTRA *mysql.MySQLError=Error 1292: Incorrect datetime value: '0000-00-00' for column 'starter_pack_bought_at1' at row 1)
2021/02/02 19:19:20 [release] SQL ERROR:C:/Cavalry/server/src/db/db_def.go:659%!(EXTRA *mysql.MySQLError=Error 1292: Incorrect datetime value: '0000-00-00' for column 'starter_pack_bought_at' at row 1)
2021/02/02 19:19:20 [release] SQL ERROR:C:/Cavalry/server/src/db/db_def.go:659%!(EXTRA *mysql.MySQLError=Error 1292: Incorrect datetime value: '0000-00-00' for column 'starter_pack_bought_at' at row 1)
2021/02/02 19:19:20 [release] SQL ERROR:C:/Cavalry/server/src/db/db_def.go:659%!(EXTRA *mysql.MySQLError=Error 1292: Incorrect datetime value: '0000-00-00' for column 'starter_pack_bought_at' at row 1)
2021/02/02 19:19:20 [release] SQL ERROR:C:/Cavalry/server/src/db/db_def.go:659%!(EXTRA *mysql.MySQLError=Error 1292: Incorrect datetime value: '0000-00-00' for column 'starter_pack_bought_at1' at row 1)
2021/02/02 19:19:20 [release] SQL ERROR:C:/Cavalry/server/src/db/db_def.go:659%!(EXTRA *mysql.MySQLError=Error 1292: Incorrect datetime value: '0000-00-00' for column 'starter_pack_bought_at' at row 1)
2021/02/02 19:19:20 [release] SQL ERROR:C:/Cavalry/server/src/db/db_def.go:659%!(EXTRA *mysql.MySQLError=Error 1292: Incorrect datetime value: '0000-00-00' for column 'starter_pack_bought_at' at row 1)
2021/02/02 19:19:20 [release] SQL ERROR:C:/Cavalry/server/src/db/db_def.go:659%!(EXTRA *mysql.MySQLError=Error 1292: Incorrect datetime value: '0000-00-00' for column 'starter_pack_bought_at' at row 1)
2021/02/02 19:19:20 [release] SQL ERROR:C:/Cavalry/server/src/db/db_def.go:659%!(EXTRA *mysql.MySQLError=Error 1292: Incorrect datetime value: '0000-00-00' for column 'starter_pack_bought_at' at row 1)
2021/02/02 19:19:20 [release] SQL ERROR:C:/Cavalry/server/src/db/db_def.go:659%!(EXTRA *mysql.MySQLError=Error 1292: Incorrect datetime value: '0000-00-00' for column 'starter_pack_bought_at' at row 1)
2021/02/02 19:19:20 [release] SQL ERROR:C:/Cavalry/server/src/db/db_def.go:659%!(EXTRA *mysql.MySQLError=Error 1292: Incorrect datetime value: '0000-00-00' for column 'starter_pack_bought_at2' at row 1)
2021/02/02 19:19:20 [release] SQL ERROR:C:/Cavalry/server/src/db/db_def.go:659%!(EXTRA *mysql.MySQLError=Error 1292: Incorrect datetime value: '0000-00-00' for column 'starter_pack_bought_at' at row 1)
2021/02/02 19:19:20 [release] SQL ERROR:C:/Cavalry/server/src/db/db_def.go:659%!(EXTRA *mysql.MySQLError=Error 1292: Incorrect datetime value: '0000-00-00' for column 'starter_pack_bought_at1' at row 1)
2021/02/02 19:19:20 [release] SQL ERROR:C:/Cavalry/server/src/db/db_def.go:659%!(EXTRA *mysql.MySQLError=Error 1292: Incorrect datetime value: '0000-00-00' for column 'starter_pack_bought_at' at row 1)
2021/02/02 19:19:20 [release] SQL ERROR:C:/Cavalry/server/src/db/db_def.go:659%!(EXTRA *mysql.MySQLError=Error 1292: Incorrect datetime value: '0000-00-00' for column 'starter_pack_bought_at2' at row 1)
2021/02/02 19:19:20 [release] SQL ERROR:C:/Cavalry/server/src/db/db_def.go:659%!(EXTRA *mysql.MySQLError=Error 1292: Incorrect datetime value: '0000-00-00' for column 'starter_pack_bought_at1' at row 1)
2021/02/02 19:19:20 [release] SQL ERROR:C:/Cavalry/server/src/db/db_def.go:659%!(EXTRA *mysql.MySQLError=Error 1292: Incorrect datetime value: '0000-00-00' for column 'starter_pack_bought_at' at row 1)
2021/02/02 19:19:20 [release] SQL ERROR:C:/Cavalry/server/src/db/db_def.go:659%!(EXTRA *mysql.MySQLError=Error 1292: Incorrect datetime value: '0000-00-00' for column 'starter_pack_bought_at' at row 1)
2021/02/02 19:19:20 [release] SQL ERROR:C:/Cavalry/server/src/db/db_def.go:659%!(EXTRA *mysql.MySQLError=Error 1292: Incorrect datetime value: '0000-00-00' for column 'starter_pack_bought_at1' at row 1)
2021/02/02 19:19:20 [release] SQL ERROR:C:/Cavalry/server/src/db/db_def.go:659%!(EXTRA *mysql.MySQLError=Error 1292: Incorrect datetime value: '0000-00-00' for column 'starter_pack_bought_at2' at row 1)
2021/02/02 19:19:20 [release] SQL ERROR:C:/Cavalry/server/src/db/db_def.go:659%!(EXTRA *mysql.MySQLError=Error 1292: Incorrect datetime value: '0000-00-00' for column 'starter_pack_bought_at' at row 1)
2021/02/02 19:19:20 [release] SQL ERROR:C:/Cavalry/server/src/db/db_def.go:659%!(EXTRA *mysql.MySQLError=Error 1292: Incorrect datetime value: '0000-00-00' for column 'starter_pack_bought_at' at row 1)
2021/02/02 19:19:20 [release] SQL ERROR:C:/Cavalry/server/src/db/db_def.go:659%!(EXTRA *mysql.MySQLError=Error 1292: Incorrect datetime value: '0000-00-00' for column 'starter_pack_bought_at' at row 1)
2021/02/02 19:19:20 [release] SQL ERROR:C:/Cavalry/server/src/db/db_def.go:659%!(EXTRA *mysql.MySQLError=Error 1292: Incorrect datetime value: '0000-00-00' for column 'starter_pack_bought_at' at row 1)
2021/02/02 19:19:20 [release] SQL ERROR:C:/Cavalry/server/src/db/db_def.go:659%!(EXTRA *mysql.MySQLError=Error 1292: Incorrect datetime value: '0000-00-00' for column 'starter_pack_bought_at' at row 1)
2021/02/02 19:19:20 [release] SQL ERROR:C:/Cavalry/server/src/db/db_def.go:659%!(EXTRA *mysql.MySQLError=Error 1292: Incorrect datetime value: '0000-00-00' for column 'starter_pack_bought_at' at row 1)
2021/02/02 19:19:20 [release] SQL ERROR:C:/Cavalry/server/src/db/db_def.go:659%!(EXTRA *mysql.MySQLError=Error 1292: Incorrect datetime value: '0000-00-00' for column 'starter_pack_bought_at' at row 1)
2021/02/02 19:19:20 [release] SQL ERROR:C:/Cavalry/server/src/db/db_def.go:659%!(EXTRA *mysql.MySQLError=Error 1292: Incorrect datetime value: '0000-00-00' for column 'starter_pack_bought_at' at row 1)
2021/02/02 19:19:20 [release] SQL ERROR:C:/Cavalry/server/src/db/db_def.go:659%!(EXTRA *mysql.MySQLError=Error 1292: Incorrect datetime value: '0000-00-00' for column 'starter_pack_bought_at' at row 1)
2021/02/02 19:19:20 [release] SQL ERROR:C:/Cavalry/server/src/db/db_def.go:659%!(EXTRA *mysql.MySQLError=Error 1292: Incorrect datetime value: '0000-00-00' for column 'starter_pack_bought_at' at row 1)
2021/02/02 19:19:20 [release] SQL ERROR:C:/Cavalry/server/src/db/db_def.go:659%!(EXTRA *mysql.MySQLError=Error 1292: Incorrect datetime value: '0000-00-00' for column 'starter_pack_bought_at' at row 1)
2021/02/02 19:19:20 [release] SQL ERROR:C:/Cavalry/server/src/db/db_def.go:659%!(EXTRA *mysql.MySQLError=Error 1292: Incorrect datetime value: '0000-00-00' for column 'starter_pack_bought_at' at row 1)
2021/02/02 19:19:20 [release] SQL ERROR:C:/Cavalry/server/src/db/db_def.go:659%!(EXTRA *mysql.MySQLError=Error 1292: Incorrect datetime value: '0000-00-00' for column 'starter_pack_bought_at' at row 1)
2021/02/02 19:19:20 [release] SQL ERROR:C:/Cavalry/server/src/db/db_def.go:659%!(EXTRA *mysql.MySQLError=Error 1292: Incorrect datetime value: '0000-00-00' for column 'starter_pack_bought_at' at row 1)
2021/02/02 19:19:20 [release] SQL ERROR:C:/Cavalry/server/src/db/db_def.go:659%!(EXTRA *mysql.MySQLError=Error 1292: Incorrect datetime value: '0000-00-00' for column 'starter_pack_bought_at' at row 1)
2021/02/02 19:19:20 [release] SQL ERROR:C:/Cavalry/server/src/db/db_def.go:659%!(EXTRA *mysql.MySQLError=Error 1292: Incorrect datetime value: '0000-00-00' for column 'starter_pack_bought_at' at row 1)
2021/02/02 19:19:20 [release] SQL ERROR:C:/Cavalry/server/src/db/db_def.go:659%!(EXTRA *mysql.MySQLError=Error 1292: Incorrect datetime value: '0000-00-00' for column 'starter_pack_bought_at' at row 1)
2021/02/02 19:19:20 [release] SQL ERROR:C:/Cavalry/server/src/db/db_def.go:659%!(EXTRA *mysql.MySQLError=Error 1292: Incorrect datetime value: '0000-00-00' for column 'starter_pack_bought_at2' at row 1)
2021/02/02 19:19:20 [release] SQL ERROR:C:/Cavalry/server/src/db/db_def.go:659%!(EXTRA *mysql.MySQLError=Error 1292: Incorrect datetime value: '0000-00-00' for column 'starter_pack_bought_at' at row 1)
2021/02/02 19:19:20 [release] SQL ERROR:C:/Cavalry/server/src/db/db_def.go:659%!(EXTRA *mysql.MySQLError=Error 1292: Incorrect datetime value: '0000-00-00' for column 'starter_pack_bought_at' at row 1)
2021/02/02 19:19:20 [release] SQL ERROR:C:/Cavalry/server/src/db/db_def.go:659%!(EXTRA *mysql.MySQLError=Error 1292: Incorrect datetime value: '0000-00-00' for column 'starter_pack_bought_at' at row 1)
2021/02/02 19:19:20 [release] SQL ERROR:C:/Cavalry/server/src/db/db_def.go:659%!(EXTRA *mysql.MySQLError=Error 1292: Incorrect datetime value: '0000-00-00' for column 'starter_pack_bought_at' at row 1)
2021/02/02 19:19:20 [release] SQL ERROR:C:/Cavalry/server/src/db/db_def.go:659%!(EXTRA *mysql.MySQLError=Error 1292: Incorrect datetime value: '0000-00-00' for column 'starter_pack_bought_at' at row 1)
2021/02/02 19:19:20 [release] SQL ERROR:C:/Cavalry/server/src/db/db_def.go:659%!(EXTRA *mysql.MySQLError=Error 1292: Incorrect datetime value: '0000-00-00' for column 'starter_pack_bought_at' at row 1)
2021/02/02 19:19:20 [release] SQL ERROR:C:/Cavalry/server/src/db/db_def.go:659%!(EXTRA *mysql.MySQLError=Error 1292: Incorrect datetime value: '0000-00-00' for column 'starter_pack_bought_at' at row 1)
2021/02/02 19:19:20 [release] SQL ERROR:C:/Cavalry/server/src/db/db_def.go:659%!(EXTRA *mysql.MySQLError=Error 1292: Incorrect datetime value: '0000-00-00' for column 'starter_pack_bought_at' at row 1)
2021/02/02 19:19:20 [release] SQL ERROR:C:/Cavalry/server/src/db/db_def.go:659%!(EXTRA *mysql.MySQLError=Error 1292: Incorrect datetime value: '0000-00-00' for column 'starter_pack_bought_at' at row 1)
2021/02/02 19:19:20 [release] SQL ERROR:C:/Cavalry/server/src/db/db_def.go:659%!(EXTRA *mysql.MySQLError=Error 1292: Incorrect datetime value: '0000-00-00' for column 'starter_pack_bought_at' at row 1)
2021/02/02 19:19:20 [release] SQL ERROR:C:/Cavalry/server/src/db/db_def.go:659%!(EXTRA *mysql.MySQLError=Error 1292: Incorrect datetime value: '0000-00-00' for column 'starter_pack_bought_at' at row 1)
2021/02/02 19:19:20 [release] SQL ERROR:C:/Cavalry/server/src/db/db_def.go:659%!(EXTRA *mysql.MySQLError=Error 1292: Incorrect datetime value: '0000-00-00' for column 'starter_pack_bought_at' at row 1)
2021/02/02 19:19:20 [release] SQL ERROR:C:/Cavalry/server/src/db/db_def.go:659%!(EXTRA *mysql.MySQLError=Error 1292: Incorrect datetime value: '0000-00-00' for column 'starter_pack_bought_at' at row 1)
2021/02/02 19:19:20 [release] SQL ERROR:C:/Cavalry/server/src/db/db_def.go:659%!(EXTRA *mysql.MySQLError=Error 1292: Incorrect datetime value: '0000-00-00' for column 'starter_pack_bought_at' at row 1)
2021/02/02 19:19:20 [release] SQL ERROR:C:/Cavalry/server/src/db/db_def.go:659%!(EXTRA *mysql.MySQLError=Error 1292: Incorrect datetime value: '0000-00-00' for column 'starter_pack_bought_at' at row 1)
2021/02/02 19:19:20 [release] SQL ERROR:C:/Cavalry/server/src/db/db_def.go:659%!(EXTRA *mysql.MySQLError=Error 1292: Incorrect datetime value: '0000-00-00' for column 'starter_pack_bought_at' at row 1)
2021/02/02 19:19:20 [release] SQL ERROR:C:/Cavalry/server/src/db/db_def.go:659%!(EXTRA *mysql.MySQLError=Error 1292: Incorrect datetime value: '0000-00-00' for column 'starter_pack_bought_at' at row 1)
2021/02/02 19:19:20 [release] SQL ERROR:C:/Cavalry/server/src/db/db_def.go:659%!(EXTRA *mysql.MySQLError=Error 1292: Incorrect datetime value: '0000-00-00' for column 'starter_pack_bought_at' at row 1)
2021/02/02 19:19:20 [release] SQL ERROR:C:/Cavalry/server/src/db/db_def.go:659%!(EXTRA *mysql.MySQLError=Error 1292: Incorrect datetime value: '0000-00-00' for column 'starter_pack_bought_at' at row 1)
2021/02/02 19:19:20 [release] SQL ERROR:C:/Cavalry/server/src/db/db_def.go:659%!(EXTRA *mysql.MySQLError=Error 1292: Incorrect datetime value: '0000-00-00' for column 'starter_pack_bought_at' at row 1)
2021/02/02 19:19:20 [release] SQL ERROR:C:/Cavalry/server/src/db/db_def.go:659%!(EXTRA *mysql.MySQLError=Error 1292: Incorrect datetime value: '0000-00-00' for column 'starter_pack_bought_at' at row 1)
2021/02/02 19:19:20 [release] SQL ERROR:C:/Cavalry/server/src/db/db_def.go:659%!(EXTRA *mysql.MySQLError=Error 1292: Incorrect datetime value: '0000-00-00' for column 'starter_pack_bought_at' at row 1)
2021/02/02 19:19:20 [release] SQL ERROR:C:/Cavalry/server/src/db/db_def.go:659%!(EXTRA *mysql.MySQLError=Error 1292: Incorrect datetime value: '0000-00-00' for column 'starter_pack_bought_at' at row 1)
2021/02/02 19:19:20 [debug  ] ActivityMgr.InitRank: end
2021/02/02 19:19:20 [release] SQL ERROR:C:/Cavalry/server/src/db/db_def.go:659%!(EXTRA *mysql.MySQLError=Error 1292: Incorrect datetime value: '0000-00-00' for column 'starter_pack_bought_at' at row 1)
2021/02/02 19:19:20 [release] SQL ERROR:C:/Cavalry/server/src/db/db_def.go:659%!(EXTRA *mysql.MySQLError=Error 1292: Incorrect datetime value: '0000-00-00' for column 'starter_pack_bought_at' at row 1)
2021/02/02 19:19:20 [release] SQL ERROR:C:/Cavalry/server/src/db/db_def.go:659%!(EXTRA *mysql.MySQLError=Error 1292: Incorrect datetime value: '0000-00-00' for column 'starter_pack_bought_at' at row 1)
2021/02/02 19:19:20 [release] SQL ERROR:C:/Cavalry/server/src/db/db_def.go:659%!(EXTRA *mysql.MySQLError=Error 1292: Incorrect datetime value: '0000-00-00' for column 'starter_pack_bought_at' at row 1)
2021/02/02 19:19:20 [release] SQL ERROR:C:/Cavalry/server/src/db/db_def.go:659%!(EXTRA *mysql.MySQLError=Error 1292: Incorrect datetime value: '0000-00-00' for column 'starter_pack_bought_at' at row 1)
2021/02/02 19:19:21 [release] SQL ERROR:C:/Cavalry/server/src/db/db_def.go:659%!(EXTRA *mysql.MySQLError=Error 1292: Incorrect datetime value: '0000-00-00' for column 'starter_pack_bought_at' at row 1)
2021/02/02 19:19:21 [release] SQL ERROR:C:/Cavalry/server/src/db/db_def.go:659%!(EXTRA *mysql.MySQLError=Error 1292: Incorrect datetime value: '0000-00-00' for column 'starter_pack_bought_at' at row 1)
2021/02/02 19:19:21 [release] SQL ERROR:C:/Cavalry/server/src/db/db_def.go:659%!(EXTRA *mysql.MySQLError=Error 1292: Incorrect datetime value: '0000-00-00' for column 'starter_pack_bought_at' at row 1)
2021/02/02 19:19:21 [release] SQL ERROR:C:/Cavalry/server/src/db/db_def.go:659%!(EXTRA *mysql.MySQLError=Error 1292: Incorrect datetime value: '0000-00-00' for column 'starter_pack_bought_at' at row 1)
2021/02/02 19:19:21 [release] SQL ERROR:C:/Cavalry/server/src/db/db_def.go:659%!(EXTRA *mysql.MySQLError=Error 1292: Incorrect datetime value: '0000-00-00' for column 'starter_pack_bought_at' at row 1)
2021/02/02 19:19:21 [release] SQL ERROR:C:/Cavalry/server/src/db/db_def.go:659%!(EXTRA *mysql.MySQLError=Error 1292: Incorrect datetime value: '0000-00-00' for column 'starter_pack_bought_at' at row 1)
2021/02/02 19:19:21 [release] SQL ERROR:C:/Cavalry/server/src/db/db_def.go:659%!(EXTRA *mysql.MySQLError=Error 1292: Incorrect datetime value: '0000-00-00' for column 'starter_pack_bought_at' at row 1)
2021/02/02 19:19:21 [release] SQL ERROR:C:/Cavalry/server/src/db/db_def.go:659%!(EXTRA *mysql.MySQLError=Error 1292: Incorrect datetime value: '0000-00-00' for column 'starter_pack_bought_at' at row 1)
2021/02/02 19:19:21 [release] SQL ERROR:C:/Cavalry/server/src/db/db_def.go:659%!(EXTRA *mysql.MySQLError=Error 1292: Incorrect datetime value: '0000-00-00' for column 'starter_pack_bought_at' at row 1)
2021/02/02 19:19:21 [release] SQL ERROR:C:/Cavalry/server/src/db/db_def.go:659%!(EXTRA *mysql.MySQLError=Error 1292: Incorrect datetime value: '0000-00-00' for column 'starter_pack_bought_at' at row 1)
2021/02/02 19:19:21 [release] SQL ERROR:C:/Cavalry/server/src/db/db_def.go:659%!(EXTRA *mysql.MySQLError=Error 1292: Incorrect datetime value: '0000-00-00' for column 'starter_pack_bought_at' at row 1)
2021/02/02 19:19:21 [release] SQL ERROR:C:/Cavalry/server/src/db/db_def.go:659%!(EXTRA *mysql.MySQLError=Error 1292: Incorrect datetime value: '0000-00-00' for column 'starter_pack_bought_at' at row 1)
2021/02/02 19:19:21 [release] SQL ERROR:C:/Cavalry/server/src/db/db_def.go:659%!(EXTRA *mysql.MySQLError=Error 1292: Incorrect datetime value: '0000-00-00' for column 'starter_pack_bought_at1' at row 1)
2021/02/02 19:19:21 [release] SQL ERROR:C:/Cavalry/server/src/db/db_def.go:659%!(EXTRA *mysql.MySQLError=Error 1292: Incorrect datetime value: '0000-00-00' for column 'starter_pack_bought_at' at row 1)
2021/02/02 19:19:21 [release] SQL ERROR:C:/Cavalry/server/src/db/db_def.go:659%!(EXTRA *mysql.MySQLError=Error 1292: Incorrect datetime value: '0000-00-00' for column 'starter_pack_bought_at' at row 1)
2021/02/02 19:19:21 [release] SQL ERROR:C:/Cavalry/server/src/db/db_def.go:659%!(EXTRA *mysql.MySQLError=Error 1292: Incorrect datetime value: '0000-00-00' for column 'starter_pack_bought_at' at row 1)
2021/02/02 19:19:21 [release] SQL ERROR:C:/Cavalry/server/src/db/db_def.go:659%!(EXTRA *mysql.MySQLError=Error 1292: Incorrect datetime value: '0000-00-00' for column 'starter_pack_bought_at' at row 1)
2021/02/02 19:19:21 [release] SQL ERROR:C:/Cavalry/server/src/db/db_def.go:659%!(EXTRA *mysql.MySQLError=Error 1292: Incorrect datetime value: '0000-00-00' for column 'starter_pack_bought_at1' at row 1)
2021/02/02 19:19:21 [release] SQL ERROR:C:/Cavalry/server/src/db/db_def.go:659%!(EXTRA *mysql.MySQLError=Error 1292: Incorrect datetime value: '0000-00-00' for column 'starter_pack_bought_at' at row 1)
2021/02/02 19:19:21 [release] SQL ERROR:C:/Cavalry/server/src/db/db_def.go:659%!(EXTRA *mysql.MySQLError=Error 1292: Incorrect datetime value: '0000-00-00' for column 'starter_pack_bought_at' at row 1)
2021/02/02 19:19:21 [release] SQL ERROR:C:/Cavalry/server/src/db/db_def.go:659%!(EXTRA *mysql.MySQLError=Error 1292: Incorrect datetime value: '0000-00-00' for column 'starter_pack_bought_at' at row 1)
2021/02/02 19:19:21 [release] SQL ERROR:C:/Cavalry/server/src/db/db_def.go:659%!(EXTRA *mysql.MySQLError=Error 1292: Incorrect datetime value: '0000-00-00' for column 'starter_pack_bought_at' at row 1)
2021/02/02 19:19:21 [release] SQL ERROR:C:/Cavalry/server/src/db/db_def.go:659%!(EXTRA *mysql.MySQLError=Error 1292: Incorrect datetime value: '0000-00-00' for column 'starter_pack_bought_at' at row 1)
2021/02/02 19:19:21 [release] SQL ERROR:C:/Cavalry/server/src/db/db_def.go:659%!(EXTRA *mysql.MySQLError=Error 1292: Incorrect datetime value: '0000-00-00' for column 'starter_pack_bought_at' at row 1)
2021/02/02 19:19:21 [release] SQL ERROR:C:/Cavalry/server/src/db/db_def.go:659%!(EXTRA *mysql.MySQLError=Error 1292: Incorrect datetime value: '0000-00-00' for column 'starter_pack_bought_at2' at row 1)
2021/02/02 19:19:21 [release] SQL ERROR:C:/Cavalry/server/src/db/db_def.go:659%!(EXTRA *mysql.MySQLError=Error 1292: Incorrect datetime value: '0000-00-00' for column 'starter_pack_bought_at' at row 1)
2021/02/02 19:19:21 [release] SQL ERROR:C:/Cavalry/server/src/db/db_def.go:659%!(EXTRA *mysql.MySQLError=Error 1292: Incorrect datetime value: '0000-00-00' for column 'starter_pack_bought_at' at row 1)
2021/02/02 19:19:21 [release] SQL ERROR:C:/Cavalry/server/src/db/db_def.go:659%!(EXTRA *mysql.MySQLError=Error 1292: Incorrect datetime value: '0000-00-00' for column 'starter_pack_bought_at' at row 1)
2021/02/02 19:19:21 [release] SQL ERROR:C:/Cavalry/server/src/db/db_def.go:659%!(EXTRA *mysql.MySQLError=Error 1292: Incorrect datetime value: '0000-00-00' for column 'starter_pack_bought_at' at row 1)
2021/02/02 19:19:21 [release] SQL ERROR:C:/Cavalry/server/src/db/db_def.go:659%!(EXTRA *mysql.MySQLError=Error 1292: Incorrect datetime value: '0000-00-00' for column 'starter_pack_bought_at' at row 1)
2021/02/02 19:19:21 [release] SQL ERROR:C:/Cavalry/server/src/db/db_def.go:659%!(EXTRA *mysql.MySQLError=Error 1292: Incorrect datetime value: '0000-00-00' for column 'starter_pack_bought_at' at row 1)
2021/02/02 19:19:21 [release] SQL ERROR:C:/Cavalry/server/src/db/db_def.go:659%!(EXTRA *mysql.MySQLError=Error 1292: Incorrect datetime value: '0000-00-00' for column 'starter_pack_bought_at' at row 1)
2021/02/02 19:19:21 [release] SQL ERROR:C:/Cavalry/server/src/db/db_def.go:659%!(EXTRA *mysql.MySQLError=Error 1292: Incorrect datetime value: '0000-00-00' for column 'starter_pack_bought_at' at row 1)
2021/02/02 19:19:21 [release] SQL ERROR:C:/Cavalry/server/src/db/db_def.go:659%!(EXTRA *mysql.MySQLError=Error 1292: Incorrect datetime value: '0000-00-00' for column 'starter_pack_bought_at' at row 1)
2021/02/02 19:19:21 [release] SQL ERROR:C:/Cavalry/server/src/db/db_def.go:659%!(EXTRA *mysql.MySQLError=Error 1292: Incorrect datetime value: '0000-00-00' for column 'starter_pack_bought_at' at row 1)
2021/02/02 19:19:21 [release] SQL ERROR:C:/Cavalry/server/src/db/db_def.go:659%!(EXTRA *mysql.MySQLError=Error 1292: Incorrect datetime value: '0000-00-00' for column 'starter_pack_bought_at' at row 1)
2021/02/02 19:19:21 [release] SQL ERROR:C:/Cavalry/server/src/db/db_def.go:659%!(EXTRA *mysql.MySQLError=Error 1292: Incorrect datetime value: '0000-00-00' for column 'starter_pack_bought_at' at row 1)
2021/02/02 19:19:21 [release] SQL ERROR:C:/Cavalry/server/src/db/db_def.go:659%!(EXTRA *mysql.MySQLError=Error 1292: Incorrect datetime value: '0000-00-00' for column 'starter_pack_bought_at' at row 1)
2021/02/02 19:19:21 [release] SQL ERROR:C:/Cavalry/server/src/db/db_def.go:659%!(EXTRA *mysql.MySQLError=Error 1292: Incorrect datetime value: '0000-00-00' for column 'starter_pack_bought_at' at row 1)
2021/02/02 19:19:21 [release] SQL ERROR:C:/Cavalry/server/src/db/db_def.go:659%!(EXTRA *mysql.MySQLError=Error 1292: Incorrect datetime value: '0000-00-00' for column 'starter_pack_bought_at' at row 1)
2021/02/02 19:19:21 [release] SQL ERROR:C:/Cavalry/server/src/db/db_def.go:659%!(EXTRA *mysql.MySQLError=Error 1292: Incorrect datetime value: '0000-00-00' for column 'starter_pack_bought_at' at row 1)
2021/02/02 19:19:21 [release] SQL ERROR:C:/Cavalry/server/src/db/db_def.go:659%!(EXTRA *mysql.MySQLError=Error 1292: Incorrect datetime value: '0000-00-00' for column 'starter_pack_bought_at' at row 1)
2021/02/02 19:19:21 [release] SQL ERROR:C:/Cavalry/server/src/db/db_def.go:659%!(EXTRA *mysql.MySQLError=Error 1292: Incorrect datetime value: '0000-00-00' for column 'starter_pack_bought_at' at row 1)
2021/02/02 19:19:21 [release] SQL ERROR:C:/Cavalry/server/src/db/db_def.go:659%!(EXTRA *mysql.MySQLError=Error 1292: Incorrect datetime value: '0000-00-00' for column 'starter_pack_bought_at' at row 1)
2021/02/02 19:19:21 [release] SQL ERROR:C:/Cavalry/server/src/db/db_def.go:659%!(EXTRA *mysql.MySQLError=Error 1292: Incorrect datetime value: '0000-00-00' for column 'starter_pack_bought_at' at row 1)
2021/02/02 19:19:21 [release] SQL ERROR:C:/Cavalry/server/src/db/db_def.go:659%!(EXTRA *mysql.MySQLError=Error 1292: Incorrect datetime value: '0000-00-00' for column 'starter_pack_bought_at' at row 1)
2021/02/02 19:19:21 [release] SQL ERROR:C:/Cavalry/server/src/db/db_def.go:659%!(EXTRA *mysql.MySQLError=Error 1292: Incorrect datetime value: '0000-00-00' for column 'starter_pack_bought_at' at row 1)
2021/02/02 19:19:21 [release] SQL ERROR:C:/Cavalry/server/src/db/db_def.go:659%!(EXTRA *mysql.MySQLError=Error 1292: Incorrect datetime value: '0000-00-00' for column 'starter_pack_bought_at' at row 1)
2021/02/02 19:19:21 [release] SQL ERROR:C:/Cavalry/server/src/db/db_def.go:659%!(EXTRA *mysql.MySQLError=Error 1292: Incorrect datetime value: '0000-00-00' for column 'starter_pack_bought_at' at row 1)
2021/02/02 19:19:21 [release] SQL ERROR:C:/Cavalry/server/src/db/db_def.go:659%!(EXTRA *mysql.MySQLError=Error 1292: Incorrect datetime value: '0000-00-00' for column 'starter_pack_bought_at' at row 1)
2021/02/02 19:19:21 [release] SQL ERROR:C:/Cavalry/server/src/db/db_def.go:659%!(EXTRA *mysql.MySQLError=Error 1292: Incorrect datetime value: '0000-00-00' for column 'starter_pack_bought_at' at row 1)
2021/02/02 19:19:21 [release] SQL ERROR:C:/Cavalry/server/src/db/db_def.go:659%!(EXTRA *mysql.MySQLError=Error 1292: Incorrect datetime value: '0000-00-00' for column 'starter_pack_bought_at' at row 1)
2021/02/02 19:19:21 [release] SQL ERROR:C:/Cavalry/server/src/db/db_def.go:659%!(EXTRA *mysql.MySQLError=Error 1292: Incorrect datetime value: '0000-00-00' for column 'starter_pack_bought_at' at row 1)
2021/02/02 19:19:21 [release] SQL ERROR:C:/Cavalry/server/src/db/db_def.go:659%!(EXTRA *mysql.MySQLError=Error 1292: Incorrect datetime value: '0000-00-00' for column 'starter_pack_bought_at' at row 1)
2021/02/02 19:19:21 [release] SQL ERROR:C:/Cavalry/server/src/db/db_def.go:659%!(EXTRA *mysql.MySQLError=Error 1292: Incorrect datetime value: '0000-00-00' for column 'starter_pack_bought_at' at row 1)
2021/02/02 19:19:21 [release] SQL ERROR:C:/Cavalry/server/src/db/db_def.go:659%!(EXTRA *mysql.MySQLError=Error 1292: Incorrect datetime value: '0000-00-00' for column 'starter_pack_bought_at' at row 1)
2021/02/02 19:19:21 [release] SQL ERROR:C:/Cavalry/server/src/db/db_def.go:659%!(EXTRA *mysql.MySQLError=Error 1292: Incorrect datetime value: '0000-00-00' for column 'starter_pack_bought_at' at row 1)
2021/02/02 19:19:21 [release] SQL ERROR:C:/Cavalry/server/src/db/db_def.go:659%!(EXTRA *mysql.MySQLError=Error 1292: Incorrect datetime value: '0000-00-00' for column 'starter_pack_bought_at' at row 1)
2021/02/02 19:19:21 [release] SQL ERROR:C:/Cavalry/server/src/db/db_def.go:659%!(EXTRA *mysql.MySQLError=Error 1292: Incorrect datetime value: '0000-00-00' for column 'starter_pack_bought_at' at row 1)
2021/02/02 19:19:21 [release] SQL ERROR:C:/Cavalry/server/src/db/db_def.go:659%!(EXTRA *mysql.MySQLError=Error 1292: Incorrect datetime value: '0000-00-00' for column 'starter_pack_bought_at' at row 1)
2021/02/02 19:19:21 [release] SQL ERROR:C:/Cavalry/server/src/db/db_def.go:659%!(EXTRA *mysql.MySQLError=Error 1292: Incorrect datetime value: '0000-00-00' for column 'starter_pack_bought_at' at row 1)
2021/02/02 19:19:21 [release] SQL ERROR:C:/Cavalry/server/src/db/db_def.go:659%!(EXTRA *mysql.MySQLError=Error 1292: Incorrect datetime value: '0000-00-00' for column 'starter_pack_bought_at' at row 1)
2021/02/02 19:19:21 [release] SQL ERROR:C:/Cavalry/server/src/db/db_def.go:659%!(EXTRA *mysql.MySQLError=Error 1292: Incorrect datetime value: '0000-00-00' for column 'starter_pack_bought_at' at row 1)
2021/02/02 19:19:21 [release] SQL ERROR:C:/Cavalry/server/src/db/db_def.go:659%!(EXTRA *mysql.MySQLError=Error 1292: Incorrect datetime value: '0000-00-00' for column 'starter_pack_bought_at' at row 1)
2021/02/02 19:19:21 [release] SQL ERROR:C:/Cavalry/server/src/db/db_def.go:659%!(EXTRA *mysql.MySQLError=Error 1292: Incorrect datetime value: '0000-00-00' for column 'starter_pack_bought_at' at row 1)
2021/02/02 19:19:21 [debug  ] Next Daily Update Time: 2021-02-03 00:00:00 +0800 CST
2021/02/02 19:19:21 [release] SQL ERROR:C:/Cavalry/server/src/db/db_def.go:659%!(EXTRA *mysql.MySQLError=Error 1292: Incorrect datetime value: '0000-00-00' for column 'starter_pack_bought_at' at row 1)
2021/02/02 19:19:21 [debug  ] Next Weekly Update Time: 2021-02-08 00:00:00 +0800 CST
2021/02/02 19:19:21 [debug  ] Next Monthly Update Time: 2021-03-01 00:00:00 +0800 CST
2021/02/02 19:19:21 [release] gate OnInit
2021/02/02 19:19:21 [release] login OnInit
2021/02/02 19:19:21 [release] Create WSServer :17183
2021/02/02 19:19:21 [release] Create TCPServer :17173
2021/02/02 19:19:59 [debug  ] rpcNewAgent
2021/02/02 19:19:59 [debug  ] gate Run data: [0 0 10 0 8 1 16 2 24 1 34 0]
2021/02/02 19:19:59 [debug  ] gate unmarshal message error: proto: bad wiretype for field msg.FragmentInfo.FragmentType: got wiretype 2, want 0
2021/02/02 19:19:59 [debug  ] rpcCloseAgent
2021/02/02 19:20:22 [debug  ] rpcNewAgent
2021/02/02 19:20:22 [debug  ] gate Run data: [0 0 10 0 8 1 16 2 24 1 34 0]
2021/02/02 19:20:22 [debug  ] gate unmarshal message error: proto: bad wiretype for field msg.FragmentInfo.FragmentType: got wiretype 2, want 0
2021/02/02 19:20:22 [debug  ] rpcCloseAgent
2021/02/02 19:22:42 [debug  ] rpcNewAgent
2021/02/02 19:22:42 [debug  ] gate Run data: [0 0 10 0 8 1 16 2 24 1 34 0]
2021/02/02 19:22:42 [debug  ] gate unmarshal message error: proto: bad wiretype for field msg.FragmentInfo.FragmentType: got wiretype 2, want 0
2021/02/02 19:22:42 [debug  ] rpcCloseAgent
2021/02/02 19:23:06 [debug  ] rpcNewAgent
2021/02/02 19:23:06 [debug  ] gate Run data: [0 0 10 0 8 1 16 2 24 1 34 0]
2021/02/02 19:23:06 [debug  ] gate unmarshal message error: proto: bad wiretype for field msg.FragmentInfo.FragmentType: got wiretype 2, want 0
2021/02/02 19:23:06 [debug  ] rpcCloseAgent
2021/02/02 19:24:08 [debug  ] rpcNewAgent
2021/02/02 19:24:08 [debug  ] gate Run data: [0 38 0 0 0 0 0 0 0 0 0 0]
2021/02/02 19:24:08 [debug  ] gate unmarshal message error: message id 9728 not registered | you should SetRouter or SetHandler first
2021/02/02 19:24:08 [debug  ] rpcCloseAgent
2021/02/02 19:24:20 [debug  ] Info, sort guild ,GuildRankTime:%!(EXTRA int64=12903626080000, string= rank num:, int32=21)
2021/02/02 19:24:21 [debug  ] Info, UpdateRank
2021/02/02 19:24:52 [debug  ] rpcNewAgent
2021/02/02 19:24:52 [debug  ] gate Run data: [0 38 0 0 0 0 0 0 0 0 0 0]
2021/02/02 19:24:52 [debug  ] gate unmarshal message error: message id 9728 not registered | you should SetRouter or SetHandler first
2021/02/02 19:24:52 [debug  ] rpcCloseAgent
2021/02/02 19:25:14 [debug  ] rpcNewAgent
2021/02/02 19:25:14 [debug  ] gate Run data: [0 1 0 0 0 0 0 0 0 0 0 0]
2021/02/02 19:25:14 [debug  ] gate unmarshal message error: proto: msg.BuyNormalChipA: illegal tag 0 (wire type 0)
2021/02/02 19:25:14 [debug  ] rpcCloseAgent
2021/02/02 19:25:51 [debug  ] rpcNewAgent
2021/02/02 19:25:51 [debug  ] gate Run data: [0 38 0 0 0 0 0 0 0 0 0 0]
2021/02/02 19:25:51 [debug  ] gate unmarshal message error: message id 9728 not registered | you should SetRouter or SetHandler first
2021/02/02 19:25:51 [debug  ] rpcCloseAgent
2021/02/02 19:26:28 [debug  ] rpcNewAgent
2021/02/02 19:26:28 [debug  ] gate Run data: [0 0 38 0 0 0 0 0 0 0 0 0]
2021/02/02 19:26:28 [debug  ] gate unmarshal message error: proto: bad wiretype for field msg.FragmentInfo.Num: got wiretype 6, want 0
2021/02/02 19:26:28 [debug  ] rpcCloseAgent
2021/02/02 19:27:04 [debug  ] rpcNewAgent
2021/02/02 19:27:17 [debug  ] gate read message: websocket: close 1001 (going away)
2021/02/02 19:27:17 [debug  ] rpcCloseAgent
2021/02/02 19:27:21 [debug  ] rpcNewAgent
2021/02/02 19:27:21 [debug  ] gate Run data: [0 0 0 38 0 0 0 0 0 0 0 0]
2021/02/02 19:27:21 [debug  ] gate unmarshal message error: proto: msg.FragmentInfo: illegal tag 0 (wire type 0)
2021/02/02 19:27:21 [debug  ] rpcCloseAgent
2021/02/02 19:28:07 [debug  ] rpcNewAgent
2021/02/02 19:28:07 [debug  ] gate Run data: [0 0 38 0 0 0 0 0 0 0 0 0]
2021/02/02 19:28:07 [debug  ] gate unmarshal message error: proto: bad wiretype for field msg.FragmentInfo.Num: got wiretype 6, want 0
2021/02/02 19:28:07 [debug  ] rpcCloseAgent
2021/02/02 19:28:32 [debug  ] rpcNewAgent
2021/02/02 19:28:32 [debug  ] gate Run data: [0 0 0 38 0 0 0 0 0 0 0 0]
2021/02/02 19:28:32 [debug  ] gate unmarshal message error: proto: msg.FragmentInfo: illegal tag 0 (wire type 0)
2021/02/02 19:28:32 [debug  ] rpcCloseAgent
2021/02/02 19:28:58 [debug  ] rpcNewAgent
2021/02/02 19:28:58 [debug  ] gate Run data: [0 38 0 0 0 0 0 0 0 0 0 0]
2021/02/02 19:28:58 [debug  ] gate unmarshal message error: message id 9728 not registered | you should SetRouter or SetHandler first
2021/02/02 19:28:58 [debug  ] rpcCloseAgent
2021/02/02 19:29:17 [debug  ] rpcNewAgent
2021/02/02 19:29:17 [debug  ] gate Run data: [0 0 0 38 0 0 0 0 0 0 0 0]
2021/02/02 19:29:17 [debug  ] gate unmarshal message error: proto: msg.FragmentInfo: illegal tag 0 (wire type 0)
2021/02/02 19:29:17 [debug  ] rpcCloseAgent
2021/02/02 19:29:20 [debug  ] Info, sort guild ,GuildRankTime:%!(EXTRA int64=12903656080000, string= rank num:, int32=21)
2021/02/02 19:29:21 [debug  ] Info, UpdateRank
2021/02/02 19:29:45 [debug  ] rpcNewAgent
2021/02/02 19:29:45 [debug  ] gate Run data: [0 38 0 10 0 0 0 0 0 0 0 0]
2021/02/02 19:29:45 [debug  ] gate unmarshal message error: message id 9728 not registered | you should SetRouter or SetHandler first
2021/02/02 19:29:45 [debug  ] rpcCloseAgent
2021/02/02 19:30:38 [debug  ] rpcNewAgent
2021/02/02 19:30:38 [debug  ] gate Run data: [0 38 0 10 0 0 0 0 0 0 0 0]
2021/02/02 19:30:38 [debug  ] gate unmarshal message error: message id 9728 not registered | you should SetRouter or SetHandler first
2021/02/02 19:30:38 [debug  ] rpcCloseAgent
2021/02/02 19:31:02 [debug  ] rpcNewAgent
2021/02/02 19:31:02 [debug  ] gate Run data: [0 0 0 10 0 0 0 0 0 0 0 0]
2021/02/02 19:31:02 [debug  ] gate unmarshal message error: proto: msg.FragmentInfo: illegal tag 0 (wire type 0)
2021/02/02 19:31:02 [debug  ] rpcCloseAgent
2021/02/02 19:32:48 [debug  ] rpcNewAgent
2021/02/02 19:32:48 [debug  ] gate Run data: [0 0 0 10 0 0 0 0 0 0 0 0]
2021/02/02 19:32:48 [debug  ] gate unmarshal message error: proto: msg.FragmentInfo: illegal tag 0 (wire type 0)
2021/02/02 19:32:48 [debug  ] rpcCloseAgent
2021/02/02 19:33:25 [debug  ] rpcNewAgent
2021/02/02 19:33:25 [debug  ] gate Run data: [0 0 0 10 0 0 0 0 0 0 0 0]
2021/02/02 19:33:25 [debug  ] gate unmarshal message error: proto: msg.FragmentInfo: illegal tag 0 (wire type 0)
2021/02/02 19:33:25 [debug  ] rpcCloseAgent
2021/02/02 19:34:20 [debug  ] Info, sort guild ,GuildRankTime:%!(EXTRA int64=12903686080000, string= rank num:, int32=21)
2021/02/02 19:34:21 [debug  ] Info, UpdateRank
2021/02/02 19:36:01 [debug  ] rpcNewAgent
2021/02/02 19:36:01 [debug  ] gate Run data: [0 0 0 10 0 0 0 0 0 0 0 0]
2021/02/02 19:36:01 [debug  ] gate unmarshal message error: proto: msg.FragmentInfo: illegal tag 0 (wire type 0)
2021/02/02 19:36:01 [debug  ] rpcCloseAgent
2021/02/02 19:37:02 [debug  ] rpcNewAgent
2021/02/02 19:37:02 [debug  ] gate Run data: [0 0 0 10 0 0 0 0 0 0 0 0]
2021/02/02 19:37:02 [debug  ] gate unmarshal message error: proto: msg.FragmentInfo: illegal tag 0 (wire type 0)
2021/02/02 19:37:02 [debug  ] rpcCloseAgent
2021/02/02 19:37:27 [debug  ] rpcNewAgent
2021/02/02 19:37:27 [debug  ] gate Run data: [0 0 0 10 0 0 0 0 0 0 0 0]
2021/02/02 19:37:27 [debug  ] gate unmarshal message error: proto: msg.FragmentInfo: illegal tag 0 (wire type 0)
2021/02/02 19:37:27 [debug  ] rpcCloseAgent
2021/02/02 19:38:22 [debug  ] rpcNewAgent
2021/02/02 19:38:22 [debug  ] gate Run data: [0 38 0 10 8 1 16 2 24 1 34 0]
2021/02/02 19:38:22 [debug  ] gate unmarshal message error: message id 9728 not registered | you should SetRouter or SetHandler first
2021/02/02 19:38:22 [debug  ] rpcCloseAgent
2021/02/02 19:38:31 [debug  ] rpcNewAgent
2021/02/02 19:38:31 [debug  ] gate Run data: [0 38 0 10 8 1 16 2 24 1 34 0]
2021/02/02 19:38:31 [debug  ] gate unmarshal message error: message id 9728 not registered | you should SetRouter or SetHandler first
2021/02/02 19:38:31 [debug  ] rpcCloseAgent
2021/02/02 19:39:20 [debug  ] Info, sort guild ,GuildRankTime:%!(EXTRA int64=12903716080000, string= rank num:, int32=21)
2021/02/02 19:39:21 [debug  ] Info, UpdateRank
2021/02/02 19:42:48 [debug  ] rpcNewAgent
2021/02/02 19:42:49 [debug  ] gate Run data: [0 38 0 0 8 1 16 2 24 1 34 0]
2021/02/02 19:42:49 [debug  ] gate unmarshal message error: message id 9728 not registered | you should SetRouter or SetHandler first
2021/02/02 19:42:49 [debug  ] rpcCloseAgent
2021/02/02 19:43:29 [debug  ] rpcNewAgent
2021/02/02 19:43:29 [debug  ] gate Run data: [38 0 0 0 8 1 16 2 24 1 34 0]
2021/02/02 19:43:29 [debug  ] gate unmarshal message error: proto: msg.VersionCheckR: illegal tag 0 (wire type 0)
2021/02/02 19:43:29 [debug  ] rpcCloseAgent
2021/02/02 19:44:20 [debug  ] Info, sort guild ,GuildRankTime:%!(EXTRA int64=12903746080000, string= rank num:, int32=21)
2021/02/02 19:44:21 [debug  ] Info, UpdateRank
2021/02/02 19:45:42 [debug  ] rpcNewAgent
2021/02/02 19:45:42 [debug  ] gate Run data: [38 0 0 0 8 1 16 2 24 1 34 0]
2021/02/02 19:45:42 [debug  ] gate unmarshal message error: proto: msg.VersionCheckR: illegal tag 0 (wire type 0)
2021/02/02 19:45:42 [debug  ] rpcCloseAgent
2021/02/02 19:46:43 [debug  ] rpcNewAgent
2021/02/02 19:46:43 [debug  ] gate Run data: [38 0 10 0 8 1 16 2 24 1 34 0]
2021/02/02 19:46:43 [debug  ] gate unmarshal message error: proto: bad wiretype for field msg.VersionCheckR.Main: got wiretype 2, want 0
2021/02/02 19:46:43 [debug  ] rpcCloseAgent
2021/02/02 19:47:19 [debug  ] rpcNewAgent
2021/02/02 19:47:19 [debug  ] gate Run data: [38 0 10 0 8 1 16 2 24 1 34 0]
2021/02/02 19:47:19 [debug  ] gate unmarshal message error: proto: bad wiretype for field msg.VersionCheckR.Main: got wiretype 2, want 0
2021/02/02 19:47:19 [debug  ] rpcCloseAgent
2021/02/02 19:47:54 [debug  ] rpcNewAgent
2021/02/02 19:47:54 [debug  ] gate Run data: [38 0 10 0 8 1 16 2 24 1 34 0]
2021/02/02 19:47:54 [debug  ] gate unmarshal message error: proto: bad wiretype for field msg.VersionCheckR.Main: got wiretype 2, want 0
2021/02/02 19:47:54 [debug  ] rpcCloseAgent
2021/02/02 19:48:41 [debug  ] rpcNewAgent
2021/02/02 19:48:41 [debug  ] gate Run data: [38 0 10 0 8 1 16 2 24 1 34 0]
2021/02/02 19:48:41 [debug  ] gate unmarshal message error: proto: bad wiretype for field msg.VersionCheckR.Main: got wiretype 2, want 0
2021/02/02 19:48:41 [debug  ] rpcCloseAgent
2021/02/02 19:49:20 [debug  ] Info, sort guild ,GuildRankTime:%!(EXTRA int64=12903776080000, string= rank num:, int32=21)
2021/02/02 19:49:21 [debug  ] Info, UpdateRank
2021/02/02 19:49:57 [debug  ] rpcNewAgent
2021/02/02 19:49:57 [debug  ] gate Run data: [38 0 10 0 8 1 16 2 24 1 34 0]
2021/02/02 19:49:57 [debug  ] gate unmarshal message error: proto: bad wiretype for field msg.VersionCheckR.Main: got wiretype 2, want 0
2021/02/02 19:49:57 [debug  ] rpcCloseAgent
2021/02/02 19:54:18 [debug  ] rpcNewAgent
2021/02/02 19:54:18 [debug  ] gate Run data: [38 0 10 0 8 1 16 2 24 1 34 0]
2021/02/02 19:54:18 [debug  ] gate unmarshal message error: proto: bad wiretype for field msg.VersionCheckR.Main: got wiretype 2, want 0
2021/02/02 19:54:18 [debug  ] rpcCloseAgent
2021/02/02 19:54:20 [debug  ] Info, sort guild ,GuildRankTime:%!(EXTRA int64=12903806080000, string= rank num:, int32=21)
2021/02/02 19:54:21 [debug  ] Info, UpdateRank
2021/02/02 19:56:16 [debug  ] rpcNewAgent
2021/02/02 19:56:16 [debug  ] gate Run data: [38 0 8 0 8 1 16 2 24 1 34 0]
2021/02/02 19:56:26 [debug  ] gate Run data: []
2021/02/02 19:56:26 [debug  ] gate unmarshal message error: protobuf data too short
2021/02/02 19:56:26 [debug  ] rpcCloseAgent
2021/02/02 19:57:40 [debug  ] rpcNewAgent
2021/02/02 19:57:40 [debug  ] gate Run data: [38 0 8 0 8 1 16 2 24 1 34 0]
2021/02/02 19:57:50 [debug  ] gate Run data: []
2021/02/02 19:57:50 [debug  ] gate unmarshal message error: protobuf data too short
2021/02/02 19:57:50 [debug  ] rpcCloseAgent
2021/02/02 19:59:20 [debug  ] Info, sort guild ,GuildRankTime:%!(EXTRA int64=12903836080000, string= rank num:, int32=21)
2021/02/02 19:59:21 [debug  ] Info, UpdateRank
2021/02/02 20:04:20 [debug  ] Info, sort guild ,GuildRankTime:%!(EXTRA int64=12903866080000, string= rank num:, int32=21)
2021/02/02 20:04:21 [debug  ] Info, UpdateRank
2021/02/02 20:09:20 [debug  ] Info, sort guild ,GuildRankTime:%!(EXTRA int64=12903896080000, string= rank num:, int32=21)
2021/02/02 20:09:21 [debug  ] Info, UpdateRank
2021/02/02 20:14:20 [debug  ] Info, sort guild ,GuildRankTime:%!(EXTRA int64=12903926080000, string= rank num:, int32=21)
2021/02/02 20:14:21 [debug  ] Info, UpdateRank
2021/02/02 20:19:20 [debug  ] Info, sort guild ,GuildRankTime:%!(EXTRA int64=12903956080000, string= rank num:, int32=21)
2021/02/02 20:19:21 [debug  ] Info, UpdateRank
2021/02/02 20:24:20 [debug  ] Info, sort guild ,GuildRankTime:%!(EXTRA int64=12903986080000, string= rank num:, int32=21)
2021/02/02 20:24:21 [debug  ] Info, UpdateRank
2021/02/02 20:25:07 [debug  ] rpcNewAgent
2021/02/02 20:28:08 [debug  ] Close agent cause heartbeat timeout
2021/02/02 20:28:08 [debug  ] gate read message: read tcp [::1]:17183->[::1]:55715: use of closed network connection
2021/02/02 20:28:08 [debug  ] rpcCloseAgent
2021/02/02 20:29:20 [debug  ] Info, sort guild ,GuildRankTime:%!(EXTRA int64=12904016080000, string= rank num:, int32=21)
2021/02/02 20:29:21 [debug  ] Info, UpdateRank
2021/02/02 20:34:20 [debug  ] Info, sort guild ,GuildRankTime:%!(EXTRA int64=12904046090000, string= rank num:, int32=21)
2021/02/02 20:34:21 [debug  ] Info, UpdateRank
2021/02/02 20:39:20 [debug  ] Info, sort guild ,GuildRankTime:%!(EXTRA int64=12904076090000, string= rank num:, int32=21)
2021/02/02 20:39:21 [debug  ] Info, UpdateRank
2021/02/02 20:44:20 [debug  ] Info, sort guild ,GuildRankTime:%!(EXTRA int64=12904106090000, string= rank num:, int32=21)
2021/02/02 20:44:21 [debug  ] Info, UpdateRank
2021/02/02 20:49:20 [debug  ] Info, sort guild ,GuildRankTime:%!(EXTRA int64=12904136090000, string= rank num:, int32=21)
2021/02/02 20:49:21 [debug  ] Info, UpdateRank
2021/02/02 20:54:20 [debug  ] Info, sort guild ,GuildRankTime:%!(EXTRA int64=12904166090000, string= rank num:, int32=21)
2021/02/02 20:54:21 [debug  ] Info, UpdateRank
2021/02/02 20:59:20 [debug  ] Info, sort guild ,GuildRankTime:%!(EXTRA int64=12904196090000, string= rank num:, int32=21)
2021/02/02 20:59:21 [debug  ] Info, UpdateRank
2021/02/02 21:04:20 [debug  ] Info, sort guild ,GuildRankTime:%!(EXTRA int64=12904226090000, string= rank num:, int32=21)
2021/02/02 21:04:21 [debug  ] Info, UpdateRank
2021/02/02 21:07:08 [debug  ] rpcNewAgent
2021/02/02 21:08:12 [debug  ] gate read message: websocket: close 1001 (going away)
2021/02/02 21:08:12 [debug  ] rpcCloseAgent
2021/02/02 21:08:16 [debug  ] rpcNewAgent
2021/02/02 21:08:28 [debug  ] gate read message: websocket: close 1001 (going away)
2021/02/02 21:08:28 [debug  ] rpcCloseAgent
2021/02/02 21:08:32 [debug  ] rpcNewAgent
2021/02/02 21:08:42 [debug  ] gate read message: websocket: close 1001 (going away)
2021/02/02 21:08:42 [debug  ] rpcCloseAgent
2021/02/02 21:08:47 [debug  ] rpcNewAgent
2021/02/02 21:08:55 [debug  ] gate read message: websocket: close 1001 (going away)
2021/02/02 21:08:55 [debug  ] rpcCloseAgent
2021/02/02 21:09:00 [debug  ] rpcNewAgent
2021/02/02 21:09:09 [debug  ] gate read message: websocket: close 1001 (going away)
2021/02/02 21:09:09 [debug  ] rpcCloseAgent
2021/02/02 21:09:14 [debug  ] rpcNewAgent
2021/02/02 21:09:20 [debug  ] Info, sort guild ,GuildRankTime:%!(EXTRA int64=12904256090000, string= rank num:, int32=21)
2021/02/02 21:09:21 [debug  ] Info, UpdateRank
2021/02/02 21:09:33 [debug  ] gate read message: websocket: close 1001 (going away)
2021/02/02 21:09:33 [debug  ] rpcCloseAgent
2021/02/02 21:09:37 [debug  ] rpcNewAgent
2021/02/02 21:10:11 [debug  ] gate read message: websocket: close 1001 (going away)
2021/02/02 21:10:11 [debug  ] rpcCloseAgent
2021/02/02 21:10:15 [debug  ] rpcNewAgent
2021/02/02 21:10:30 [debug  ] gate read message: websocket: close 1001 (going away)
2021/02/02 21:10:30 [debug  ] rpcCloseAgent
2021/02/02 21:10:35 [debug  ] rpcNewAgent
2021/02/02 21:11:20 [debug  ] gate read message: websocket: close 1001 (going away)
2021/02/02 21:11:20 [debug  ] rpcCloseAgent
2021/02/02 21:11:33 [debug  ] rpcNewAgent
2021/02/02 21:11:33 [debug  ] gate Run data: [38 0 8 0 8 1 16 2 24 1 34 0]
2021/02/02 21:11:33 [debug  ] gate Run data: [49 0 4 0 10 0 18 0]
2021/02/02 21:11:33 [debug  ] gate unmarshal message error: proto: msg.DeviceLoginR: wiretype end group for non-group
2021/02/02 21:11:33 [debug  ] rpcCloseAgent
2021/02/02 21:14:19 [debug  ] rpcNewAgent
2021/02/02 21:14:19 [debug  ] gate Run data: [38 0 8 0 8 1 16 2 24 1 34 0]
2021/02/02 21:14:19 [debug  ] gate Run data: [49 0 4 0 10 0 18 0]
2021/02/02 21:14:19 [debug  ] gate unmarshal message error: proto: msg.DeviceLoginR: wiretype end group for non-group
2021/02/02 21:14:19 [debug  ] rpcCloseAgent
2021/02/02 21:14:20 [debug  ] Info, sort guild ,GuildRankTime:%!(EXTRA int64=12904286090000, string= rank num:, int32=21)
2021/02/02 21:14:21 [debug  ] Info, UpdateRank
2021/02/02 21:15:36 [debug  ] rpcNewAgent
2021/02/02 21:15:36 [debug  ] gate Run data: [38 0 8 0 8 1 16 2 24 1 34 0]
2021/02/02 21:15:36 [debug  ] gate Run data: [49 0 4 0 10 0 18 0]
2021/02/02 21:15:36 [debug  ] gate unmarshal message error: proto: msg.DeviceLoginR: wiretype end group for non-group
2021/02/02 21:15:36 [debug  ] rpcCloseAgent
2021/02/02 21:16:37 [debug  ] rpcNewAgent
2021/02/02 21:16:37 [debug  ] gate Run data: [49 0 4 0 10 0 18 0]
2021/02/02 21:16:37 [debug  ] gate unmarshal message error: proto: msg.DeviceLoginR: wiretype end group for non-group
2021/02/02 21:16:37 [debug  ] rpcCloseAgent
2021/02/02 21:18:58 [debug  ] rpcNewAgent
2021/02/02 21:18:58 [debug  ] gate Run data: [52 0 18 0 8 1 18 0 26 0 34 0 42 0 50 0 58 0 66 0 72 1]
2021/02/02 21:19:20 [debug  ] Info, sort guild ,GuildRankTime:%!(EXTRA int64=12904316090000, string= rank num:, int32=21)
2021/02/02 21:19:21 [debug  ] Info, UpdateRank
2021/02/02 21:22:00 [debug  ] Close agent cause heartbeat timeout
2021/02/02 21:22:00 [debug  ] gate read message: read tcp [::1]:17183->[::1]:58329: use of closed network connection
2021/02/02 21:22:00 [debug  ] rpcCloseAgent
2021/02/02 21:24:20 [debug  ] Info, sort guild ,GuildRankTime:%!(EXTRA int64=12904346090000, string= rank num:, int32=21)
2021/02/02 21:24:21 [debug  ] Info, UpdateRank
2021/02/02 21:24:35 [debug  ] rpcNewAgent
2021/02/02 21:24:35 [debug  ] gate Run data: [39 1 6 0 10 0 18 0 26 0]
2021/02/02 21:24:35 [debug  ] gate unmarshal message error: proto: msg.DeviceLoginNewR: illegal tag 0 (wire type 6)
2021/02/02 21:24:35 [debug  ] rpcCloseAgent
2021/02/02 21:25:20 [debug  ] rpcNewAgent
2021/02/02 21:25:20 [debug  ] gate Run data: [38 0 8 0 8 1 16 2 24 1 34 0]
2021/02/02 21:25:20 [debug  ] gate Run data: [39 1 6 0 10 0 18 0 26 0]
2021/02/02 21:25:20 [debug  ] gate unmarshal message error: proto: msg.DeviceLoginNewR: illegal tag 0 (wire type 6)
2021/02/02 21:25:20 [debug  ] rpcCloseAgent
2021/02/02 21:26:09 [debug  ] rpcNewAgent
2021/02/02 21:26:09 [debug  ] gate Run data: [38 0 8 0 8 1 16 2 24 1 34 0]
2021/02/02 21:26:19 [debug  ] gate Run data: []
2021/02/02 21:26:19 [debug  ] gate unmarshal message error: protobuf data too short
2021/02/02 21:26:19 [debug  ] rpcCloseAgent
2021/02/02 21:27:45 [debug  ] rpcNewAgent
2021/02/02 21:27:45 [debug  ] gate Run data: [38 0 8 0 8 1 16 2 24 1 34 0]
2021/02/02 21:27:46 [debug  ] gate Run data: [39 1 14 0 10 8 100 102 97 115 102 97 115 102 18 0 26 0]
2021/02/02 21:27:46 [debug  ] gate unmarshal message error: proto: bad wiretype for field msg.DeviceLoginNewR.DeviceId: got wiretype 6, want 2
2021/02/02 21:27:46 [debug  ] rpcCloseAgent
2021/02/02 21:28:02 [debug  ] rpcNewAgent
2021/02/02 21:28:02 [debug  ] gate Run data: [38 0 8 0 8 1 16 2 24 1 34 0]
2021/02/02 21:28:02 [debug  ] gate Run data: [39 1 14 0 10 8 100 102 97 115 102 97 115 102 18 0 26 0]
2021/02/02 21:28:02 [debug  ] gate unmarshal message error: proto: bad wiretype for field msg.DeviceLoginNewR.DeviceId: got wiretype 6, want 2
2021/02/02 21:28:02 [debug  ] rpcCloseAgent
2021/02/02 21:28:33 [debug  ] rpcNewAgent
2021/02/02 21:28:33 [debug  ] gate Run data: [38 0 8 0 8 1 16 2 24 1 34 0]
2021/02/02 21:28:33 [debug  ] gate Run data: [39 1 14 0 10 8 100 102 97 115 102 97 115 102 18 0 26 0]
2021/02/02 21:28:33 [debug  ] gate unmarshal message error: proto: bad wiretype for field msg.DeviceLoginNewR.DeviceId: got wiretype 6, want 2
2021/02/02 21:28:33 [debug  ] rpcCloseAgent
2021/02/02 21:28:58 [debug  ] rpcNewAgent
2021/02/02 21:28:58 [debug  ] gate Run data: [38 0 8 0 8 1 16 2 24 1 34 0]
2021/02/02 21:28:58 [debug  ] gate Run data: [39 1 14 0 10 8 100 102 97 115 102 97 115 102 18 0 26 0]
2021/02/02 21:28:58 [debug  ] gate unmarshal message error: proto: bad wiretype for field msg.DeviceLoginNewR.DeviceId: got wiretype 6, want 2
2021/02/02 21:28:58 [debug  ] rpcCloseAgent
2021/02/02 21:29:20 [debug  ] Info, sort guild ,GuildRankTime:%!(EXTRA int64=12904376090000, string= rank num:, int32=21)
2021/02/02 21:29:21 [debug  ] Info, UpdateRank
2021/02/02 21:29:22 [debug  ] rpcNewAgent
2021/02/02 21:29:22 [debug  ] gate Run data: [38 0 8 0 8 1 16 2 24 1 34 0]
2021/02/02 21:29:32 [debug  ] gate Run data: []
2021/02/02 21:29:32 [debug  ] gate unmarshal message error: protobuf data too short
2021/02/02 21:29:32 [debug  ] rpcCloseAgent
2021/02/02 21:30:14 [debug  ] rpcNewAgent
2021/02/02 21:30:15 [debug  ] gate Run data: [38 0 8 0 8 1 16 2 24 1 34 0]
2021/02/02 21:30:15 [debug  ] gate Run data: [39 1 14 0 10 8 100 102 97 115 102 97 115 102 18 0 26 0]
2021/02/02 21:30:15 [debug  ] gate unmarshal message error: proto: bad wiretype for field msg.DeviceLoginNewR.DeviceId: got wiretype 6, want 2
2021/02/02 21:30:15 [debug  ] rpcCloseAgent
2021/02/02 21:34:20 [debug  ] Info, sort guild ,GuildRankTime:%!(EXTRA int64=12904406090000, string= rank num:, int32=21)
2021/02/02 21:34:21 [debug  ] Info, UpdateRank
2021/02/02 21:35:50 [debug  ] rpcNewAgent
2021/02/02 21:35:50 [debug  ] gate Run data: [38 0 8 0 8 1 16 2 24 1 34 0]
2021/02/02 21:35:50 [debug  ] gate Run data: [39 1 14 0 10 8 100 102 97 115 102 97 115 102 18 0 26 0]
2021/02/02 21:35:50 [debug  ] gate unmarshal message error: proto: bad wiretype for field msg.DeviceLoginNewR.DeviceId: got wiretype 6, want 2
2021/02/02 21:35:50 [debug  ] rpcCloseAgent
2021/02/02 21:36:10 [debug  ] rpcNewAgent
2021/02/02 21:36:10 [debug  ] gate Run data: [38 0 8 0 8 1 16 2 24 1 34 0]
2021/02/02 21:36:10 [debug  ] gate Run data: [52 0 18 0 8 1 18 0 26 0 34 0 42 0 50 0 58 0 66 0 72 1]
2021/02/02 21:36:20 [debug  ] gate Run data: []
2021/02/02 21:36:20 [debug  ] gate unmarshal message error: protobuf data too short
2021/02/02 21:36:20 [debug  ] rpcCloseAgent
2021/02/02 21:36:35 [debug  ] rpcNewAgent
2021/02/02 21:36:35 [debug  ] gate Run data: [38 0 8 0 8 1 16 2 24 1 34 0]
2021/02/02 21:36:35 [debug  ] gate Run data: [52 0 18 0 8 1 18 0 26 0 34 0 42 0 50 0 58 0 66 0 72 1]
2021/02/02 21:36:35 [debug  ] gate Run data: [54 0 0 0]
2021/02/02 21:36:35 [debug  ] gate unmarshal message error: proto: msg.GetHeroListR: illegal tag 0 (wire type 0)
2021/02/02 21:36:35 [debug  ] rpcCloseAgent
2021/02/02 21:38:22 [debug  ] rpcNewAgent
2021/02/02 21:38:22 [debug  ] gate Run data: [38 0 8 0 8 1 16 2 24 1 34 0]
2021/02/02 21:38:22 [debug  ] gate Run data: [52 0 18 0 8 1 18 0 26 0 34 0 42 0 50 0 58 0 66 0 72 1]
2021/02/02 21:38:22 [debug  ] gate Run data: [56 0 0 0]
2021/02/02 21:38:22 [debug  ] gate unmarshal message error: proto: msg.GetPlayerDataR: illegal tag 0 (wire type 0)
2021/02/02 21:38:22 [debug  ] rpcCloseAgent
2021/02/02 21:39:20 [debug  ] Info, sort guild ,GuildRankTime:%!(EXTRA int64=12904436090000, string= rank num:, int32=21)
2021/02/02 21:39:21 [debug  ] Info, UpdateRank
2021/02/02 21:44:20 [debug  ] Info, sort guild ,GuildRankTime:%!(EXTRA int64=12904466090000, string= rank num:, int32=21)
2021/02/02 21:44:21 [debug  ] Info, UpdateRank
2021/02/02 21:49:20 [debug  ] Info, sort guild ,GuildRankTime:%!(EXTRA int64=12904496090000, string= rank num:, int32=21)
2021/02/02 21:49:21 [debug  ] Info, UpdateRank
2021/02/02 21:54:20 [debug  ] Info, sort guild ,GuildRankTime:%!(EXTRA int64=12904526090000, string= rank num:, int32=21)
2021/02/02 21:54:21 [debug  ] Info, UpdateRank
2021/02/02 21:59:20 [debug  ] Info, sort guild ,GuildRankTime:%!(EXTRA int64=12904556090000, string= rank num:, int32=21)
2021/02/02 21:59:21 [debug  ] Info, UpdateRank
2021/02/02 22:04:21 [debug  ] Info, sort guild ,GuildRankTime:%!(EXTRA int64=12904586100000, string= rank num:, int32=21)
2021/02/02 22:04:21 [debug  ] Info, UpdateRank
2021/02/02 22:09:21 [debug  ] Info, sort guild ,GuildRankTime:%!(EXTRA int64=12904616100000, string= rank num:, int32=21)
2021/02/02 22:09:21 [debug  ] Info, UpdateRank
2021/02/02 22:14:21 [debug  ] Info, sort guild ,GuildRankTime:%!(EXTRA int64=12904646100000, string= rank num:, int32=21)
2021/02/02 22:14:21 [debug  ] Info, UpdateRank
2021/02/02 22:19:21 [debug  ] Info, sort guild ,GuildRankTime:%!(EXTRA int64=12904676100000, string= rank num:, int32=21)
2021/02/02 22:19:21 [debug  ] Info, UpdateRank
2021/02/02 22:24:21 [debug  ] Info, sort guild ,GuildRankTime:%!(EXTRA int64=12904706100000, string= rank num:, int32=21)
2021/02/02 22:24:21 [debug  ] Info, UpdateRank
2021/02/02 22:29:21 [debug  ] Info, sort guild ,GuildRankTime:%!(EXTRA int64=12904736100000, string= rank num:, int32=21)
2021/02/02 22:29:21 [debug  ] Info, UpdateRank
2021/02/02 22:34:21 [debug  ] Info, sort guild ,GuildRankTime:%!(EXTRA int64=12904766100000, string= rank num:, int32=21)
2021/02/02 22:34:21 [debug  ] Info, UpdateRank
2021/02/02 22:39:21 [debug  ] Info, sort guild ,GuildRankTime:%!(EXTRA int64=12904796100000, string= rank num:, int32=21)
2021/02/02 22:39:21 [debug  ] Info, UpdateRank
2021/02/02 22:41:28 [debug  ] rpcNewAgent
2021/02/02 22:44:21 [debug  ] Info, sort guild ,GuildRankTime:%!(EXTRA int64=12904826100000, string= rank num:, int32=21)
2021/02/02 22:44:21 [debug  ] Info, UpdateRank
2021/02/02 22:44:29 [debug  ] Close agent cause heartbeat timeout
2021/02/02 22:44:29 [debug  ] gate read message: read tcp [::1]:17183->[::1]:61698: use of closed network connection
2021/02/02 22:44:29 [debug  ] rpcCloseAgent
2021/02/02 22:49:21 [debug  ] Info, sort guild ,GuildRankTime:%!(EXTRA int64=12904856100000, string= rank num:, int32=21)
2021/02/02 22:49:21 [debug  ] Info, UpdateRank
2021/02/02 22:54:21 [debug  ] Info, sort guild ,GuildRankTime:%!(EXTRA int64=12904886100000, string= rank num:, int32=21)
2021/02/02 22:54:21 [debug  ] Info, UpdateRank
2021/02/02 22:59:21 [debug  ] Info, sort guild ,GuildRankTime:%!(EXTRA int64=12904916100000, string= rank num:, int32=21)
2021/02/02 22:59:21 [debug  ] Info, UpdateRank
2021/02/02 23:04:21 [debug  ] Info, sort guild ,GuildRankTime:%!(EXTRA int64=12904946100000, string= rank num:, int32=21)
2021/02/02 23:04:21 [debug  ] Info, UpdateRank
2021/02/02 23:09:21 [debug  ] Info, sort guild ,GuildRankTime:%!(EXTRA int64=12904976100000, string= rank num:, int32=21)
2021/02/02 23:09:21 [debug  ] Info, UpdateRank
2021/02/02 23:14:21 [debug  ] Info, sort guild ,GuildRankTime:%!(EXTRA int64=12905006100000, string= rank num:, int32=21)
2021/02/02 23:14:21 [debug  ] Info, UpdateRank
2021/02/02 23:19:21 [debug  ] Info, sort guild ,GuildRankTime:%!(EXTRA int64=12905036110000, string= rank num:, int32=21)
2021/02/02 23:19:21 [debug  ] Info, UpdateRank
2021/02/02 23:24:21 [debug  ] Info, sort guild ,GuildRankTime:%!(EXTRA int64=12905066110000, string= rank num:, int32=21)
2021/02/02 23:24:21 [debug  ] Info, UpdateRank
2021/02/02 23:29:21 [debug  ] Info, sort guild ,GuildRankTime:%!(EXTRA int64=12905096110000, string= rank num:, int32=21)
2021/02/02 23:29:21 [debug  ] Info, UpdateRank
2021/02/02 23:34:21 [debug  ] Info, sort guild ,GuildRankTime:%!(EXTRA int64=12905126110000, string= rank num:, int32=21)
2021/02/02 23:34:21 [debug  ] Info, UpdateRank
2021/02/02 23:39:21 [debug  ] Info, sort guild ,GuildRankTime:%!(EXTRA int64=12905156110000, string= rank num:, int32=21)
2021/02/02 23:39:21 [debug  ] Info, UpdateRank
2021/02/02 23:44:21 [debug  ] Info, sort guild ,GuildRankTime:%!(EXTRA int64=12905186110000, string= rank num:, int32=21)
2021/02/02 23:44:21 [debug  ] Info, UpdateRank
2021/02/02 23:49:21 [debug  ] Info, sort guild ,GuildRankTime:%!(EXTRA int64=12905216110000, string= rank num:, int32=21)
2021/02/02 23:49:21 [debug  ] Info, UpdateRank
2021/02/02 23:54:21 [debug  ] Info, sort guild ,GuildRankTime:%!(EXTRA int64=12905246110000, string= rank num:, int32=21)
2021/02/02 23:54:21 [debug  ] Info, UpdateRank
2021/02/02 23:59:21 [debug  ] Info, sort guild ,GuildRankTime:%!(EXTRA int64=12905276110000, string= rank num:, int32=21)
2021/02/02 23:59:21 [debug  ] Info, UpdateRank
2021/02/03 00:00:00 [debug  ] DoDailyUpdatePlayers
2021/02/03 00:00:00 [debug  ] Next Daily Update Time: 2021-02-04 00:00:00 +0800 CST
2021/02/03 00:00:00 [debug  ] ActivityUpdateCheck
2021/02/03 00:04:21 [debug  ] Info, sort guild ,GuildRankTime:%!(EXTRA int64=12905306110000, string= rank num:, int32=21)
2021/02/03 00:04:21 [debug  ] Info, UpdateRank
2021/02/03 00:09:21 [debug  ] Info, sort guild ,GuildRankTime:%!(EXTRA int64=12905336110000, string= rank num:, int32=21)
2021/02/03 00:09:21 [debug  ] Info, UpdateRank
2021/02/03 00:14:21 [debug  ] Info, sort guild ,GuildRankTime:%!(EXTRA int64=12905366110000, string= rank num:, int32=21)
2021/02/03 00:14:21 [debug  ] Info, UpdateRank
2021/02/03 00:19:21 [debug  ] Info, sort guild ,GuildRankTime:%!(EXTRA int64=12905396110000, string= rank num:, int32=21)
2021/02/03 00:19:21 [debug  ] Info, UpdateRank
2021/02/03 00:24:21 [debug  ] Info, sort guild ,GuildRankTime:%!(EXTRA int64=12905426110000, string= rank num:, int32=21)
2021/02/03 00:24:21 [debug  ] Info, UpdateRank
2021/02/03 00:29:21 [debug  ] Info, sort guild ,GuildRankTime:%!(EXTRA int64=12905456120000, string= rank num:, int32=21)
2021/02/03 00:29:21 [debug  ] Info, UpdateRank
2021/02/03 00:34:21 [debug  ] Info, sort guild ,GuildRankTime:%!(EXTRA int64=12905486120000, string= rank num:, int32=21)
2021/02/03 00:34:21 [debug  ] Info, UpdateRank
2021/02/03 00:39:21 [debug  ] Info, sort guild ,GuildRankTime:%!(EXTRA int64=12905516120000, string= rank num:, int32=21)
2021/02/03 00:39:21 [debug  ] Info, UpdateRank
2021/02/03 00:44:21 [debug  ] Info, sort guild ,GuildRankTime:%!(EXTRA int64=12905546120000, string= rank num:, int32=21)
2021/02/03 00:44:21 [debug  ] Info, UpdateRank
2021/02/03 00:49:21 [debug  ] Info, sort guild ,GuildRankTime:%!(EXTRA int64=12905576120000, string= rank num:, int32=21)
2021/02/03 00:49:21 [debug  ] Info, UpdateRank
2021/02/03 00:54:21 [debug  ] Info, sort guild ,GuildRankTime:%!(EXTRA int64=12905606120000, string= rank num:, int32=21)
2021/02/03 00:54:21 [debug  ] Info, UpdateRank
2021/02/03 00:57:50 [debug  ] rpcNewAgent
2021/02/03 00:59:21 [debug  ] Info, sort guild ,GuildRankTime:%!(EXTRA int64=12905636120000, string= rank num:, int32=21)
2021/02/03 00:59:21 [debug  ] Info, UpdateRank
2021/02/03 01:00:50 [debug  ] Close agent cause heartbeat timeout
2021/02/03 01:00:50 [debug  ] gate read message: read tcp [::1]:17183->[::1]:49833: use of closed network connection
2021/02/03 01:00:50 [debug  ] rpcCloseAgent
2021/02/03 01:04:21 [debug  ] Info, sort guild ,GuildRankTime:%!(EXTRA int64=12905666120000, string= rank num:, int32=21)
2021/02/03 01:04:21 [debug  ] Info, UpdateRank
2021/02/03 01:09:21 [debug  ] Info, sort guild ,GuildRankTime:%!(EXTRA int64=12905696120000, string= rank num:, int32=21)
2021/02/03 01:09:21 [debug  ] Info, UpdateRank
2021/02/03 01:14:21 [debug  ] Info, sort guild ,GuildRankTime:%!(EXTRA int64=12905726120000, string= rank num:, int32=21)
2021/02/03 01:14:21 [debug  ] Info, UpdateRank
2021/02/03 01:19:21 [debug  ] Info, sort guild ,GuildRankTime:%!(EXTRA int64=12905756120000, string= rank num:, int32=21)
2021/02/03 01:19:21 [debug  ] Info, UpdateRank
2021/02/03 01:24:21 [debug  ] Info, sort guild ,GuildRankTime:%!(EXTRA int64=12905786120000, string= rank num:, int32=21)
2021/02/03 01:24:21 [debug  ] Info, UpdateRank
2021/02/03 01:29:21 [debug  ] Info, sort guild ,GuildRankTime:%!(EXTRA int64=12905816120000, string= rank num:, int32=21)
2021/02/03 01:29:21 [debug  ] Info, UpdateRank
2021/02/03 01:34:21 [debug  ] Info, sort guild ,GuildRankTime:%!(EXTRA int64=12905846120000, string= rank num:, int32=21)
2021/02/03 01:34:21 [debug  ] Info, UpdateRank
2021/02/03 01:39:21 [debug  ] Info, sort guild ,GuildRankTime:%!(EXTRA int64=12905876120000, string= rank num:, int32=21)
2021/02/03 01:39:21 [debug  ] Info, UpdateRank
2021/02/03 01:44:21 [debug  ] Info, sort guild ,GuildRankTime:%!(EXTRA int64=12905906120000, string= rank num:, int32=21)
2021/02/03 01:44:21 [debug  ] Info, UpdateRank
2021/02/03 01:49:21 [debug  ] Info, sort guild ,GuildRankTime:%!(EXTRA int64=12905936120000, string= rank num:, int32=21)
2021/02/03 01:49:21 [debug  ] Info, UpdateRank
2021/02/03 01:54:21 [debug  ] Info, sort guild ,GuildRankTime:%!(EXTRA int64=12905966130000, string= rank num:, int32=21)
2021/02/03 01:54:21 [debug  ] Info, UpdateRank
2021/02/03 01:59:21 [debug  ] Info, UpdateRank
2021/02/03 01:59:21 [debug  ] Info, sort guild ,GuildRankTime:%!(EXTRA int64=12905996130000, string= rank num:, int32=21)
2021/02/03 02:04:21 [debug  ] Info, sort guild ,GuildRankTime:%!(EXTRA int64=12906026130000, string= rank num:, int32=21)
2021/02/03 02:04:21 [debug  ] Info, UpdateRank
2021/02/03 02:09:21 [debug  ] Info, UpdateRank
2021/02/03 02:09:21 [debug  ] Info, sort guild ,GuildRankTime:%!(EXTRA int64=12906056130000, string= rank num:, int32=21)
2021/02/03 02:14:21 [debug  ] Info, UpdateRank
2021/02/03 02:14:21 [debug  ] Info, sort guild ,GuildRankTime:%!(EXTRA int64=12906086130000, string= rank num:, int32=21)
2021/02/03 02:19:21 [debug  ] Info, UpdateRank
2021/02/03 02:19:21 [debug  ] Info, sort guild ,GuildRankTime:%!(EXTRA int64=12906116130000, string= rank num:, int32=21)
2021/02/03 02:24:21 [debug  ] Info, sort guild ,GuildRankTime:%!(EXTRA int64=12906146130000, string= rank num:, int32=21)
2021/02/03 02:24:21 [debug  ] Info, UpdateRank
2021/02/03 02:29:21 [debug  ] Info, UpdateRank
2021/02/03 02:29:21 [debug  ] Info, sort guild ,GuildRankTime:%!(EXTRA int64=12906176130000, string= rank num:, int32=21)
2021/02/03 02:34:21 [debug  ] Info, UpdateRank
2021/02/03 02:34:21 [debug  ] Info, sort guild ,GuildRankTime:%!(EXTRA int64=12906206130000, string= rank num:, int32=21)
2021/02/03 02:39:21 [debug  ] Info, UpdateRank
2021/02/03 02:39:21 [debug  ] Info, sort guild ,GuildRankTime:%!(EXTRA int64=12906236130000, string= rank num:, int32=21)
2021/02/03 02:44:21 [debug  ] Info, UpdateRank
2021/02/03 02:44:21 [debug  ] Info, sort guild ,GuildRankTime:%!(EXTRA int64=12906266130000, string= rank num:, int32=21)
2021/02/03 02:49:21 [debug  ] Info, UpdateRank
2021/02/03 02:49:21 [debug  ] Info, sort guild ,GuildRankTime:%!(EXTRA int64=12906296130000, string= rank num:, int32=21)
2021/02/03 02:54:21 [debug  ] Info, sort guild ,GuildRankTime:%!(EXTRA int64=12906326130000, string= rank num:, int32=21)
2021/02/03 02:54:21 [debug  ] Info, UpdateRank
2021/02/03 02:59:21 [debug  ] Info, sort guild ,GuildRankTime:%!(EXTRA int64=12906356130000, string= rank num:, int32=21)
2021/02/03 02:59:21 [debug  ] Info, UpdateRank
2021/02/03 03:04:21 [debug  ] Info, sort guild ,GuildRankTime:%!(EXTRA int64=12906386130000, string= rank num:, int32=21)
2021/02/03 03:04:21 [debug  ] Info, UpdateRank
2021/02/03 03:09:21 [debug  ] Info, sort guild ,GuildRankTime:%!(EXTRA int64=12906416130000, string= rank num:, int32=21)
2021/02/03 03:09:21 [debug  ] Info, UpdateRank
2021/02/03 03:14:11 [debug  ] rpcNewAgent
2021/02/03 03:14:21 [debug  ] Info, UpdateRank
2021/02/03 03:14:21 [debug  ] Info, sort guild ,GuildRankTime:%!(EXTRA int64=12906446130000, string= rank num:, int32=21)
2021/02/03 03:17:13 [debug  ] Close agent cause heartbeat timeout
2021/02/03 03:17:13 [debug  ] gate read message: read tcp [::1]:17183->[::1]:54404: use of closed network connection
2021/02/03 03:17:13 [debug  ] rpcCloseAgent
2021/02/03 03:19:21 [debug  ] Info, sort guild ,GuildRankTime:%!(EXTRA int64=12906476140000, string= rank num:, int32=21)
2021/02/03 03:19:21 [debug  ] Info, UpdateRank
2021/02/03 03:24:21 [debug  ] Info, UpdateRank
2021/02/03 03:24:21 [debug  ] Info, sort guild ,GuildRankTime:%!(EXTRA int64=12906506140000, string= rank num:, int32=21)
2021/02/03 03:29:21 [debug  ] Info, sort guild ,GuildRankTime:%!(EXTRA int64=12906536140000, string= rank num:, int32=21)
2021/02/03 03:29:21 [debug  ] Info, UpdateRank
2021/02/03 03:34:21 [debug  ] Info, UpdateRank
2021/02/03 03:34:21 [debug  ] Info, sort guild ,GuildRankTime:%!(EXTRA int64=12906566140000, string= rank num:, int32=21)
2021/02/03 03:39:21 [debug  ] Info, UpdateRank
2021/02/03 03:39:21 [debug  ] Info, sort guild ,GuildRankTime:%!(EXTRA int64=12906596140000, string= rank num:, int32=21)
2021/02/03 03:44:21 [debug  ] Info, UpdateRank
2021/02/03 03:44:21 [debug  ] Info, sort guild ,GuildRankTime:%!(EXTRA int64=12906626140000, string= rank num:, int32=21)
2021/02/03 03:49:21 [debug  ] Info, sort guild ,GuildRankTime:%!(EXTRA int64=12906656140000, string= rank num:, int32=21)
2021/02/03 03:49:21 [debug  ] Info, UpdateRank
2021/02/03 03:54:21 [debug  ] Info, UpdateRank
2021/02/03 03:54:21 [debug  ] Info, sort guild ,GuildRankTime:%!(EXTRA int64=12906686140000, string= rank num:, int32=21)
2021/02/03 03:59:21 [debug  ] Info, sort guild ,GuildRankTime:%!(EXTRA int64=12906716140000, string= rank num:, int32=21)
2021/02/03 03:59:21 [debug  ] Info, UpdateRank
2021/02/03 04:04:21 [debug  ] Info, UpdateRank
2021/02/03 04:04:21 [debug  ] Info, sort guild ,GuildRankTime:%!(EXTRA int64=12906746140000, string= rank num:, int32=21)
2021/02/03 04:09:21 [debug  ] Info, sort guild ,GuildRankTime:%!(EXTRA int64=12906776140000, string= rank num:, int32=21)
2021/02/03 04:09:21 [debug  ] Info, UpdateRank
2021/02/03 04:14:21 [debug  ] Info, sort guild ,GuildRankTime:%!(EXTRA int64=12906806140000, string= rank num:, int32=21)
2021/02/03 04:14:21 [debug  ] Info, UpdateRank
2021/02/03 04:19:21 [debug  ] Info, sort guild ,GuildRankTime:%!(EXTRA int64=12906836140000, string= rank num:, int32=21)
2021/02/03 04:19:21 [debug  ] Info, UpdateRank
2021/02/03 04:24:21 [debug  ] Info, sort guild ,GuildRankTime:%!(EXTRA int64=12906866140000, string= rank num:, int32=21)
2021/02/03 04:24:21 [debug  ] Info, UpdateRank
2021/02/03 04:29:21 [debug  ] Info, UpdateRank
2021/02/03 04:29:21 [debug  ] Info, sort guild ,GuildRankTime:%!(EXTRA int64=12906896140000, string= rank num:, int32=21)
2021/02/03 04:34:21 [debug  ] Info, UpdateRank
2021/02/03 04:34:21 [debug  ] Info, sort guild ,GuildRankTime:%!(EXTRA int64=12906926140000, string= rank num:, int32=21)
2021/02/03 04:39:21 [debug  ] Info, UpdateRank
2021/02/03 04:39:21 [debug  ] Info, sort guild ,GuildRankTime:%!(EXTRA int64=12906956140000, string= rank num:, int32=21)
2021/02/03 04:44:21 [debug  ] Info, UpdateRank
2021/02/03 04:44:21 [debug  ] Info, sort guild ,GuildRankTime:%!(EXTRA int64=12906986140000, string= rank num:, int32=21)
2021/02/03 04:49:21 [debug  ] Info, UpdateRank
2021/02/03 04:49:21 [debug  ] Info, sort guild ,GuildRankTime:%!(EXTRA int64=12907016140000, string= rank num:, int32=21)
2021/02/03 04:54:21 [debug  ] Info, sort guild ,GuildRankTime:%!(EXTRA int64=12907046140000, string= rank num:, int32=21)
2021/02/03 04:54:21 [debug  ] Info, UpdateRank
2021/02/03 04:59:21 [debug  ] Info, UpdateRank
2021/02/03 04:59:21 [debug  ] Info, sort guild ,GuildRankTime:%!(EXTRA int64=12907076150000, string= rank num:, int32=21)
2021/02/03 05:04:21 [debug  ] Info, UpdateRank
2021/02/03 05:04:21 [debug  ] Info, sort guild ,GuildRankTime:%!(EXTRA int64=12907106150000, string= rank num:, int32=21)
2021/02/03 05:09:21 [debug  ] Info, UpdateRank
2021/02/03 05:09:21 [debug  ] Info, sort guild ,GuildRankTime:%!(EXTRA int64=12907136150000, string= rank num:, int32=21)
2021/02/03 05:14:21 [debug  ] Info, UpdateRank
2021/02/03 05:14:21 [debug  ] Info, sort guild ,GuildRankTime:%!(EXTRA int64=12907166150000, string= rank num:, int32=21)
2021/02/03 05:19:21 [debug  ] Info, UpdateRank
2021/02/03 05:19:21 [debug  ] Info, sort guild ,GuildRankTime:%!(EXTRA int64=12907196150000, string= rank num:, int32=21)
2021/02/03 05:24:21 [debug  ] Info, sort guild ,GuildRankTime:%!(EXTRA int64=12907226150000, string= rank num:, int32=21)
2021/02/03 05:24:21 [debug  ] Info, UpdateRank
2021/02/03 05:29:21 [debug  ] Info, UpdateRank
2021/02/03 05:29:21 [debug  ] Info, sort guild ,GuildRankTime:%!(EXTRA int64=12907256150000, string= rank num:, int32=21)
2021/02/03 05:30:33 [debug  ] rpcNewAgent
2021/02/03 05:33:34 [debug  ] Close agent cause heartbeat timeout
2021/02/03 05:33:34 [debug  ] gate read message: read tcp [::1]:17183->[::1]:58806: use of closed network connection
2021/02/03 05:33:34 [debug  ] rpcCloseAgent
2021/02/03 05:34:21 [debug  ] Info, sort guild ,GuildRankTime:%!(EXTRA int64=12907286150000, string= rank num:, int32=21)
2021/02/03 05:34:21 [debug  ] Info, UpdateRank
2021/02/03 05:39:21 [debug  ] Info, UpdateRank
2021/02/03 05:39:21 [debug  ] Info, sort guild ,GuildRankTime:%!(EXTRA int64=12907316150000, string= rank num:, int32=21)
2021/02/03 05:44:21 [debug  ] Info, sort guild ,GuildRankTime:%!(EXTRA int64=12907346150000, string= rank num:, int32=21)
2021/02/03 05:44:21 [debug  ] Info, UpdateRank
2021/02/03 05:49:21 [debug  ] Info, UpdateRank
2021/02/03 05:49:21 [debug  ] Info, sort guild ,GuildRankTime:%!(EXTRA int64=12907376150000, string= rank num:, int32=21)
2021/02/03 05:54:21 [debug  ] Info, UpdateRank
2021/02/03 05:54:21 [debug  ] Info, sort guild ,GuildRankTime:%!(EXTRA int64=12907406150000, string= rank num:, int32=21)
2021/02/03 05:59:21 [debug  ] Info, UpdateRank
2021/02/03 05:59:21 [debug  ] Info, sort guild ,GuildRankTime:%!(EXTRA int64=12907436150000, string= rank num:, int32=21)
2021/02/03 06:04:21 [debug  ] Info, sort guild ,GuildRankTime:%!(EXTRA int64=12907466150000, string= rank num:, int32=21)
2021/02/03 06:04:21 [debug  ] Info, UpdateRank
2021/02/03 06:09:21 [debug  ] Info, UpdateRank
2021/02/03 06:09:21 [debug  ] Info, sort guild ,GuildRankTime:%!(EXTRA int64=12907496150000, string= rank num:, int32=21)
2021/02/03 06:14:21 [debug  ] Info, sort guild ,GuildRankTime:%!(EXTRA int64=12907526150000, string= rank num:, int32=21)
2021/02/03 06:14:21 [debug  ] Info, UpdateRank
2021/02/03 06:19:21 [debug  ] Info, sort guild ,GuildRankTime:%!(EXTRA int64=12907556150000, string= rank num:, int32=21)
2021/02/03 06:19:21 [debug  ] Info, UpdateRank
2021/02/03 06:24:21 [debug  ] Info, sort guild ,GuildRankTime:%!(EXTRA int64=12907586150000, string= rank num:, int32=21)
2021/02/03 06:24:21 [debug  ] Info, UpdateRank
2021/02/03 06:29:21 [debug  ] Info, UpdateRank
2021/02/03 06:29:21 [debug  ] Info, sort guild ,GuildRankTime:%!(EXTRA int64=12907616160000, string= rank num:, int32=21)
2021/02/03 06:34:21 [debug  ] Info, UpdateRank
2021/02/03 06:34:21 [debug  ] Info, sort guild ,GuildRankTime:%!(EXTRA int64=12907646160000, string= rank num:, int32=21)
2021/02/03 06:39:21 [debug  ] Info, sort guild ,GuildRankTime:%!(EXTRA int64=12907676160000, string= rank num:, int32=21)
2021/02/03 06:39:21 [debug  ] Info, UpdateRank
2021/02/03 06:44:21 [debug  ] Info, sort guild ,GuildRankTime:%!(EXTRA int64=12907706160000, string= rank num:, int32=21)
2021/02/03 06:44:21 [debug  ] Info, UpdateRank
2021/02/03 06:49:21 [debug  ] Info, UpdateRank
2021/02/03 06:49:21 [debug  ] Info, sort guild ,GuildRankTime:%!(EXTRA int64=12907736160000, string= rank num:, int32=21)
2021/02/03 06:54:21 [debug  ] Info, UpdateRank
2021/02/03 06:54:21 [debug  ] Info, sort guild ,GuildRankTime:%!(EXTRA int64=12907766160000, string= rank num:, int32=21)
2021/02/03 06:59:21 [debug  ] Info, UpdateRank
2021/02/03 06:59:21 [debug  ] Info, sort guild ,GuildRankTime:%!(EXTRA int64=12907796160000, string= rank num:, int32=21)
2021/02/03 07:04:21 [debug  ] Info, UpdateRank
2021/02/03 07:04:21 [debug  ] Info, sort guild ,GuildRankTime:%!(EXTRA int64=12907826160000, string= rank num:, int32=21)
2021/02/03 07:09:21 [debug  ] Info, sort guild ,GuildRankTime:%!(EXTRA int64=12907856160000, string= rank num:, int32=21)
2021/02/03 07:09:21 [debug  ] Info, UpdateRank
2021/02/03 07:14:21 [debug  ] Info, UpdateRank
2021/02/03 07:14:21 [debug  ] Info, sort guild ,GuildRankTime:%!(EXTRA int64=12907886160000, string= rank num:, int32=21)
2021/02/03 07:19:21 [debug  ] Info, UpdateRank
2021/02/03 07:19:21 [debug  ] Info, sort guild ,GuildRankTime:%!(EXTRA int64=12907916160000, string= rank num:, int32=21)
2021/02/03 07:24:21 [debug  ] Info, UpdateRank
2021/02/03 07:24:21 [debug  ] Info, sort guild ,GuildRankTime:%!(EXTRA int64=12907946160000, string= rank num:, int32=21)
2021/02/03 07:29:21 [debug  ] Info, sort guild ,GuildRankTime:%!(EXTRA int64=12907976160000, string= rank num:, int32=21)
2021/02/03 07:29:21 [debug  ] Info, UpdateRank
2021/02/03 07:34:21 [debug  ] Info, UpdateRank
2021/02/03 07:34:21 [debug  ] Info, sort guild ,GuildRankTime:%!(EXTRA int64=12908006160000, string= rank num:, int32=21)
2021/02/03 07:39:21 [debug  ] Info, UpdateRank
2021/02/03 07:39:21 [debug  ] Info, sort guild ,GuildRankTime:%!(EXTRA int64=12908036160000, string= rank num:, int32=21)
2021/02/03 07:44:21 [debug  ] Info, UpdateRank
2021/02/03 07:44:21 [debug  ] Info, sort guild ,GuildRankTime:%!(EXTRA int64=12908066160000, string= rank num:, int32=21)
2021/02/03 07:46:55 [debug  ] rpcNewAgent
2021/02/03 07:49:21 [debug  ] Info, UpdateRank
2021/02/03 07:49:21 [debug  ] Info, sort guild ,GuildRankTime:%!(EXTRA int64=12908096160000, string= rank num:, int32=21)
2021/02/03 07:49:56 [debug  ] Close agent cause heartbeat timeout
2021/02/03 07:49:56 [debug  ] gate read message: read tcp [::1]:17183->[::1]:63330: use of closed network connection
2021/02/03 07:49:56 [debug  ] rpcCloseAgent
2021/02/03 07:54:21 [debug  ] Info, UpdateRank
2021/02/03 07:54:21 [debug  ] Info, sort guild ,GuildRankTime:%!(EXTRA int64=12908126170000, string= rank num:, int32=21)
2021/02/03 07:59:21 [debug  ] Info, sort guild ,GuildRankTime:%!(EXTRA int64=12908156170000, string= rank num:, int32=21)
2021/02/03 07:59:21 [debug  ] Info, UpdateRank
2021/02/03 08:04:21 [debug  ] Info, sort guild ,GuildRankTime:%!(EXTRA int64=12908186170000, string= rank num:, int32=21)
2021/02/03 08:04:21 [debug  ] Info, UpdateRank
2021/02/03 08:09:21 [debug  ] Info, UpdateRank
2021/02/03 08:09:21 [debug  ] Info, sort guild ,GuildRankTime:%!(EXTRA int64=12908216170000, string= rank num:, int32=21)
2021/02/03 08:14:21 [debug  ] Info, UpdateRank
2021/02/03 08:14:21 [debug  ] Info, sort guild ,GuildRankTime:%!(EXTRA int64=12908246170000, string= rank num:, int32=21)
2021/02/03 08:19:21 [debug  ] Info, UpdateRank
2021/02/03 08:19:21 [debug  ] Info, sort guild ,GuildRankTime:%!(EXTRA int64=12908276170000, string= rank num:, int32=21)
2021/02/03 08:24:21 [debug  ] Info, sort guild ,GuildRankTime:%!(EXTRA int64=12908306170000, string= rank num:, int32=21)
2021/02/03 08:24:21 [debug  ] Info, UpdateRank
2021/02/03 08:29:21 [debug  ] Info, sort guild ,GuildRankTime:%!(EXTRA int64=12908336170000, string= rank num:, int32=21)
2021/02/03 08:29:21 [debug  ] Info, UpdateRank
2021/02/03 08:34:21 [debug  ] Info, UpdateRank
2021/02/03 08:34:21 [debug  ] Info, sort guild ,GuildRankTime:%!(EXTRA int64=12908366170000, string= rank num:, int32=21)
2021/02/03 08:39:21 [debug  ] Info, sort guild ,GuildRankTime:%!(EXTRA int64=12908396170000, string= rank num:, int32=21)
2021/02/03 08:39:21 [debug  ] Info, UpdateRank
2021/02/03 08:44:21 [debug  ] Info, UpdateRank
2021/02/03 08:44:21 [debug  ] Info, sort guild ,GuildRankTime:%!(EXTRA int64=12908426170000, string= rank num:, int32=21)
2021/02/03 08:49:21 [debug  ] Info, sort guild ,GuildRankTime:%!(EXTRA int64=12908456170000, string= rank num:, int32=21)
2021/02/03 08:49:21 [debug  ] Info, UpdateRank
2021/02/03 08:54:21 [debug  ] Info, UpdateRank
2021/02/03 08:54:21 [debug  ] Info, sort guild ,GuildRankTime:%!(EXTRA int64=12908486170000, string= rank num:, int32=21)
2021/02/03 08:59:21 [debug  ] Info, sort guild ,GuildRankTime:%!(EXTRA int64=12908516170000, string= rank num:, int32=21)
2021/02/03 08:59:21 [debug  ] Info, UpdateRank
2021/02/03 09:04:21 [debug  ] Info, sort guild ,GuildRankTime:%!(EXTRA int64=12908546170000, string= rank num:, int32=21)
2021/02/03 09:04:21 [debug  ] Info, UpdateRank
2021/02/03 09:09:21 [debug  ] Info, UpdateRank
2021/02/03 09:09:21 [debug  ] Info, sort guild ,GuildRankTime:%!(EXTRA int64=12908576170000, string= rank num:, int32=21)
2021/02/03 09:14:21 [debug  ] Info, UpdateRank
2021/02/03 09:14:21 [debug  ] Info, sort guild ,GuildRankTime:%!(EXTRA int64=12908606170000, string= rank num:, int32=21)
2021/02/03 09:19:21 [debug  ] Info, UpdateRank
2021/02/03 09:19:21 [debug  ] Info, sort guild ,GuildRankTime:%!(EXTRA int64=12908636170000, string= rank num:, int32=21)
2021/02/03 09:24:21 [debug  ] Info, UpdateRank
2021/02/03 09:24:21 [debug  ] Info, sort guild ,GuildRankTime:%!(EXTRA int64=12908666170000, string= rank num:, int32=21)
2021/02/03 09:29:21 [debug  ] Info, UpdateRank
2021/02/03 09:29:21 [debug  ] Info, sort guild ,GuildRankTime:%!(EXTRA int64=12908696170000, string= rank num:, int32=21)
2021/02/03 09:34:21 [debug  ] Info, UpdateRank
2021/02/03 09:34:21 [debug  ] Info, sort guild ,GuildRankTime:%!(EXTRA int64=12908726170000, string= rank num:, int32=21)
2021/02/03 09:39:21 [debug  ] Info, UpdateRank
2021/02/03 09:39:21 [debug  ] Info, sort guild ,GuildRankTime:%!(EXTRA int64=12908756170000, string= rank num:, int32=21)
2021/02/03 09:44:21 [debug  ] Info, sort guild ,GuildRankTime:%!(EXTRA int64=12908786170000, string= rank num:, int32=21)
2021/02/03 09:44:21 [debug  ] Info, UpdateRank
2021/02/03 09:49:21 [debug  ] Info, sort guild ,GuildRankTime:%!(EXTRA int64=12908816170000, string= rank num:, int32=21)
2021/02/03 09:49:21 [debug  ] Info, UpdateRank
2021/02/03 09:54:21 [debug  ] Info, UpdateRank
2021/02/03 09:54:21 [debug  ] Info, sort guild ,GuildRankTime:%!(EXTRA int64=12908846180000, string= rank num:, int32=21)
2021/02/03 09:59:21 [debug  ] Info, UpdateRank
2021/02/03 09:59:21 [debug  ] Info, sort guild ,GuildRankTime:%!(EXTRA int64=12908876180000, string= rank num:, int32=21)
2021/02/03 10:00:44 [debug  ] rpcNewAgent
2021/02/03 10:00:44 [debug  ] gate Run data: [38 0 8 0 8 1 16 2 24 1 34 0]
2021/02/03 10:00:44 [debug  ] gate Run data: [52 0 18 0 8 1 18 0 26 0 34 0 42 0 50 0 58 0 66 0 72 1]
2021/02/03 10:00:54 [debug  ] gate Run data: []
2021/02/03 10:00:54 [debug  ] gate unmarshal message error: protobuf data too short
2021/02/03 10:00:54 [debug  ] rpcCloseAgent
2021/02/03 10:01:05 [debug  ] rpcNewAgent
2021/02/03 10:01:05 [debug  ] gate Run data: [38 0 8 0 8 1 16 2 24 1 34 0]
2021/02/03 10:01:05 [debug  ] gate Run data: [39 1 14 0 10 8 100 102 97 115 102 97 115 102 18 0 26 0]
2021/02/03 10:01:05 [debug  ] gate unmarshal message error: proto: bad wiretype for field msg.DeviceLoginNewR.DeviceId: got wiretype 6, want 2
2021/02/03 10:01:05 [debug  ] rpcCloseAgent
2021/02/03 10:02:10 [debug  ] rpcNewAgent
2021/02/03 10:02:10 [debug  ] gate Run data: [38 0 8 0 8 1 16 2 24 1 34 0]
2021/02/03 10:02:10 [debug  ] gate Run data: [39 1 26 0 10 8 100 102 97 115 102 97 115 102 18 5 101 97 102 97 115 26 7 97 115 100 102 115 97 102]
2021/02/03 10:02:10 [debug  ] server_main/game/internal.handleDeviceLoginNewR
2021/02/03 10:02:10 [release] SQL ERROR:C:/Cavalry/server/src/db/helper.go:441%!(EXTRA *mysql.MySQLError=Error 1292: Incorrect datetime value: '0000-00-00' for column 'last_daily_update_at' at row 1)
2021/02/03 10:02:10 [error  ] runtime error: invalid memory address or nil pointer dereference: goroutine 103073 [running]:
github.com/name5566/leaf/go.(*Go).Go.func1.1(0xc0012da3c0, 0xc0075e1e00)
	C:/Cavalry/server/src/github.com/name5566/leaf/go/go.go:44 +0xf3
panic(0xcd8d80, 0x1574340)
	c:/go/src/runtime/panic.go:969 +0x174
server_main/game/internal.handleDeviceLoginNewR.func1()
	C:/Cavalry/server/src/server_main/game/internal/handler1.go:2504 +0x7a
github.com/name5566/leaf/go.(*Go).Go.func1(0xc0012da3c0, 0xc0075e1e00, 0xc0057f4bd0)
	C:/Cavalry/server/src/github.com/name5566/leaf/go/go.go:52 +0x69
created by github.com/name5566/leaf/go.(*Go).Go
	C:/Cavalry/server/src/github.com/name5566/leaf/go/go.go:38 +0x5e
2021/02/03 10:02:10 [debug  ] player 0 login
2021/02/03 10:02:11 [fatal  ] Not find player in session.GetPlayer
