2021/02/06 16:08:17 [release] Leaf 1.1.2 starting up
2021/02/06 16:08:17 [release] db OnInit
2021/02/06 16:08:17 [release] game OnInit
2021/02/06 16:08:17 [debug  ] Lua load conf/xshare.lua finished
2021/02/06 16:08:17 [debug  ] KLuaCMD5: e9d83e7646e443aff2f8f69b311cf7b4
2021/02/06 16:08:17 [debug  ] KChannelString bk
2021/02/06 16:08:17 [error  ] Lua GetIntArray err: KHeroReturnBackConsumeVrmb
2021/02/06 16:08:17 [error  ] Lua GetIntMap err: KArtifactFragmentNumReq
2021/02/06 16:08:17 [error  ] Lua GetIntMap err: KArtifactQualityUpMoneyReq
2021/02/06 16:08:17 [debug  ] KIFixMD5: 
2021/02/06 16:08:17 [debug  ] KRUZMD5: 
2021/02/06 16:08:17 [debug  ] Heartbeat timeout is 180
2021/02/06 16:08:17 [debug  ] game init handler
2021/02/06 16:08:17 [debug  ] 4 star total weight: 66
2021/02/06 16:08:17 [debug  ] 5 star total weight: 211
2021/02/06 16:08:17 [debug  ] 1 star total weight: 6
2021/02/06 16:08:17 [debug  ] 2 star total weight: 6
2021/02/06 16:08:17 [debug  ] 3 star total weight: 66
2021/02/06 16:08:17 [debug  ] ActivityMgr LoadAllActivity
2021/02/06 16:08:17 [debug  ] >>>>Start Loading DeviceUsers
2021/02/06 16:08:17 [debug  ] Start Load DeviceUsers
2021/02/06 16:08:17 [debug  ] End Load All DeviceUsers (Loaded:2728)
2021/02/06 16:08:17 [debug  ] >>>>Finish Loading DeviceUsers
2021/02/06 16:08:17 [debug  ] >>>>Start Loading Accounts
2021/02/06 16:08:17 [debug  ] Start Load Accounts
2021/02/06 16:08:17 [debug  ] End Load All Accounts (Loaded:2798)
2021/02/06 16:08:17 [debug  ] >>>>Finish Loading Accounts
2021/02/06 16:08:17 [debug  ] >>>>Start Loading InitPlayers
2021/02/06 16:08:17 [debug  ] Start Preload Players
2021/02/06 16:08:18 [debug  ] End Preload Player UseTime:1s
2021/02/06 16:08:18 [debug  ] Start Load All Players 2117
2021/02/06 16:08:24 [debug  ] 1000 Players Loaded UseTime:6s
2021/02/06 16:08:28 [debug  ] 2000 Players Loaded UseTime:10s
2021/02/06 16:08:28 [debug  ] End Load All Player (Loaded:2117) UseTime:10s
2021/02/06 16:08:28 [debug  ] >>>>Finish Loading InitPlayers
2021/02/06 16:08:28 [debug  ] >>>>Start Loading BanPlayers
2021/02/06 16:08:28 [debug  ] >>>>Finish Loading BanPlayers
2021/02/06 16:08:28 [debug  ] >>>>Start Loading LoadOrderNear
2021/02/06 16:08:28 [debug  ] Start Load Orders
2021/02/06 16:08:28 [debug  ] End Preload Order UseTime:0s
2021/02/06 16:08:28 [debug  ] >>>>Finish Loading LoadOrderNear
2021/02/06 16:08:28 [debug  ] >>>>Start Loading LoadAllGlobalMail
2021/02/06 16:08:28 [debug  ] >>>>Finish Loading LoadAllGlobalMail
2021/02/06 16:08:28 [debug  ] >>>>Start Loading LoadAllGiftCode
2021/02/06 16:08:28 [debug  ] >>>>Finish Loading LoadAllGiftCode
2021/02/06 16:08:28 [debug  ] >>>>Start Check PlayerData
2021/02/06 16:08:28 [debug  ] 1000 Players Data Checked:0s
2021/02/06 16:08:28 [debug  ] 2000 Players Data Checked:0s
2021/02/06 16:08:28 [debug  ] >>>>Finish Check PlayerData
2021/02/06 16:08:28 [debug  ] >>>>Start Init Rank Data
2021/02/06 16:08:29 [debug  ] >>>>Finish Init Rank Data
2021/02/06 16:08:29 [debug  ] LoadGuildAll: begin
2021/02/06 16:08:30 [debug  ] LoadGuildAll: end. num=21
2021/02/06 16:08:30 [debug  ] LoadGuildNotice: begin
2021/02/06 16:08:31 [debug  ] LoadGuildNotice: end. num=34
2021/02/06 16:08:31 [debug  ] Info, sort guild ,GuildRankTime:%!(EXTRA int64=12937011140000, string= rank num:, int32=21)
2021/02/06 16:08:31 [release] BokePayControllerOnInit
2021/02/06 16:08:31 [debug  ] ActivityMgr.InitRank: begin
2021/02/06 16:08:31 [debug  ] ActivityMgr.InitRank: end
2021/02/06 16:08:31 [debug  ] Next Daily Update Time: 2021-02-07 00:00:00 +0800 CST
2021/02/06 16:08:31 [debug  ] Next Weekly Update Time: 2021-02-08 00:00:00 +0800 CST
2021/02/06 16:08:31 [debug  ] Next Monthly Update Time: 2021-03-01 00:00:00 +0800 CST
2021/02/06 16:08:31 [release] gate OnInit
2021/02/06 16:08:31 [release] login OnInit
2021/02/06 16:08:31 [release] Create WSServer :17183
2021/02/06 16:08:31 [release] Create TCPServer :17173
2021/02/06 16:11:10 [debug  ] rpcNewAgent
2021/02/06 16:11:25 [debug  ] gate read message: websocket: close 1001 (going away)
2021/02/06 16:11:25 [debug  ] rpcCloseAgent
2021/02/06 16:13:31 [debug  ] Info, UpdateRank
2021/02/06 16:13:31 [debug  ] Info, sort guild ,GuildRankTime:%!(EXTRA int64=12937041140000, string= rank num:, int32=21)
2021/02/06 16:14:16 [debug  ] rpcNewAgent
2021/02/06 16:17:17 [debug  ] Close agent cause heartbeat timeout
2021/02/06 16:17:17 [debug  ] gate read message: read tcp 192.168.15.132:17183->192.168.15.132:63261: use of closed network connection
2021/02/06 16:17:17 [debug  ] rpcCloseAgent
2021/02/06 16:18:22 [debug  ] rpcNewAgent
2021/02/06 16:18:22 [debug  ] gate Run data: [38 0 8 1 16 2 24 1 34 0]
2021/02/06 16:18:22 [debug  ] gate Run data: [39 1 10 8 100 102 97 115 102 97 115 102 18 5 101 97 102 97 115 26 7 97 115 100 102 115 97 102]
2021/02/06 16:18:22 [debug  ] server_main/game/internal.handleDeviceLoginNewR
2021/02/06 16:18:22 [debug  ] player 12908986780000 login
2021/02/06 16:18:22 [debug  ] gate Run data: [52 0 8 1 18 0 26 0 34 0 42 0 50 0 58 0 66 0 72 1]
2021/02/06 16:18:22 [debug  ] handlePlayerLoginR msg size: 19
2021/02/06 16:18:22 [debug  ] gate read message: websocket: close 1001 (going away)
2021/02/06 16:18:22 [debug  ] rpcCloseAgent
2021/02/06 16:18:22 [debug  ] player 12908986780000 disconnect
2021/02/06 16:18:22 [release] on player 12908986780000 logout
2021/02/06 16:18:30 [debug  ] rpcNewAgent
2021/02/06 16:18:30 [debug  ] gate Run data: [38 0 8 1 16 2 24 1 34 0]
2021/02/06 16:18:30 [debug  ] gate Run data: [39 1 10 8 100 102 97 115 102 97 115 102 18 5 101 97 102 97 115 26 7 97 115 100 102 115 97 102]
2021/02/06 16:18:30 [debug  ] server_main/game/internal.handleDeviceLoginNewR
2021/02/06 16:18:30 [debug  ] player 12908986780000 login
2021/02/06 16:18:31 [debug  ] Info, UpdateRank
2021/02/06 16:18:31 [debug  ] Info, sort guild ,GuildRankTime:%!(EXTRA int64=12937071140000, string= rank num:, int32=21)
2021/02/06 16:18:40 [debug  ] gate Run data: [33 0]
2021/02/06 16:18:45 [debug  ] gate read message: websocket: close 1001 (going away)
2021/02/06 16:18:45 [debug  ] rpcCloseAgent
2021/02/06 16:18:45 [debug  ] player 12908986780000 disconnect
2021/02/06 16:18:45 [release] on player 12908986780000 logout
2021/02/06 16:18:49 [debug  ] rpcNewAgent
2021/02/06 16:18:49 [debug  ] gate Run data: [38 0 8 1 16 2 24 1 34 0]
2021/02/06 16:18:49 [debug  ] gate Run data: [39 1 10 8 100 102 97 115 102 97 115 102 18 5 101 97 102 97 115 26 7 97 115 100 102 115 97 102]
2021/02/06 16:18:49 [debug  ] server_main/game/internal.handleDeviceLoginNewR
2021/02/06 16:18:49 [debug  ] player 12908986780000 login
2021/02/06 16:18:49 [debug  ] gate Run data: [52 0 8 1 18 0 26 0 34 0 42 0 50 0 58 0 66 0 72 1]
2021/02/06 16:18:49 [debug  ] handlePlayerLoginR msg size: 19
2021/02/06 16:18:59 [debug  ] gate Run data: [33 0]
2021/02/06 16:19:09 [debug  ] gate Run data: [33 0]
2021/02/06 16:19:19 [debug  ] gate Run data: [33 0]
2021/02/06 16:19:23 [debug  ] gate read message: websocket: close 1001 (going away)
2021/02/06 16:19:23 [debug  ] rpcCloseAgent
2021/02/06 16:19:23 [debug  ] player 12908986780000 disconnect
2021/02/06 16:19:23 [release] on player 12908986780000 logout
2021/02/06 16:19:43 [debug  ] rpcNewAgent
2021/02/06 16:19:43 [debug  ] gate Run data: [38 0 8 1 16 2 24 1 34 0]
2021/02/06 16:19:43 [debug  ] gate Run data: [39 1 10 8 100 102 97 115 102 97 115 102 18 5 101 97 102 97 115 26 7 97 115 100 102 115 97 102]
2021/02/06 16:19:43 [debug  ] server_main/game/internal.handleDeviceLoginNewR
2021/02/06 16:19:43 [debug  ] player 12908986780000 login
2021/02/06 16:19:43 [debug  ] gate Run data: [52 0 8 1 18 0 26 0 34 0 42 0 50 0 58 0 66 0 72 1]
2021/02/06 16:19:43 [debug  ] handlePlayerLoginR msg size: 19
2021/02/06 16:19:53 [debug  ] gate Run data: [33 0]
2021/02/06 16:20:03 [debug  ] gate Run data: [33 0]
2021/02/06 16:20:13 [debug  ] gate Run data: [33 0]
2021/02/06 16:20:23 [debug  ] gate Run data: [33 0]
2021/02/06 16:20:33 [debug  ] gate Run data: [33 0]
2021/02/06 16:20:43 [debug  ] gate Run data: [33 0]
2021/02/06 16:20:48 [debug  ] gate read message: websocket: close 1001 (going away)
2021/02/06 16:20:48 [debug  ] rpcCloseAgent
2021/02/06 16:20:48 [debug  ] player 12908986780000 disconnect
2021/02/06 16:20:48 [release] on player 12908986780000 logout
2021/02/06 16:20:53 [debug  ] rpcNewAgent
2021/02/06 16:20:53 [debug  ] gate Run data: [38 0 8 1 16 2 24 1 34 0]
2021/02/06 16:20:53 [debug  ] gate Run data: [39 1 10 8 100 102 97 115 102 97 115 102 18 5 101 97 102 97 115 26 7 97 115 100 102 115 97 102]
2021/02/06 16:20:53 [debug  ] server_main/game/internal.handleDeviceLoginNewR
2021/02/06 16:20:53 [debug  ] player 12908986780000 login
2021/02/06 16:20:53 [debug  ] gate Run data: [52 0 8 1 18 0 26 0 34 0 42 0 50 0 58 0 66 0 72 1]
2021/02/06 16:20:53 [debug  ] handlePlayerLoginR msg size: 19
2021/02/06 16:21:03 [debug  ] gate Run data: [33 0]
2021/02/06 16:21:13 [debug  ] gate Run data: [33 0]
2021/02/06 16:21:23 [debug  ] gate Run data: [33 0]
2021/02/06 16:21:33 [debug  ] gate Run data: [33 0]
2021/02/06 16:21:43 [debug  ] gate Run data: [33 0]
2021/02/06 16:21:53 [debug  ] gate Run data: [33 0]
2021/02/06 16:22:03 [debug  ] gate Run data: [33 0]
2021/02/06 16:22:13 [debug  ] gate Run data: [33 0]
2021/02/06 16:22:23 [debug  ] gate Run data: [33 0]
2021/02/06 16:22:33 [debug  ] gate Run data: [33 0]
2021/02/06 16:22:35 [debug  ] rpcNewAgent
2021/02/06 16:22:43 [debug  ] gate Run data: [33 0]
2021/02/06 16:22:53 [debug  ] gate Run data: [33 0]
2021/02/06 16:23:03 [debug  ] gate Run data: [33 0]
2021/02/06 16:23:13 [debug  ] gate Run data: [33 0]
2021/02/06 16:23:20 [debug  ] gate read message: websocket: close 1001 (going away)
2021/02/06 16:23:20 [debug  ] rpcCloseAgent
2021/02/06 16:23:20 [debug  ] player 12908986780000 disconnect
2021/02/06 16:23:20 [release] on player 12908986780000 logout
2021/02/06 16:23:26 [debug  ] rpcNewAgent
2021/02/06 16:23:27 [debug  ] gate Run data: [38 0 8 1 16 2 24 1 34 0]
2021/02/06 16:23:27 [debug  ] gate Run data: [39 1 10 8 100 102 97 115 102 97 115 102 18 5 101 97 102 97 115 26 7 97 115 100 102 115 97 102]
2021/02/06 16:23:27 [debug  ] server_main/game/internal.handleDeviceLoginNewR
2021/02/06 16:23:27 [debug  ] player 12908986780000 login
2021/02/06 16:23:27 [debug  ] gate Run data: [52 0 8 1 18 0 26 0 34 0 42 0 50 0 58 0 66 0 72 1]
2021/02/06 16:23:27 [debug  ] handlePlayerLoginR msg size: 19
2021/02/06 16:23:28 [debug  ] gate Run data: [39 1 10 8 100 102 97 115 102 97 115 102 18 5 101 97 102 97 115 26 7 97 115 100 102 115 97 102]
2021/02/06 16:23:28 [debug  ] server_main/game/internal.handleDeviceLoginNewR
2021/02/06 16:23:28 [error  ] repeat login
2021/02/06 16:23:28 [debug  ] gate Run data: [52 0 8 1 18 0 26 0 34 0 42 0 50 0 58 0 66 0 72 1]
2021/02/06 16:23:28 [debug  ] handlePlayerLoginR msg size: 19
2021/02/06 16:23:28 [debug  ] gate Run data: [54 0]
2021/02/06 16:23:28 [debug  ] gate Run data: [56 0]
2021/02/06 16:23:31 [debug  ] Info, UpdateRank
2021/02/06 16:23:31 [debug  ] Info, sort guild ,GuildRankTime:%!(EXTRA int64=12937101140000, string= rank num:, int32=21)
2021/02/06 16:23:38 [debug  ] gate Run data: [33 0]
2021/02/06 16:23:45 [debug  ] gate read message: websocket: close 1001 (going away)
2021/02/06 16:23:45 [debug  ] rpcCloseAgent
2021/02/06 16:23:45 [debug  ] player 12908986780000 disconnect
2021/02/06 16:23:45 [release] on player 12908986780000 logout
2021/02/06 16:25:36 [debug  ] Close agent cause heartbeat timeout
2021/02/06 16:25:36 [debug  ] gate read message: read tcp [::1]:17183->[::1]:63822: use of closed network connection
2021/02/06 16:25:36 [debug  ] rpcCloseAgent
2021/02/06 16:26:32 [debug  ] rpcNewAgent
2021/02/06 16:28:31 [debug  ] Info, UpdateRank
2021/02/06 16:28:31 [debug  ] Info, sort guild ,GuildRankTime:%!(EXTRA int64=12937131140000, string= rank num:, int32=21)
2021/02/06 16:29:32 [debug  ] Close agent cause heartbeat timeout
2021/02/06 16:29:32 [debug  ] gate read message: read tcp [::1]:17183->[::1]:64069: use of closed network connection
2021/02/06 16:29:32 [debug  ] rpcCloseAgent
2021/02/06 16:33:31 [debug  ] Info, UpdateRank
2021/02/06 16:33:31 [debug  ] Info, sort guild ,GuildRankTime:%!(EXTRA int64=12937161140000, string= rank num:, int32=21)
2021/02/06 16:38:31 [debug  ] Info, UpdateRank
2021/02/06 16:38:31 [debug  ] Info, sort guild ,GuildRankTime:%!(EXTRA int64=12937191140000, string= rank num:, int32=21)
2021/02/06 16:43:31 [debug  ] Info, UpdateRank
2021/02/06 16:43:31 [debug  ] Info, sort guild ,GuildRankTime:%!(EXTRA int64=12937221140000, string= rank num:, int32=21)
2021/02/06 16:48:31 [debug  ] Info, UpdateRank
2021/02/06 16:48:31 [debug  ] Info, sort guild ,GuildRankTime:%!(EXTRA int64=12937251140000, string= rank num:, int32=21)
2021/02/06 16:53:31 [debug  ] Info, UpdateRank
2021/02/06 16:53:31 [debug  ] Info, sort guild ,GuildRankTime:%!(EXTRA int64=12937281140000, string= rank num:, int32=21)
2021/02/06 16:58:31 [debug  ] Info, sort guild ,GuildRankTime:%!(EXTRA int64=12937311150000, string= rank num:, int32=21)
2021/02/06 16:58:31 [debug  ] Info, UpdateRank
2021/02/06 17:03:31 [debug  ] Info, UpdateRank
2021/02/06 17:03:31 [debug  ] Info, sort guild ,GuildRankTime:%!(EXTRA int64=12937341150000, string= rank num:, int32=21)
2021/02/06 17:08:31 [debug  ] Info, UpdateRank
2021/02/06 17:08:31 [debug  ] Info, sort guild ,GuildRankTime:%!(EXTRA int64=12937371150000, string= rank num:, int32=21)
2021/02/06 17:13:31 [debug  ] Info, UpdateRank
2021/02/06 17:13:31 [debug  ] Info, sort guild ,GuildRankTime:%!(EXTRA int64=12937401150000, string= rank num:, int32=21)
2021/02/06 17:18:31 [debug  ] Info, UpdateRank
2021/02/06 17:18:31 [debug  ] Info, sort guild ,GuildRankTime:%!(EXTRA int64=12937431150000, string= rank num:, int32=21)
2021/02/06 17:22:28 [debug  ] rpcNewAgent
2021/02/06 17:23:31 [debug  ] Info, UpdateRank
2021/02/06 17:23:31 [debug  ] Info, sort guild ,GuildRankTime:%!(EXTRA int64=12937461150000, string= rank num:, int32=21)
2021/02/06 17:25:30 [debug  ] Close agent cause heartbeat timeout
2021/02/06 17:25:30 [debug  ] gate read message: read tcp [::1]:17183->[::1]:51067: use of closed network connection
2021/02/06 17:25:30 [debug  ] rpcCloseAgent
2021/02/06 17:28:31 [debug  ] Info, UpdateRank
2021/02/06 17:28:31 [debug  ] Info, sort guild ,GuildRankTime:%!(EXTRA int64=12937491150000, string= rank num:, int32=21)
2021/02/06 17:33:31 [debug  ] Info, sort guild ,GuildRankTime:%!(EXTRA int64=12937521150000, string= rank num:, int32=21)
2021/02/06 17:33:31 [debug  ] Info, UpdateRank
2021/02/06 17:38:31 [debug  ] Info, UpdateRank
2021/02/06 17:38:31 [debug  ] Info, sort guild ,GuildRankTime:%!(EXTRA int64=12937551150000, string= rank num:, int32=21)
2021/02/06 17:43:31 [debug  ] Info, UpdateRank
2021/02/06 17:43:31 [debug  ] Info, sort guild ,GuildRankTime:%!(EXTRA int64=12937581150000, string= rank num:, int32=21)
2021/02/06 17:48:31 [debug  ] Info, UpdateRank
2021/02/06 17:48:31 [debug  ] Info, sort guild ,GuildRankTime:%!(EXTRA int64=12937611150000, string= rank num:, int32=21)
2021/02/06 17:53:31 [debug  ] Info, UpdateRank
2021/02/06 17:53:31 [debug  ] Info, sort guild ,GuildRankTime:%!(EXTRA int64=12937641150000, string= rank num:, int32=21)
2021/02/06 17:58:31 [debug  ] Info, UpdateRank
2021/02/06 17:58:31 [debug  ] Info, sort guild ,GuildRankTime:%!(EXTRA int64=12937671150000, string= rank num:, int32=21)
2021/02/06 18:03:31 [debug  ] Info, sort guild ,GuildRankTime:%!(EXTRA int64=12937701150000, string= rank num:, int32=21)
2021/02/06 18:03:31 [debug  ] Info, UpdateRank
2021/02/06 18:08:31 [debug  ] Info, UpdateRank
2021/02/06 18:08:31 [debug  ] Info, sort guild ,GuildRankTime:%!(EXTRA int64=12937731150000, string= rank num:, int32=21)
2021/02/06 18:13:31 [debug  ] Info, UpdateRank
2021/02/06 18:13:31 [debug  ] Info, sort guild ,GuildRankTime:%!(EXTRA int64=12937761150000, string= rank num:, int32=21)
2021/02/06 18:18:31 [debug  ] Info, UpdateRank
2021/02/06 18:18:31 [debug  ] Info, sort guild ,GuildRankTime:%!(EXTRA int64=12937791150000, string= rank num:, int32=21)
2021/02/06 18:21:58 [debug  ] rpcNewAgent
2021/02/06 18:21:58 [debug  ] gate Run data: [38 0 8 1 16 2 24 1 34 0]
2021/02/06 18:21:58 [debug  ] gate Run data: [39 1 10 8 100 102 97 115 102 97 115 102 18 5 101 97 102 97 115 26 7 97 115 100 102 115 97 102]
2021/02/06 18:21:58 [debug  ] server_main/game/internal.handleDeviceLoginNewR
2021/02/06 18:21:58 [debug  ] player 12908986780000 login
2021/02/06 18:21:58 [debug  ] gate Run data: [52 0 8 1 18 0 26 0 34 0 42 0 50 0 58 0 66 0 72 1]
2021/02/06 18:21:58 [debug  ] handlePlayerLoginR msg size: 19
2021/02/06 18:22:00 [debug  ] gate Run data: [39 1 10 8 100 102 97 115 102 97 115 102 18 5 101 97 102 97 115 26 7 97 115 100 102 115 97 102]
2021/02/06 18:22:00 [debug  ] server_main/game/internal.handleDeviceLoginNewR
2021/02/06 18:22:00 [error  ] repeat login
2021/02/06 18:22:00 [debug  ] gate Run data: [52 0 8 1 18 0 26 0 34 0 42 0 50 0 58 0 66 0 72 1]
2021/02/06 18:22:00 [debug  ] handlePlayerLoginR msg size: 19
2021/02/06 18:22:00 [debug  ] gate Run data: [54 0]
2021/02/06 18:22:00 [debug  ] gate Run data: [56 0]
2021/02/06 18:22:10 [debug  ] gate Run data: [33 0]
2021/02/06 18:22:20 [debug  ] gate Run data: [33 0]
2021/02/06 18:22:30 [debug  ] gate Run data: [33 0]
2021/02/06 18:22:40 [debug  ] gate Run data: [33 0]
2021/02/06 18:22:50 [debug  ] gate Run data: [33 0]
2021/02/06 18:23:00 [debug  ] gate Run data: [33 0]
2021/02/06 18:23:10 [debug  ] gate Run data: [33 0]
2021/02/06 18:23:20 [debug  ] gate Run data: [33 0]
2021/02/06 18:23:30 [debug  ] gate Run data: [33 0]
2021/02/06 18:23:31 [debug  ] Info, UpdateRank
2021/02/06 18:23:31 [debug  ] Info, sort guild ,GuildRankTime:%!(EXTRA int64=12937821150000, string= rank num:, int32=21)
2021/02/06 18:23:40 [debug  ] gate Run data: [33 0]
2021/02/06 18:23:50 [debug  ] gate Run data: [33 0]
2021/02/06 18:24:00 [debug  ] gate Run data: [33 0]
2021/02/06 18:24:10 [debug  ] gate Run data: [33 0]
2021/02/06 18:24:20 [debug  ] gate Run data: [33 0]
2021/02/06 18:24:30 [debug  ] gate Run data: [33 0]
2021/02/06 18:24:40 [debug  ] gate Run data: [33 0]
2021/02/06 18:24:50 [debug  ] gate Run data: [33 0]
2021/02/06 18:25:00 [debug  ] gate Run data: [33 0]
2021/02/06 18:25:10 [debug  ] gate Run data: [33 0]
2021/02/06 18:25:20 [debug  ] gate Run data: [33 0]
2021/02/06 18:25:30 [debug  ] gate Run data: [33 0]
2021/02/06 18:25:40 [debug  ] gate Run data: [33 0]
2021/02/06 18:25:49 [debug  ] gate read message: websocket: close 1001 (going away)
2021/02/06 18:25:49 [debug  ] rpcCloseAgent
2021/02/06 18:25:49 [debug  ] player 12908986780000 disconnect
2021/02/06 18:25:49 [release] on player 12908986780000 logout
2021/02/06 18:25:52 [debug  ] rpcNewAgent
2021/02/06 18:25:52 [debug  ] gate Run data: [38 0 8 1 16 2 24 1 34 0]
2021/02/06 18:25:52 [debug  ] gate Run data: [39 1 10 8 100 102 97 115 102 97 115 102 18 5 101 97 102 97 115 26 7 97 115 100 102 115 97 102]
2021/02/06 18:25:52 [debug  ] server_main/game/internal.handleDeviceLoginNewR
2021/02/06 18:25:52 [debug  ] player 12908986780000 login
2021/02/06 18:25:52 [debug  ] gate Run data: [52 0 8 1 18 0 26 0 34 0 42 0 50 0 58 0 66 0 72 1]
2021/02/06 18:25:52 [debug  ] handlePlayerLoginR msg size: 19
2021/02/06 18:26:02 [debug  ] gate Run data: [33 0]
2021/02/06 18:26:12 [debug  ] gate Run data: [33 0]
2021/02/06 18:26:22 [debug  ] gate Run data: [33 0]
2021/02/06 18:26:32 [debug  ] gate Run data: [33 0]
2021/02/06 18:26:42 [debug  ] gate Run data: [33 0]
2021/02/06 18:26:52 [debug  ] gate Run data: [33 0]
2021/02/06 18:27:02 [debug  ] gate Run data: [33 0]
2021/02/06 18:27:07 [debug  ] gate read message: websocket: close 1001 (going away)
2021/02/06 18:27:07 [debug  ] rpcCloseAgent
2021/02/06 18:27:07 [debug  ] player 12908986780000 disconnect
2021/02/06 18:27:07 [release] on player 12908986780000 logout
2021/02/06 18:27:15 [debug  ] rpcNewAgent
2021/02/06 18:27:15 [debug  ] gate Run data: [38 0 8 1 16 2 24 1 34 0]
2021/02/06 18:27:15 [debug  ] gate Run data: [39 1 10 8 100 102 97 115 102 97 115 102 18 5 101 97 102 97 115 26 7 97 115 100 102 115 97 102]
2021/02/06 18:27:15 [debug  ] server_main/game/internal.handleDeviceLoginNewR
2021/02/06 18:27:15 [debug  ] player 12908986780000 login
2021/02/06 18:27:15 [debug  ] gate Run data: [52 0 8 1 18 0 26 0 34 0 42 0 50 0 58 0 66 0 72 1]
2021/02/06 18:27:15 [debug  ] handlePlayerLoginR msg size: 19
2021/02/06 18:27:25 [debug  ] gate Run data: [33 0]
2021/02/06 18:27:35 [debug  ] gate Run data: [33 0]
2021/02/06 18:27:45 [debug  ] gate Run data: [33 0]
2021/02/06 18:27:55 [debug  ] gate Run data: [33 0]
2021/02/06 18:28:05 [debug  ] gate Run data: [33 0]
2021/02/06 18:28:15 [debug  ] gate Run data: [33 0]
2021/02/06 18:28:25 [debug  ] gate Run data: [33 0]
2021/02/06 18:28:31 [debug  ] Info, sort guild ,GuildRankTime:%!(EXTRA int64=12937851150000, string= rank num:, int32=21)
2021/02/06 18:28:31 [debug  ] Info, UpdateRank
2021/02/06 18:28:35 [debug  ] gate Run data: [33 0]
2021/02/06 18:28:45 [debug  ] gate Run data: [33 0]
2021/02/06 18:28:55 [debug  ] gate Run data: [33 0]
2021/02/06 18:29:05 [debug  ] gate Run data: [33 0]
2021/02/06 18:29:08 [debug  ] rpcNewAgent
2021/02/06 18:29:08 [debug  ] gate Run data: [38 0 8 1 16 2 24 1 34 0]
2021/02/06 18:29:08 [debug  ] gate Run data: [39 1 10 8 100 102 97 115 102 97 115 102 18 5 101 97 102 97 115 26 7 97 115 100 102 115 97 102]
2021/02/06 18:29:08 [debug  ] server_main/game/internal.handleDeviceLoginNewR
2021/02/06 18:29:08 [release] player 12908986780000 login repeat
2021/02/06 18:29:08 [release] on player 12908986780000 logout
2021/02/06 18:29:08 [debug  ] gate read message: read tcp 192.168.15.132:17183->192.168.15.132:55140: use of closed network connection
2021/02/06 18:29:08 [debug  ] player 12908986780000 login
2021/02/06 18:29:08 [debug  ] rpcCloseAgent
2021/02/06 18:29:18 [debug  ] gate Run data: [33 0]
2021/02/06 18:29:28 [debug  ] gate Run data: [33 0]
2021/02/06 18:29:38 [debug  ] gate read message: websocket: close 1001 (going away)
2021/02/06 18:29:38 [debug  ] rpcCloseAgent
2021/02/06 18:29:38 [debug  ] player 12908986780000 disconnect
2021/02/06 18:29:38 [release] on player 12908986780000 logout
2021/02/06 18:29:42 [debug  ] rpcNewAgent
2021/02/06 18:29:42 [debug  ] gate Run data: [33 0 8 1]
2021/02/06 18:29:44 [debug  ] gate read message: websocket: close 1001 (going away)
2021/02/06 18:29:44 [debug  ] rpcCloseAgent
2021/02/06 18:29:57 [debug  ] rpcNewAgent
2021/02/06 18:29:57 [debug  ] gate Run data: [38 0 8 1 16 2 24 1 34 0]
2021/02/06 18:29:57 [debug  ] gate Run data: [39 1 10 8 100 102 97 115 102 97 115 102 18 5 101 97 102 97 115 26 7 97 115 100 102 115 97 102]
2021/02/06 18:29:57 [debug  ] server_main/game/internal.handleDeviceLoginNewR
2021/02/06 18:29:57 [debug  ] player 12908986780000 login
2021/02/06 18:29:57 [debug  ] gate Run data: [52 0 8 1 18 0 26 0 34 0 42 0 50 0 58 0 66 0 72 1]
2021/02/06 18:29:57 [debug  ] handlePlayerLoginR msg size: 19
2021/02/06 18:30:07 [debug  ] gate Run data: [33 0]
2021/02/06 18:30:17 [debug  ] gate Run data: [33 0]
2021/02/06 18:30:27 [debug  ] gate Run data: [33 0]
2021/02/06 18:30:37 [debug  ] gate Run data: [33 0]
2021/02/06 18:30:47 [debug  ] gate Run data: [33 0]
2021/02/06 18:30:57 [debug  ] gate Run data: [33 0]
2021/02/06 18:31:04 [debug  ] gate read message: websocket: close 1001 (going away)
2021/02/06 18:31:04 [debug  ] rpcCloseAgent
2021/02/06 18:31:04 [debug  ] player 12908986780000 disconnect
2021/02/06 18:31:04 [release] on player 12908986780000 logout
2021/02/06 18:31:04 [debug  ] rpcNewAgent
2021/02/06 18:31:04 [debug  ] gate Run data: [38 0 8 1 16 2 24 1 34 0]
2021/02/06 18:31:04 [debug  ] gate Run data: [39 1 10 8 100 102 97 115 102 97 115 102 18 5 101 97 102 97 115 26 7 97 115 100 102 115 97 102]
2021/02/06 18:31:04 [debug  ] server_main/game/internal.handleDeviceLoginNewR
2021/02/06 18:31:04 [debug  ] player 12908986780000 login
2021/02/06 18:31:04 [debug  ] gate Run data: [52 0 8 1 18 0 26 0 34 0 42 0 50 0 58 0 66 0 72 1]
2021/02/06 18:31:04 [debug  ] handlePlayerLoginR msg size: 19
2021/02/06 18:31:14 [debug  ] gate Run data: [33 0]
2021/02/06 18:31:24 [debug  ] gate Run data: [33 0]
2021/02/06 18:31:34 [debug  ] gate Run data: [33 0]
2021/02/06 18:31:44 [debug  ] gate Run data: [33 0]
2021/02/06 18:31:54 [debug  ] gate Run data: [33 0]
2021/02/06 18:32:04 [debug  ] gate Run data: [33 0]
2021/02/06 18:32:14 [debug  ] gate Run data: [33 0]
2021/02/06 18:32:24 [debug  ] gate Run data: [33 0]
2021/02/06 18:32:34 [debug  ] gate Run data: [33 0]
2021/02/06 18:32:44 [debug  ] gate Run data: [33 0]
2021/02/06 18:32:54 [debug  ] gate Run data: [33 0]
2021/02/06 18:33:04 [debug  ] gate Run data: [33 0]
2021/02/06 18:33:14 [debug  ] gate Run data: [33 0]
2021/02/06 18:33:24 [debug  ] gate Run data: [33 0]
2021/02/06 18:33:31 [debug  ] Info, sort guild ,GuildRankTime:%!(EXTRA int64=12937881150000, string= rank num:, int32=21)
2021/02/06 18:33:31 [debug  ] Info, UpdateRank
2021/02/06 18:33:34 [debug  ] gate Run data: [33 0]
2021/02/06 18:33:44 [debug  ] gate Run data: [33 0]
2021/02/06 18:33:54 [debug  ] gate Run data: [33 0]
2021/02/06 18:34:04 [debug  ] gate Run data: [33 0]
2021/02/06 18:34:14 [debug  ] gate Run data: [33 0]
2021/02/06 18:34:24 [debug  ] gate Run data: [33 0]
2021/02/06 18:34:34 [debug  ] gate Run data: [33 0]
2021/02/06 18:34:44 [debug  ] gate Run data: [33 0]
2021/02/06 18:34:54 [debug  ] gate Run data: [33 0]
2021/02/06 18:35:04 [debug  ] gate Run data: [33 0]
2021/02/06 18:35:14 [debug  ] gate Run data: [33 0]
2021/02/06 18:35:24 [debug  ] gate Run data: [33 0]
2021/02/06 18:35:34 [debug  ] gate Run data: [33 0]
2021/02/06 18:35:44 [debug  ] gate Run data: [33 0]
2021/02/06 18:35:50 [debug  ] rpcNewAgent
2021/02/06 18:35:50 [debug  ] gate Run data: [38 0 8 1 16 2 24 1 34 0]
2021/02/06 18:35:50 [debug  ] gate Run data: [39 1 10 8 100 102 97 115 102 97 115 102 18 5 101 97 102 97 115 26 7 97 115 100 102 115 97 102]
2021/02/06 18:35:50 [debug  ] server_main/game/internal.handleDeviceLoginNewR
2021/02/06 18:35:50 [release] player 12908986780000 login repeat
2021/02/06 18:35:50 [release] on player 12908986780000 logout
2021/02/06 18:35:50 [debug  ] gate read message: read tcp 192.168.15.132:17183->192.168.15.132:55413: use of closed network connection
2021/02/06 18:35:50 [debug  ] player 12908986780000 login
2021/02/06 18:35:50 [debug  ] rpcCloseAgent
2021/02/06 18:35:50 [debug  ] gate Run data: [52 0 8 1 18 0 26 0 34 0 42 0 50 0 58 0 66 0 72 1]
2021/02/06 18:35:50 [debug  ] handlePlayerLoginR msg size: 19
2021/02/06 18:35:51 [debug  ] gate Run data: [39 1 10 8 100 102 97 115 102 97 115 102 18 5 101 97 102 97 115 26 7 97 115 100 102 115 97 102]
2021/02/06 18:35:51 [debug  ] server_main/game/internal.handleDeviceLoginNewR
2021/02/06 18:35:51 [error  ] repeat login
2021/02/06 18:35:51 [debug  ] gate Run data: [52 0 8 1 18 0 26 0 34 0 42 0 50 0 58 0 66 0 72 1]
2021/02/06 18:35:51 [debug  ] handlePlayerLoginR msg size: 19
2021/02/06 18:35:51 [debug  ] gate Run data: [54 0]
2021/02/06 18:35:51 [debug  ] gate Run data: [56 0]
2021/02/06 18:36:01 [debug  ] gate Run data: [33 0]
2021/02/06 18:36:11 [debug  ] gate Run data: [33 0]
2021/02/06 18:36:21 [debug  ] gate Run data: [33 0]
2021/02/06 18:36:32 [debug  ] gate Run data: [33 0]
2021/02/06 18:36:42 [debug  ] gate Run data: [33 0]
2021/02/06 18:36:48 [debug  ] rpcNewAgent
2021/02/06 18:36:48 [debug  ] gate Run data: [38 0 8 1 16 2 24 1 34 0]
2021/02/06 18:36:48 [debug  ] gate Run data: [39 1 10 8 100 102 97 115 102 97 115 102 18 5 101 97 102 97 115 26 7 97 115 100 102 115 97 102]
2021/02/06 18:36:48 [debug  ] server_main/game/internal.handleDeviceLoginNewR
2021/02/06 18:36:48 [release] player 12908986780000 login repeat
2021/02/06 18:36:48 [release] on player 12908986780000 logout
2021/02/06 18:36:48 [debug  ] player 12908986780000 login
2021/02/06 18:36:48 [debug  ] gate read message: read tcp 192.168.15.132:17183->192.168.15.132:55729: use of closed network connection
2021/02/06 18:36:48 [debug  ] gate Run data: [52 0 8 1 18 0 26 0 34 0 42 0 50 0 58 0 66 0 72 1]
2021/02/06 18:36:48 [debug  ] rpcCloseAgent
2021/02/06 18:36:48 [debug  ] handlePlayerLoginR msg size: 19
2021/02/06 18:36:58 [debug  ] gate Run data: [33 0]
2021/02/06 18:37:00 [debug  ] gate read message: websocket: close 1001 (going away)
2021/02/06 18:37:00 [debug  ] rpcCloseAgent
2021/02/06 18:37:00 [debug  ] player 12908986780000 disconnect
2021/02/06 18:37:00 [release] on player 12908986780000 logout
2021/02/06 18:37:07 [debug  ] rpcNewAgent
2021/02/06 18:37:07 [debug  ] gate Run data: [38 0 8 1 16 2 24 1 34 0]
2021/02/06 18:37:07 [debug  ] gate Run data: [39 1 10 8 100 102 97 115 102 97 115 102 18 5 101 97 102 97 115 26 7 97 115 100 102 115 97 102]
2021/02/06 18:37:07 [debug  ] server_main/game/internal.handleDeviceLoginNewR
2021/02/06 18:37:07 [debug  ] player 12908986780000 login
2021/02/06 18:37:07 [debug  ] gate Run data: [52 0 8 1 18 0 26 0 34 0 42 0 50 0 58 0 66 0 72 1]
2021/02/06 18:37:07 [debug  ] handlePlayerLoginR msg size: 19
2021/02/06 18:37:11 [debug  ] gate Run data: [39 1 10 8 100 102 97 115 102 97 115 102 18 5 101 97 102 97 115 26 7 97 115 100 102 115 97 102]
2021/02/06 18:37:11 [debug  ] server_main/game/internal.handleDeviceLoginNewR
2021/02/06 18:37:11 [error  ] repeat login
2021/02/06 18:37:11 [debug  ] gate Run data: [52 0 8 1 18 0 26 0 34 0 42 0 50 0 58 0 66 0 72 1]
2021/02/06 18:37:11 [debug  ] handlePlayerLoginR msg size: 19
2021/02/06 18:37:11 [debug  ] gate Run data: [54 0]
2021/02/06 18:37:11 [debug  ] gate Run data: [56 0]
2021/02/06 18:37:21 [debug  ] gate Run data: [33 0]
2021/02/06 18:37:31 [debug  ] gate Run data: [33 0]
2021/02/06 18:37:41 [debug  ] gate Run data: [33 0]
2021/02/06 18:37:51 [debug  ] gate Run data: [33 0]
2021/02/06 18:38:00 [debug  ] gate read message: websocket: close 1001 (going away)
2021/02/06 18:38:00 [debug  ] rpcCloseAgent
2021/02/06 18:38:00 [debug  ] player 12908986780000 disconnect
2021/02/06 18:38:00 [release] on player 12908986780000 logout
2021/02/06 18:38:31 [debug  ] Info, sort guild ,GuildRankTime:%!(EXTRA int64=12937911150000, string= rank num:, int32=21)
2021/02/06 18:38:31 [debug  ] Info, UpdateRank
2021/02/06 18:38:56 [debug  ] rpcNewAgent
2021/02/06 18:41:57 [debug  ] Close agent cause heartbeat timeout
2021/02/06 18:41:57 [debug  ] gate read message: read tcp [::1]:17183->[::1]:55957: use of closed network connection
2021/02/06 18:41:57 [debug  ] rpcCloseAgent
2021/02/06 18:42:53 [debug  ] rpcNewAgent
2021/02/06 18:43:31 [debug  ] Info, sort guild ,GuildRankTime:%!(EXTRA int64=12937941150000, string= rank num:, int32=21)
2021/02/06 18:43:31 [debug  ] Info, UpdateRank
2021/02/06 18:45:53 [debug  ] Close agent cause heartbeat timeout
2021/02/06 18:45:53 [debug  ] gate read message: read tcp [::1]:17183->[::1]:56209: use of closed network connection
2021/02/06 18:45:53 [debug  ] rpcCloseAgent
2021/02/06 18:48:31 [debug  ] Info, UpdateRank
2021/02/06 18:48:31 [debug  ] Info, sort guild ,GuildRankTime:%!(EXTRA int64=12937971150000, string= rank num:, int32=21)
2021/02/06 18:53:31 [debug  ] Info, UpdateRank
2021/02/06 18:53:31 [debug  ] Info, sort guild ,GuildRankTime:%!(EXTRA int64=12938001150000, string= rank num:, int32=21)
2021/02/06 18:58:31 [debug  ] Info, UpdateRank
2021/02/06 18:58:31 [debug  ] Info, sort guild ,GuildRankTime:%!(EXTRA int64=12938031160000, string= rank num:, int32=21)
2021/02/06 19:03:31 [debug  ] Info, UpdateRank
2021/02/06 19:03:31 [debug  ] Info, sort guild ,GuildRankTime:%!(EXTRA int64=12938061160000, string= rank num:, int32=21)
2021/02/06 19:08:31 [debug  ] Info, sort guild ,GuildRankTime:%!(EXTRA int64=12938091160000, string= rank num:, int32=21)
2021/02/06 19:08:31 [debug  ] Info, UpdateRank
2021/02/06 19:13:31 [debug  ] Info, sort guild ,GuildRankTime:%!(EXTRA int64=12938121160000, string= rank num:, int32=21)
2021/02/06 19:13:31 [debug  ] Info, UpdateRank
2021/02/06 19:18:31 [debug  ] Info, UpdateRank
2021/02/06 19:18:31 [debug  ] Info, sort guild ,GuildRankTime:%!(EXTRA int64=12938151160000, string= rank num:, int32=21)
2021/02/06 19:23:31 [debug  ] Info, sort guild ,GuildRankTime:%!(EXTRA int64=12938181160000, string= rank num:, int32=21)
2021/02/06 19:23:31 [debug  ] Info, UpdateRank
2021/02/06 19:25:17 [debug  ] rpcNewAgent
2021/02/06 19:25:17 [debug  ] gate Run data: [38 0 8 1 16 2 24 1 34 0]
2021/02/06 19:25:17 [debug  ] gate Run data: [39 1 10 8 100 102 97 115 102 97 115 102 18 5 101 97 102 97 115 26 7 97 115 100 102 115 97 102]
2021/02/06 19:25:17 [debug  ] server_main/game/internal.handleDeviceLoginNewR
2021/02/06 19:25:17 [debug  ] player 12908986780000 login
2021/02/06 19:25:17 [debug  ] gate Run data: [52 0 8 1 18 0 26 0 34 0 42 0 50 0 58 0 66 0 72 1]
2021/02/06 19:25:17 [debug  ] handlePlayerLoginR msg size: 19
2021/02/06 19:25:18 [debug  ] gate Run data: [39 1 10 8 100 102 97 115 102 97 115 102 18 5 101 97 102 97 115 26 7 97 115 100 102 115 97 102]
2021/02/06 19:25:18 [debug  ] server_main/game/internal.handleDeviceLoginNewR
2021/02/06 19:25:18 [error  ] repeat login
2021/02/06 19:25:18 [debug  ] gate Run data: [52 0 8 1 18 0 26 0 34 0 42 0 50 0 58 0 66 0 72 1]
2021/02/06 19:25:18 [debug  ] handlePlayerLoginR msg size: 19
2021/02/06 19:25:18 [debug  ] gate Run data: [54 0]
2021/02/06 19:25:18 [debug  ] gate Run data: [56 0]
2021/02/06 19:25:28 [debug  ] gate Run data: [33 0]
2021/02/06 19:25:38 [debug  ] gate Run data: [33 0]
2021/02/06 19:25:48 [debug  ] gate Run data: [33 0]
2021/02/06 19:25:58 [debug  ] gate Run data: [33 0]
2021/02/06 19:26:09 [debug  ] gate Run data: [33 0]
2021/02/06 19:26:20 [release] Leaf 1.1.2 starting up
2021/02/06 19:26:20 [release] db OnInit
2021/02/06 19:26:20 [release] game OnInit
2021/02/06 19:26:20 [debug  ] Lua load conf/xshare.lua finished
2021/02/06 19:26:20 [debug  ] KLuaCMD5: e9d83e7646e443aff2f8f69b311cf7b4
2021/02/06 19:26:20 [debug  ] KChannelString bk
2021/02/06 19:26:20 [error  ] Lua GetIntArray err: KHeroReturnBackConsumeVrmb
2021/02/06 19:26:20 [error  ] Lua GetIntMap err: KArtifactFragmentNumReq
2021/02/06 19:26:20 [error  ] Lua GetIntMap err: KArtifactQualityUpMoneyReq
2021/02/06 19:26:20 [debug  ] KIFixMD5: 
2021/02/06 19:26:20 [debug  ] KRUZMD5: 
2021/02/06 19:26:20 [debug  ] Heartbeat timeout is 180
2021/02/06 19:26:20 [debug  ] game init handler
2021/02/06 19:26:20 [debug  ] 5 star total weight: 211
2021/02/06 19:26:20 [debug  ] 1 star total weight: 6
2021/02/06 19:26:20 [debug  ] 2 star total weight: 6
2021/02/06 19:26:20 [debug  ] 3 star total weight: 66
2021/02/06 19:26:20 [debug  ] 4 star total weight: 66
2021/02/06 19:26:20 [debug  ] ActivityMgr LoadAllActivity
2021/02/06 19:26:20 [debug  ] >>>>Start Loading DeviceUsers
2021/02/06 19:26:20 [debug  ] Start Load DeviceUsers
2021/02/06 19:26:20 [debug  ] End Load All DeviceUsers (Loaded:2728)
2021/02/06 19:26:20 [debug  ] >>>>Finish Loading DeviceUsers
2021/02/06 19:26:20 [debug  ] >>>>Start Loading Accounts
2021/02/06 19:26:20 [debug  ] Start Load Accounts
2021/02/06 19:26:20 [debug  ] End Load All Accounts (Loaded:2798)
2021/02/06 19:26:20 [debug  ] >>>>Finish Loading Accounts
2021/02/06 19:26:20 [debug  ] >>>>Start Loading InitPlayers
2021/02/06 19:26:20 [debug  ] Start Preload Players
2021/02/06 19:26:22 [debug  ] End Preload Player UseTime:2s
2021/02/06 19:26:22 [debug  ] Start Load All Players 2117
2021/02/06 19:26:25 [debug  ] 1000 Players Loaded UseTime:3s
2021/02/06 19:26:30 [debug  ] 2000 Players Loaded UseTime:8s
2021/02/06 19:26:31 [debug  ] End Load All Player (Loaded:2117) UseTime:9s
2021/02/06 19:26:31 [debug  ] >>>>Finish Loading InitPlayers
2021/02/06 19:26:31 [debug  ] >>>>Start Loading BanPlayers
2021/02/06 19:26:31 [debug  ] >>>>Finish Loading BanPlayers
2021/02/06 19:26:31 [debug  ] >>>>Start Loading LoadOrderNear
2021/02/06 19:26:31 [debug  ] Start Load Orders
2021/02/06 19:26:31 [debug  ] End Preload Order UseTime:0s
2021/02/06 19:26:31 [debug  ] >>>>Finish Loading LoadOrderNear
2021/02/06 19:26:31 [debug  ] >>>>Start Loading LoadAllGlobalMail
2021/02/06 19:26:31 [debug  ] >>>>Finish Loading LoadAllGlobalMail
2021/02/06 19:26:31 [debug  ] >>>>Start Loading LoadAllGiftCode
2021/02/06 19:26:31 [debug  ] >>>>Finish Loading LoadAllGiftCode
2021/02/06 19:26:31 [debug  ] >>>>Start Check PlayerData
2021/02/06 19:26:31 [debug  ] 1000 Players Data Checked:0s
2021/02/06 19:26:31 [debug  ] 2000 Players Data Checked:0s
2021/02/06 19:26:31 [debug  ] >>>>Finish Check PlayerData
2021/02/06 19:26:31 [debug  ] >>>>Start Init Rank Data
2021/02/06 19:26:31 [debug  ] >>>>Finish Init Rank Data
2021/02/06 19:26:31 [debug  ] LoadGuildAll: begin
2021/02/06 19:26:32 [debug  ] LoadGuildAll: end. num=21
2021/02/06 19:26:32 [debug  ] LoadGuildNotice: begin
2021/02/06 19:26:32 [debug  ] LoadGuildNotice: end. num=34
2021/02/06 19:26:32 [debug  ] Info, sort guild ,GuildRankTime:%!(EXTRA int64=12938199290000, string= rank num:, int32=21)
2021/02/06 19:26:32 [release] BokePayControllerOnInit
2021/02/06 19:26:32 [debug  ] ActivityMgr.InitRank: begin
2021/02/06 19:26:32 [debug  ] ActivityMgr.InitRank: end
2021/02/06 19:26:32 [debug  ] Next Daily Update Time: 2021-02-07 00:00:00 +0800 CST
2021/02/06 19:26:32 [debug  ] Next Weekly Update Time: 2021-02-08 00:00:00 +0800 CST
2021/02/06 19:26:32 [debug  ] Next Monthly Update Time: 2021-03-01 00:00:00 +0800 CST
2021/02/06 19:26:32 [release] gate OnInit
2021/02/06 19:26:32 [release] login OnInit
2021/02/06 19:26:32 [release] Create WSServer :17183
2021/02/06 19:26:32 [release] Create TCPServer :17173
2021/02/06 19:26:33 [debug  ] rpcNewAgent
2021/02/06 19:26:33 [debug  ] gate Run data: [33 0 8 1]
2021/02/06 19:26:33 [debug  ] gate Run data: [33 0 8 1]
2021/02/06 19:26:33 [debug  ] gate Run data: [33 0 8 1]
2021/02/06 19:26:33 [debug  ] gate Run data: [33 0 8 1]
2021/02/06 19:26:36 [debug  ] gate read message: websocket: close 1001 (going away)
2021/02/06 19:26:37 [debug  ] rpcCloseAgent
2021/02/06 19:26:40 [debug  ] rpcNewAgent
2021/02/06 19:26:40 [debug  ] gate Run data: [38 0 8 1 16 2 24 1 34 0]
2021/02/06 19:26:40 [debug  ] gate Run data: [39 1 10 8 100 102 97 115 102 97 115 102 18 5 101 97 102 97 115 26 7 97 115 100 102 115 97 102]
2021/02/06 19:26:40 [debug  ] server_main/game/internal.handleDeviceLoginNewR
2021/02/06 19:26:40 [debug  ] player 12908986780000 login
2021/02/06 19:26:40 [debug  ] gate Run data: [52 0 8 1 18 0 26 0 34 0 42 0 50 0 58 0 66 0 72 1]
2021/02/06 19:26:40 [debug  ] handlePlayerLoginR msg size: 19
2021/02/06 19:26:50 [debug  ] gate Run data: [33 0]
2021/02/06 19:27:00 [debug  ] gate Run data: [33 0]
2021/02/06 19:27:10 [debug  ] gate Run data: [33 0]
2021/02/06 19:27:20 [debug  ] gate Run data: [33 0]
2021/02/06 19:27:30 [debug  ] gate Run data: [33 0]
2021/02/06 19:27:40 [debug  ] gate Run data: [33 0]
2021/02/06 19:27:50 [debug  ] gate Run data: [33 0]
2021/02/06 19:27:52 [debug  ] rpcNewAgent
2021/02/06 19:27:52 [debug  ] gate read message: websocket: close 1001 (going away)
2021/02/06 19:27:52 [debug  ] rpcCloseAgent
2021/02/06 19:27:52 [debug  ] gate Run data: [38 0 8 1 16 2 24 1 34 0]
2021/02/06 19:27:52 [debug  ] player 12908986780000 disconnect
2021/02/06 19:27:52 [release] on player 12908986780000 logout
2021/02/06 19:27:52 [debug  ] gate Run data: [39 1 10 8 100 102 97 115 102 97 115 102 18 5 101 97 102 97 115 26 7 97 115 100 102 115 97 102]
2021/02/06 19:27:52 [debug  ] server_main/game/internal.handleDeviceLoginNewR
2021/02/06 19:27:52 [debug  ] player 12908986780000 login
2021/02/06 19:27:52 [debug  ] gate Run data: [52 0 8 1 18 0 26 0 34 0 42 0 50 0 58 0 66 0 72 1]
2021/02/06 19:27:52 [debug  ] handlePlayerLoginR msg size: 19
2021/02/06 19:27:53 [debug  ] gate read message: websocket: close 1001 (going away)
2021/02/06 19:27:53 [debug  ] rpcCloseAgent
2021/02/06 19:27:53 [debug  ] player 12908986780000 disconnect
2021/02/06 19:27:53 [release] on player 12908986780000 logout
2021/02/06 19:27:57 [debug  ] rpcNewAgent
2021/02/06 19:27:57 [debug  ] gate Run data: [38 0 8 1 16 2 24 1 34 0]
2021/02/06 19:27:57 [debug  ] gate Run data: [39 1 10 8 100 102 97 115 102 97 115 102 18 5 101 97 102 97 115 26 7 97 115 100 102 115 97 102]
2021/02/06 19:27:58 [debug  ] server_main/game/internal.handleDeviceLoginNewR
2021/02/06 19:27:58 [debug  ] player 12908986780000 login
2021/02/06 19:27:58 [debug  ] gate Run data: [52 0 8 1 18 0 26 0 34 0 42 0 50 0 58 0 66 0 72 1]
2021/02/06 19:27:58 [debug  ] handlePlayerLoginR msg size: 19
2021/02/06 19:28:08 [debug  ] gate Run data: [33 0]
2021/02/06 19:28:18 [debug  ] gate Run data: [33 0]
2021/02/06 19:28:28 [debug  ] gate Run data: [33 0]
2021/02/06 19:28:38 [debug  ] gate Run data: [33 0]
2021/02/06 19:28:48 [debug  ] gate Run data: [33 0]
2021/02/06 19:28:58 [debug  ] gate Run data: [33 0]
2021/02/06 19:29:08 [debug  ] gate Run data: [33 0]
2021/02/06 19:29:18 [debug  ] gate Run data: [33 0]
2021/02/06 19:29:26 [debug  ] gate read message: websocket: close 1001 (going away)
2021/02/06 19:29:26 [debug  ] rpcCloseAgent
2021/02/06 19:29:26 [debug  ] player 12908986780000 disconnect
2021/02/06 19:29:26 [release] on player 12908986780000 logout
2021/02/06 19:29:31 [debug  ] rpcNewAgent
2021/02/06 19:29:31 [debug  ] gate Run data: [38 0 8 1 16 2 24 1 34 0]
2021/02/06 19:29:31 [debug  ] gate Run data: [39 1 10 8 100 102 97 115 102 97 115 102 18 5 101 97 102 97 115 26 7 97 115 100 102 115 97 102]
2021/02/06 19:29:31 [debug  ] server_main/game/internal.handleDeviceLoginNewR
2021/02/06 19:29:31 [debug  ] player 12908986780000 login
2021/02/06 19:29:31 [debug  ] gate Run data: [52 0 8 224 146 201 220 217 247 2 18 0 26 0 34 0 42 0 50 0 58 0 66 0 72 1]
2021/02/06 19:29:31 [release] on player 12908986780000 login
2021/02/06 19:29:31 [debug  ] Player LastDailyUpdateAt: 2021-02-06 00:00:00 +0800 CST
2021/02/06 19:29:31 [debug  ] GetDayFromCreate: 4
2021/02/06 19:29:31 [debug  ] handlePlayerLoginR msg size: 10848
2021/02/06 19:29:41 [debug  ] gate Run data: [33 0]
2021/02/06 19:29:51 [debug  ] gate Run data: [33 0]
2021/02/06 19:30:01 [debug  ] gate Run data: [33 0]
2021/02/06 19:30:11 [debug  ] gate Run data: [33 0]
2021/02/06 19:30:18 [debug  ] rpcNewAgent
2021/02/06 19:30:18 [debug  ] gate Run data: [38 0 8 1 16 2 24 1 34 0]
2021/02/06 19:30:18 [debug  ] gate Run data: [39 1 10 8 100 102 97 115 102 97 115 102 18 5 101 97 102 97 115 26 7 97 115 100 102 115 97 102]
2021/02/06 19:30:18 [debug  ] server_main/game/internal.handleDeviceLoginNewR
2021/02/06 19:30:18 [release] player 12908986780000 login repeat
2021/02/06 19:30:18 [release] on player 12908986780000 logout
2021/02/06 19:30:18 [debug  ] gate read message: read tcp 192.168.15.132:17183->192.168.15.132:62557: use of closed network connection
2021/02/06 19:30:18 [debug  ] player 12908986780000 login
2021/02/06 19:30:18 [debug  ] rpcCloseAgent
2021/02/06 19:30:18 [debug  ] gate Run data: [52 0 8 224 146 201 220 217 247 2 18 0 26 0 34 0 42 0 50 0 58 0 66 0 72 1]
2021/02/06 19:30:18 [release] on player 12908986780000 login
2021/02/06 19:30:18 [debug  ] Player LastDailyUpdateAt: 2021-02-06 00:00:00 +0800 CST
2021/02/06 19:30:18 [debug  ] GetDayFromCreate: 4
2021/02/06 19:30:18 [debug  ] handlePlayerLoginR msg size: 10830
2021/02/06 19:30:21 [debug  ] gate Run data: [39 1 10 8 100 102 97 115 102 97 115 102 18 5 101 97 102 97 115 26 7 97 115 100 102 115 97 102]
2021/02/06 19:30:21 [debug  ] server_main/game/internal.handleDeviceLoginNewR
2021/02/06 19:30:21 [error  ] repeat login
2021/02/06 19:30:21 [debug  ] gate Run data: [52 0 8 0 18 0 26 0 34 0 42 0 50 0 58 0 66 0 72 1]
2021/02/06 19:30:21 [debug  ] handlePlayerLoginR msg size: 19
2021/02/06 19:30:21 [debug  ] gate Run data: [54 0]
2021/02/06 19:30:21 [debug  ] gate Run data: [56 0]
2021/02/06 19:30:31 [debug  ] gate Run data: [33 0]
2021/02/06 19:30:41 [debug  ] gate Run data: [33 0]
2021/02/06 19:30:51 [debug  ] gate Run data: [33 0]
2021/02/06 19:31:01 [debug  ] gate Run data: [33 0]
2021/02/06 19:31:11 [debug  ] gate Run data: [33 0]
2021/02/06 19:31:21 [debug  ] gate Run data: [33 0]
2021/02/06 19:31:31 [debug  ] gate Run data: [33 0]
2021/02/06 19:31:32 [debug  ] Info, sort guild ,GuildRankTime:%!(EXTRA int64=12938229290000, string= rank num:, int32=21)
2021/02/06 19:31:32 [debug  ] Info, UpdateRank
2021/02/06 19:31:41 [debug  ] gate Run data: [33 0]
2021/02/06 19:31:51 [debug  ] gate Run data: [33 0]
2021/02/06 19:32:01 [debug  ] gate Run data: [33 0]
2021/02/06 19:32:11 [debug  ] gate Run data: [33 0]
2021/02/06 19:32:21 [debug  ] gate Run data: [33 0]
2021/02/06 19:32:31 [debug  ] gate Run data: [33 0]
2021/02/06 19:32:41 [debug  ] gate Run data: [33 0]
2021/02/06 19:32:51 [debug  ] gate Run data: [33 0]
2021/02/06 19:33:01 [debug  ] gate Run data: [33 0]
2021/02/06 19:33:11 [debug  ] gate Run data: [33 0]
2021/02/06 19:33:21 [debug  ] gate Run data: [33 0]
2021/02/06 19:33:31 [debug  ] gate Run data: [33 0]
2021/02/06 19:33:42 [debug  ] gate Run data: [33 0]
2021/02/06 19:33:52 [debug  ] gate Run data: [33 0]
2021/02/06 19:34:02 [debug  ] gate Run data: [33 0]
2021/02/06 19:34:12 [debug  ] gate Run data: [33 0]
2021/02/06 19:34:22 [debug  ] gate Run data: [33 0]
2021/02/06 19:34:32 [debug  ] gate Run data: [33 0]
2021/02/06 19:34:42 [debug  ] gate Run data: [33 0]
2021/02/06 19:34:52 [debug  ] gate Run data: [33 0]
2021/02/06 19:35:02 [debug  ] gate Run data: [33 0]
2021/02/06 19:35:12 [debug  ] gate Run data: [33 0]
2021/02/06 19:35:22 [debug  ] gate Run data: [33 0]
2021/02/06 19:35:32 [debug  ] gate Run data: [33 0]
2021/02/06 19:35:42 [debug  ] gate Run data: [33 0]
2021/02/06 19:35:52 [debug  ] gate Run data: [33 0]
2021/02/06 19:36:02 [debug  ] gate Run data: [33 0]
2021/02/06 19:36:12 [debug  ] gate Run data: [33 0]
2021/02/06 19:36:21 [debug  ] rpcNewAgent
2021/02/06 19:36:21 [debug  ] gate Run data: [38 0 8 1 16 2 24 1 34 0]
2021/02/06 19:36:21 [debug  ] gate Run data: [39 1 10 8 100 102 97 115 102 97 115 102 18 5 101 97 102 97 115 26 7 97 115 100 102 115 97 102]
2021/02/06 19:36:21 [debug  ] server_main/game/internal.handleDeviceLoginNewR
2021/02/06 19:36:21 [release] player 12908986780000 login repeat
2021/02/06 19:36:21 [release] on player 12908986780000 logout
2021/02/06 19:36:21 [debug  ] gate read message: read tcp 192.168.15.132:17183->192.168.15.132:62620: use of closed network connection
2021/02/06 19:36:21 [debug  ] player 12908986780000 login
2021/02/06 19:36:21 [debug  ] gate Run data: [52 0 8 224 146 201 220 217 247 2 18 0 26 0 34 0 42 0 50 0 58 0 66 0 72 1]
2021/02/06 19:36:21 [debug  ] rpcCloseAgent
2021/02/06 19:36:21 [release] on player 12908986780000 login
2021/02/06 19:36:21 [debug  ] Player LastDailyUpdateAt: 2021-02-06 00:00:00 +0800 CST
2021/02/06 19:36:22 [debug  ] GetDayFromCreate: 4
2021/02/06 19:36:22 [debug  ] handlePlayerLoginR msg size: 10830
2021/02/06 19:36:22 [debug  ] gate Run data: [54 0]
2021/02/06 19:36:22 [debug  ] gate Run data: [56 0]
2021/02/06 19:36:32 [debug  ] gate Run data: [33 0]
2021/02/06 19:36:32 [debug  ] gate read message: websocket: close 1001 (going away)
2021/02/06 19:36:32 [debug  ] rpcCloseAgent
2021/02/06 19:36:32 [debug  ] player 12908986780000 disconnect
2021/02/06 19:36:32 [release] on player 12908986780000 logout
2021/02/06 19:36:32 [debug  ] Info, sort guild ,GuildRankTime:%!(EXTRA int64=12938259290000, string= rank num:, int32=21)
2021/02/06 19:36:32 [debug  ] Info, UpdateRank
2021/02/06 19:36:36 [debug  ] rpcNewAgent
2021/02/06 19:36:36 [debug  ] gate Run data: [38 0 8 1 16 2 24 1 34 0]
2021/02/06 19:36:36 [debug  ] gate Run data: [39 1 10 8 100 102 97 115 102 97 115 102 18 5 101 97 102 97 115 26 7 97 115 100 102 115 97 102]
2021/02/06 19:36:36 [debug  ] server_main/game/internal.handleDeviceLoginNewR
2021/02/06 19:36:36 [debug  ] player 12908986780000 login
2021/02/06 19:36:36 [debug  ] gate Run data: [52 0 8 224 146 201 220 217 247 2 18 0 26 0 34 0 42 0 50 0 58 0 66 0 72 1]
2021/02/06 19:36:36 [release] on player 12908986780000 login
2021/02/06 19:36:36 [debug  ] Player LastDailyUpdateAt: 2021-02-06 00:00:00 +0800 CST
2021/02/06 19:36:36 [debug  ] GetDayFromCreate: 4
2021/02/06 19:36:36 [debug  ] handlePlayerLoginR msg size: 10830
2021/02/06 19:36:46 [debug  ] gate Run data: [33 0]
2021/02/06 19:36:56 [debug  ] gate Run data: [33 0]
2021/02/06 19:37:06 [debug  ] gate Run data: [33 0]
2021/02/06 19:37:16 [debug  ] gate Run data: [33 0]
2021/02/06 19:37:26 [debug  ] gate Run data: [33 0]
2021/02/06 19:37:36 [debug  ] gate Run data: [33 0]
2021/02/06 19:37:46 [debug  ] gate Run data: [33 0]
2021/02/06 19:37:56 [debug  ] gate Run data: [33 0]
2021/02/06 19:38:06 [debug  ] gate Run data: [33 0]
2021/02/06 19:38:16 [debug  ] gate Run data: [33 0]
2021/02/06 19:38:26 [debug  ] gate Run data: [33 0]
2021/02/06 19:38:36 [debug  ] gate Run data: [33 0]
2021/02/06 19:38:46 [debug  ] gate Run data: [33 0]
2021/02/06 19:38:50 [debug  ] rpcNewAgent
2021/02/06 19:38:56 [debug  ] gate Run data: [33 0]
2021/02/06 19:39:06 [debug  ] gate Run data: [33 0]
2021/02/06 19:39:16 [debug  ] gate Run data: [33 0]
2021/02/06 19:39:26 [debug  ] gate Run data: [33 0]
2021/02/06 19:39:36 [debug  ] gate Run data: [33 0]
2021/02/06 19:39:46 [debug  ] gate Run data: [33 0]
2021/02/06 19:39:56 [debug  ] gate Run data: [33 0]
2021/02/06 19:40:06 [debug  ] gate Run data: [33 0]
2021/02/06 19:40:16 [debug  ] gate Run data: [33 0]
2021/02/06 19:40:26 [debug  ] gate Run data: [33 0]
2021/02/06 19:40:36 [debug  ] gate Run data: [33 0]
2021/02/06 19:40:46 [debug  ] gate Run data: [33 0]
2021/02/06 19:40:56 [debug  ] gate Run data: [33 0]
2021/02/06 19:41:06 [debug  ] gate Run data: [33 0]
2021/02/06 19:41:16 [debug  ] gate Run data: [33 0]
2021/02/06 19:41:26 [debug  ] gate Run data: [33 0]
2021/02/06 19:41:32 [debug  ] Info, sort guild ,GuildRankTime:%!(EXTRA int64=12938289290000, string= rank num:, int32=21)
2021/02/06 19:41:33 [debug  ] Info, UpdateRank
2021/02/06 19:41:36 [debug  ] gate Run data: [33 0]
2021/02/06 19:41:46 [debug  ] gate Run data: [33 0]
2021/02/06 19:41:52 [debug  ] Close agent cause heartbeat timeout
2021/02/06 19:41:52 [debug  ] gate read message: read tcp [::1]:17183->[::1]:63174: use of closed network connection
2021/02/06 19:41:52 [debug  ] rpcCloseAgent
2021/02/06 19:41:56 [debug  ] gate Run data: [33 0]
2021/02/06 19:42:06 [debug  ] gate Run data: [33 0]
2021/02/06 19:42:16 [debug  ] gate Run data: [33 0]
2021/02/06 19:42:26 [debug  ] gate Run data: [33 0]
2021/02/06 19:42:36 [debug  ] gate Run data: [33 0]
2021/02/06 19:42:46 [debug  ] gate Run data: [33 0]
2021/02/06 19:42:56 [debug  ] gate Run data: [33 0]
2021/02/06 19:43:06 [debug  ] gate Run data: [33 0]
2021/02/06 19:43:16 [debug  ] gate Run data: [33 0]
2021/02/06 19:43:26 [debug  ] gate Run data: [33 0]
2021/02/06 19:43:36 [debug  ] gate Run data: [33 0]
2021/02/06 19:43:46 [debug  ] gate Run data: [33 0]
2021/02/06 19:43:56 [debug  ] gate Run data: [33 0]
2021/02/06 19:44:06 [debug  ] gate Run data: [33 0]
2021/02/06 19:44:16 [debug  ] gate Run data: [33 0]
2021/02/06 19:44:26 [debug  ] gate Run data: [33 0]
2021/02/06 19:44:36 [debug  ] gate Run data: [33 0]
2021/02/06 19:44:46 [debug  ] gate Run data: [33 0]
2021/02/06 19:44:56 [debug  ] gate Run data: [33 0]
2021/02/06 19:45:06 [debug  ] gate Run data: [33 0]
2021/02/06 19:45:16 [debug  ] gate Run data: [33 0]
2021/02/06 19:45:26 [debug  ] gate Run data: [33 0]
2021/02/06 19:45:36 [debug  ] gate Run data: [33 0]
2021/02/06 19:45:46 [debug  ] gate Run data: [33 0]
2021/02/06 19:45:56 [debug  ] gate Run data: [33 0]
2021/02/06 19:46:06 [debug  ] gate Run data: [33 0]
2021/02/06 19:46:16 [debug  ] gate Run data: [33 0]
2021/02/06 19:46:26 [debug  ] gate Run data: [33 0]
2021/02/06 19:46:33 [debug  ] Info, UpdateRank
2021/02/06 19:46:33 [debug  ] Info, sort guild ,GuildRankTime:%!(EXTRA int64=12938319300000, string= rank num:, int32=21)
2021/02/06 19:46:36 [debug  ] gate Run data: [33 0]
2021/02/06 19:46:46 [debug  ] gate Run data: [33 0]
2021/02/06 19:46:56 [debug  ] gate Run data: [33 0]
2021/02/06 19:47:06 [debug  ] gate Run data: [33 0]
2021/02/06 19:47:16 [debug  ] gate Run data: [33 0]
2021/02/06 19:47:26 [debug  ] gate Run data: [33 0]
2021/02/06 19:47:36 [debug  ] gate Run data: [33 0]
2021/02/06 19:47:46 [debug  ] gate Run data: [33 0]
2021/02/06 19:47:56 [debug  ] gate Run data: [33 0]
2021/02/06 19:48:06 [debug  ] gate Run data: [33 0]
2021/02/06 19:48:16 [debug  ] gate Run data: [33 0]
2021/02/06 19:48:26 [debug  ] gate Run data: [33 0]
2021/02/06 19:48:36 [debug  ] gate Run data: [33 0]
2021/02/06 19:48:46 [debug  ] gate Run data: [33 0]
2021/02/06 19:48:56 [debug  ] gate Run data: [33 0]
2021/02/06 19:49:06 [debug  ] gate Run data: [33 0]
2021/02/06 19:49:16 [debug  ] gate Run data: [33 0]
2021/02/06 19:49:26 [debug  ] gate Run data: [33 0]
2021/02/06 19:49:36 [debug  ] gate Run data: [33 0]
2021/02/06 19:49:46 [debug  ] gate Run data: [33 0]
2021/02/06 19:49:57 [debug  ] gate Run data: [33 0]
2021/02/06 19:50:07 [debug  ] gate Run data: [33 0]
2021/02/06 19:50:17 [debug  ] gate Run data: [33 0]
2021/02/06 19:50:27 [debug  ] gate Run data: [33 0]
2021/02/06 19:50:37 [debug  ] gate Run data: [33 0]
2021/02/06 19:50:47 [debug  ] gate Run data: [33 0]
2021/02/06 19:50:57 [debug  ] gate Run data: [33 0]
2021/02/06 19:51:07 [debug  ] gate Run data: [33 0]
2021/02/06 19:51:17 [debug  ] gate Run data: [33 0]
2021/02/06 19:51:27 [debug  ] gate Run data: [33 0]
2021/02/06 19:51:33 [debug  ] Info, UpdateRank
2021/02/06 19:51:33 [debug  ] Info, sort guild ,GuildRankTime:%!(EXTRA int64=12938349300000, string= rank num:, int32=21)
2021/02/06 19:51:37 [debug  ] gate Run data: [33 0]
2021/02/06 19:51:47 [debug  ] gate Run data: [33 0]
2021/02/06 19:51:57 [debug  ] gate Run data: [33 0]
2021/02/06 19:52:07 [debug  ] gate Run data: [33 0]
2021/02/06 19:52:17 [debug  ] gate Run data: [33 0]
2021/02/06 19:52:27 [debug  ] gate Run data: [33 0]
2021/02/06 19:52:37 [debug  ] gate Run data: [33 0]
2021/02/06 19:52:47 [debug  ] gate Run data: [33 0]
2021/02/06 19:52:57 [debug  ] gate Run data: [33 0]
2021/02/06 19:53:07 [debug  ] gate Run data: [33 0]
2021/02/06 19:53:17 [debug  ] gate Run data: [33 0]
2021/02/06 19:53:27 [debug  ] gate Run data: [33 0]
2021/02/06 19:53:37 [debug  ] gate Run data: [33 0]
2021/02/06 19:53:47 [debug  ] gate Run data: [33 0]
2021/02/06 19:53:57 [debug  ] gate Run data: [33 0]
2021/02/06 19:54:07 [debug  ] gate Run data: [33 0]
2021/02/06 19:54:17 [debug  ] gate Run data: [33 0]
2021/02/06 19:54:27 [debug  ] gate Run data: [33 0]
2021/02/06 19:54:37 [debug  ] gate Run data: [33 0]
2021/02/06 19:54:47 [debug  ] gate Run data: [33 0]
2021/02/06 19:54:57 [debug  ] gate Run data: [33 0]
2021/02/06 19:55:07 [debug  ] gate Run data: [33 0]
2021/02/06 19:55:17 [debug  ] gate Run data: [33 0]
2021/02/06 19:55:27 [debug  ] gate Run data: [33 0]
2021/02/06 19:55:37 [debug  ] gate Run data: [33 0]
2021/02/06 19:55:47 [debug  ] gate Run data: [33 0]
2021/02/06 19:55:57 [debug  ] gate Run data: [33 0]
2021/02/06 19:56:07 [debug  ] gate Run data: [33 0]
2021/02/06 19:56:17 [debug  ] gate Run data: [33 0]
2021/02/06 19:56:27 [debug  ] gate Run data: [33 0]
2021/02/06 19:56:33 [debug  ] Info, UpdateRank
2021/02/06 19:56:33 [debug  ] Info, sort guild ,GuildRankTime:%!(EXTRA int64=12938379300000, string= rank num:, int32=21)
2021/02/06 19:56:37 [debug  ] gate Run data: [33 0]
2021/02/06 19:56:47 [debug  ] gate Run data: [33 0]
2021/02/06 19:56:57 [debug  ] gate Run data: [33 0]
2021/02/06 19:57:07 [debug  ] gate Run data: [33 0]
2021/02/06 19:57:17 [debug  ] gate Run data: [33 0]
2021/02/06 19:57:27 [debug  ] gate Run data: [33 0]
2021/02/06 19:57:37 [debug  ] gate Run data: [33 0]
2021/02/06 19:57:47 [debug  ] gate Run data: [33 0]
2021/02/06 19:57:57 [debug  ] gate Run data: [33 0]
2021/02/06 19:58:07 [debug  ] gate Run data: [33 0]
2021/02/06 19:58:17 [debug  ] gate Run data: [33 0]
2021/02/06 19:58:27 [debug  ] gate Run data: [33 0]
2021/02/06 19:58:37 [debug  ] gate Run data: [33 0]
2021/02/06 19:58:47 [debug  ] gate Run data: [33 0]
2021/02/06 19:58:58 [debug  ] gate Run data: [33 0]
2021/02/06 19:59:09 [debug  ] gate Run data: [33 0]
2021/02/06 19:59:20 [debug  ] gate Run data: [33 0]
2021/02/06 19:59:31 [debug  ] gate Run data: [33 0]
2021/02/06 19:59:42 [debug  ] gate Run data: [33 0]
2021/02/06 19:59:53 [debug  ] gate Run data: [33 0]
2021/02/06 20:00:04 [debug  ] gate Run data: [33 0]
2021/02/06 20:00:15 [debug  ] gate Run data: [33 0]
2021/02/06 20:00:26 [debug  ] gate Run data: [33 0]
2021/02/06 20:00:37 [debug  ] gate Run data: [33 0]
2021/02/06 20:00:48 [debug  ] gate Run data: [33 0]
2021/02/06 20:00:59 [debug  ] gate Run data: [33 0]
2021/02/06 20:01:10 [debug  ] gate Run data: [33 0]
2021/02/06 20:01:21 [debug  ] gate Run data: [33 0]
2021/02/06 20:01:32 [debug  ] gate Run data: [33 0]
2021/02/06 20:01:33 [debug  ] Info, UpdateRank
2021/02/06 20:01:33 [debug  ] Info, sort guild ,GuildRankTime:%!(EXTRA int64=12938409300000, string= rank num:, int32=21)
2021/02/06 20:01:43 [debug  ] gate Run data: [33 0]
2021/02/06 20:01:54 [debug  ] gate Run data: [33 0]
2021/02/06 20:02:05 [debug  ] gate Run data: [33 0]
2021/02/06 20:02:16 [debug  ] gate Run data: [33 0]
2021/02/06 20:02:27 [debug  ] gate Run data: [33 0]
2021/02/06 20:02:38 [debug  ] gate Run data: [33 0]
2021/02/06 20:02:49 [debug  ] gate Run data: [33 0]
2021/02/06 20:03:00 [debug  ] gate Run data: [33 0]
2021/02/06 20:03:11 [debug  ] gate Run data: [33 0]
2021/02/06 20:03:22 [debug  ] gate Run data: [33 0]
2021/02/06 20:03:33 [debug  ] gate Run data: [33 0]
2021/02/06 20:03:44 [debug  ] gate Run data: [33 0]
2021/02/06 20:03:55 [debug  ] gate Run data: [33 0]
2021/02/06 20:04:06 [debug  ] gate Run data: [33 0]
2021/02/06 20:04:17 [debug  ] gate Run data: [33 0]
2021/02/06 20:04:28 [debug  ] gate Run data: [33 0]
2021/02/06 20:04:39 [debug  ] gate Run data: [33 0]
2021/02/06 20:04:50 [debug  ] gate Run data: [33 0]
2021/02/06 20:05:01 [debug  ] gate Run data: [33 0]
2021/02/06 20:05:12 [debug  ] gate Run data: [33 0]
2021/02/06 20:05:23 [debug  ] gate Run data: [33 0]
2021/02/06 20:05:34 [debug  ] gate Run data: [33 0]
2021/02/06 20:05:45 [debug  ] gate Run data: [33 0]
2021/02/06 20:05:56 [debug  ] gate Run data: [33 0]
2021/02/06 20:06:07 [debug  ] gate Run data: [33 0]
2021/02/06 20:06:18 [debug  ] gate Run data: [33 0]
2021/02/06 20:06:29 [debug  ] gate Run data: [33 0]
2021/02/06 20:06:33 [debug  ] Info, UpdateRank
2021/02/06 20:06:33 [debug  ] Info, sort guild ,GuildRankTime:%!(EXTRA int64=12938439300000, string= rank num:, int32=21)
2021/02/06 20:06:40 [debug  ] gate Run data: [33 0]
2021/02/06 20:06:51 [debug  ] gate Run data: [33 0]
2021/02/06 20:07:02 [debug  ] gate Run data: [33 0]
2021/02/06 20:07:13 [debug  ] gate Run data: [33 0]
2021/02/06 20:07:24 [debug  ] gate Run data: [33 0]
2021/02/06 20:07:35 [debug  ] gate Run data: [33 0]
2021/02/06 20:07:46 [debug  ] gate Run data: [33 0]
2021/02/06 20:07:57 [debug  ] gate Run data: [33 0]
2021/02/06 20:08:08 [debug  ] gate Run data: [33 0]
2021/02/06 20:08:19 [debug  ] gate Run data: [33 0]
2021/02/06 20:08:30 [debug  ] gate Run data: [33 0]
2021/02/06 20:08:41 [debug  ] gate Run data: [33 0]
2021/02/06 20:08:52 [debug  ] gate Run data: [33 0]
2021/02/06 20:09:03 [debug  ] gate Run data: [33 0]
2021/02/06 20:09:14 [debug  ] gate Run data: [33 0]
2021/02/06 20:09:25 [debug  ] gate Run data: [33 0]
2021/02/06 20:09:36 [debug  ] gate Run data: [33 0]
2021/02/06 20:09:47 [debug  ] gate Run data: [33 0]
2021/02/06 20:09:58 [debug  ] gate Run data: [33 0]
2021/02/06 20:10:09 [debug  ] gate Run data: [33 0]
2021/02/06 20:10:19 [debug  ] gate Run data: [33 0]
2021/02/06 20:10:30 [debug  ] gate Run data: [33 0]
2021/02/06 20:10:41 [debug  ] gate Run data: [33 0]
2021/02/06 20:10:52 [debug  ] gate Run data: [33 0]
2021/02/06 20:11:03 [debug  ] gate Run data: [33 0]
2021/02/06 20:11:14 [debug  ] gate Run data: [33 0]
2021/02/06 20:11:25 [debug  ] gate Run data: [33 0]
2021/02/06 20:11:33 [debug  ] Info, sort guild ,GuildRankTime:%!(EXTRA int64=12938469300000, string= rank num:, int32=21)
2021/02/06 20:11:33 [debug  ] Info, UpdateRank
2021/02/06 20:11:36 [debug  ] gate Run data: [33 0]
2021/02/06 20:11:47 [debug  ] gate Run data: [33 0]
2021/02/06 20:11:58 [debug  ] gate Run data: [33 0]
2021/02/06 20:12:09 [debug  ] gate Run data: [33 0]
2021/02/06 20:12:20 [debug  ] gate Run data: [33 0]
2021/02/06 20:12:31 [debug  ] gate Run data: [33 0]
2021/02/06 20:12:42 [debug  ] gate Run data: [33 0]
2021/02/06 20:12:53 [debug  ] gate Run data: [33 0]
2021/02/06 20:13:04 [debug  ] gate Run data: [33 0]
2021/02/06 20:13:15 [debug  ] gate Run data: [33 0]
2021/02/06 20:13:26 [debug  ] gate Run data: [33 0]
2021/02/06 20:13:37 [debug  ] gate Run data: [33 0]
2021/02/06 20:13:48 [debug  ] gate Run data: [33 0]
2021/02/06 20:13:59 [debug  ] gate Run data: [33 0]
2021/02/06 20:14:10 [debug  ] gate Run data: [33 0]
2021/02/06 20:14:21 [debug  ] gate Run data: [33 0]
2021/02/06 20:14:32 [debug  ] gate Run data: [33 0]
2021/02/06 20:14:43 [debug  ] gate Run data: [33 0]
2021/02/06 20:14:54 [debug  ] gate Run data: [33 0]
2021/02/06 20:15:05 [debug  ] gate Run data: [33 0]
2021/02/06 20:15:16 [debug  ] gate Run data: [33 0]
2021/02/06 20:15:27 [debug  ] gate Run data: [33 0]
2021/02/06 20:15:38 [debug  ] gate Run data: [33 0]
2021/02/06 20:15:49 [debug  ] gate Run data: [33 0]
2021/02/06 20:16:00 [debug  ] gate Run data: [33 0]
2021/02/06 20:16:11 [debug  ] gate Run data: [33 0]
2021/02/06 20:16:22 [debug  ] gate Run data: [33 0]
2021/02/06 20:16:33 [debug  ] Info, UpdateRank
2021/02/06 20:16:33 [debug  ] Info, sort guild ,GuildRankTime:%!(EXTRA int64=12938499300000, string= rank num:, int32=21)
2021/02/06 20:16:33 [debug  ] gate Run data: [33 0]
2021/02/06 20:16:44 [debug  ] gate Run data: [33 0]
2021/02/06 20:16:55 [debug  ] gate Run data: [33 0]
2021/02/06 20:17:06 [debug  ] gate Run data: [33 0]
2021/02/06 20:17:17 [debug  ] gate Run data: [33 0]
2021/02/06 20:17:28 [debug  ] gate Run data: [33 0]
2021/02/06 20:17:38 [debug  ] gate Run data: [33 0]
2021/02/06 20:17:49 [debug  ] gate Run data: [33 0]
2021/02/06 20:18:00 [debug  ] gate Run data: [33 0]
2021/02/06 20:18:11 [debug  ] gate Run data: [33 0]
2021/02/06 20:18:22 [debug  ] gate Run data: [33 0]
2021/02/06 20:18:33 [debug  ] gate Run data: [33 0]
2021/02/06 20:18:44 [debug  ] gate Run data: [33 0]
2021/02/06 20:18:55 [debug  ] gate Run data: [33 0]
2021/02/06 20:19:06 [debug  ] gate Run data: [33 0]
2021/02/06 20:19:17 [debug  ] gate Run data: [33 0]
2021/02/06 20:19:28 [debug  ] gate Run data: [33 0]
2021/02/06 20:19:39 [debug  ] gate Run data: [33 0]
2021/02/06 20:19:50 [debug  ] gate Run data: [33 0]
2021/02/06 20:20:01 [debug  ] gate Run data: [33 0]
2021/02/06 20:20:12 [debug  ] gate Run data: [33 0]
2021/02/06 20:20:23 [debug  ] gate Run data: [33 0]
2021/02/06 20:20:34 [debug  ] gate Run data: [33 0]
2021/02/06 20:20:45 [debug  ] gate Run data: [33 0]
2021/02/06 20:20:56 [debug  ] gate Run data: [33 0]
2021/02/06 20:21:07 [debug  ] gate Run data: [33 0]
2021/02/06 20:21:18 [debug  ] gate Run data: [33 0]
2021/02/06 20:21:29 [debug  ] gate Run data: [33 0]
2021/02/06 20:21:33 [debug  ] Info, UpdateRank
2021/02/06 20:21:33 [debug  ] Info, sort guild ,GuildRankTime:%!(EXTRA int64=12938529300000, string= rank num:, int32=21)
2021/02/06 20:21:40 [debug  ] gate Run data: [33 0]
2021/02/06 20:21:51 [debug  ] gate Run data: [33 0]
2021/02/06 20:22:02 [debug  ] gate Run data: [33 0]
2021/02/06 20:22:13 [debug  ] gate Run data: [33 0]
2021/02/06 20:22:24 [debug  ] gate Run data: [33 0]
2021/02/06 20:22:35 [debug  ] gate Run data: [33 0]
2021/02/06 20:22:46 [debug  ] gate Run data: [33 0]
2021/02/06 20:22:57 [debug  ] gate Run data: [33 0]
2021/02/06 20:23:08 [debug  ] gate Run data: [33 0]
2021/02/06 20:23:19 [debug  ] gate Run data: [33 0]
2021/02/06 20:23:30 [debug  ] gate Run data: [33 0]
2021/02/06 20:23:41 [debug  ] gate Run data: [33 0]
2021/02/06 20:23:52 [debug  ] gate Run data: [33 0]
2021/02/06 20:24:03 [debug  ] gate Run data: [33 0]
2021/02/06 20:24:14 [debug  ] gate Run data: [33 0]
2021/02/06 20:24:25 [debug  ] gate Run data: [33 0]
2021/02/06 20:24:36 [debug  ] gate Run data: [33 0]
2021/02/06 20:24:47 [debug  ] gate Run data: [33 0]
2021/02/06 20:24:58 [debug  ] gate Run data: [33 0]
2021/02/06 20:25:09 [debug  ] gate Run data: [33 0]
2021/02/06 20:25:20 [debug  ] gate Run data: [33 0]
2021/02/06 20:25:31 [debug  ] gate Run data: [33 0]
2021/02/06 20:25:42 [debug  ] gate Run data: [33 0]
2021/02/06 20:25:53 [debug  ] gate Run data: [33 0]
2021/02/06 20:26:04 [debug  ] gate Run data: [33 0]
2021/02/06 20:26:15 [debug  ] gate Run data: [33 0]
2021/02/06 20:26:26 [debug  ] gate Run data: [33 0]
2021/02/06 20:26:33 [debug  ] Info, sort guild ,GuildRankTime:%!(EXTRA int64=12938559300000, string= rank num:, int32=21)
2021/02/06 20:26:33 [debug  ] Info, UpdateRank
2021/02/06 20:26:37 [debug  ] gate Run data: [33 0]
2021/02/06 20:26:48 [debug  ] gate Run data: [33 0]
2021/02/06 20:26:59 [debug  ] gate Run data: [33 0]
2021/02/06 20:27:10 [debug  ] gate Run data: [33 0]
2021/02/06 20:27:21 [debug  ] gate Run data: [33 0]
2021/02/06 20:27:32 [debug  ] gate Run data: [33 0]
2021/02/06 20:27:43 [debug  ] gate Run data: [33 0]
2021/02/06 20:27:54 [debug  ] gate Run data: [33 0]
2021/02/06 20:28:05 [debug  ] gate Run data: [33 0]
2021/02/06 20:28:16 [debug  ] gate Run data: [33 0]
2021/02/06 20:28:27 [debug  ] gate Run data: [33 0]
2021/02/06 20:28:38 [debug  ] gate Run data: [33 0]
2021/02/06 20:28:49 [debug  ] gate Run data: [33 0]
2021/02/06 20:29:00 [debug  ] gate Run data: [33 0]
2021/02/06 20:29:11 [debug  ] gate Run data: [33 0]
2021/02/06 20:29:22 [debug  ] gate Run data: [33 0]
2021/02/06 20:29:33 [debug  ] gate Run data: [33 0]
2021/02/06 20:29:43 [debug  ] gate Run data: [33 0]
2021/02/06 20:29:54 [debug  ] gate Run data: [33 0]
2021/02/06 20:30:05 [debug  ] gate Run data: [33 0]
2021/02/06 20:30:16 [debug  ] gate Run data: [33 0]
2021/02/06 20:30:27 [debug  ] gate Run data: [33 0]
2021/02/06 20:30:38 [debug  ] gate Run data: [33 0]
2021/02/06 20:30:49 [debug  ] gate Run data: [33 0]
2021/02/06 20:31:00 [debug  ] gate Run data: [33 0]
2021/02/06 20:31:11 [debug  ] gate Run data: [33 0]
2021/02/06 20:31:22 [debug  ] gate Run data: [33 0]
2021/02/06 20:31:33 [debug  ] Info, sort guild ,GuildRankTime:%!(EXTRA int64=12938589300000, string= rank num:, int32=21)
2021/02/06 20:31:33 [debug  ] Info, UpdateRank
2021/02/06 20:31:33 [debug  ] gate Run data: [33 0]
2021/02/06 20:31:44 [debug  ] gate Run data: [33 0]
2021/02/06 20:31:55 [debug  ] gate Run data: [33 0]
2021/02/06 20:32:06 [debug  ] gate Run data: [33 0]
2021/02/06 20:32:17 [debug  ] gate Run data: [33 0]
2021/02/06 20:32:28 [debug  ] gate Run data: [33 0]
2021/02/06 20:32:39 [debug  ] gate Run data: [33 0]
2021/02/06 20:32:50 [debug  ] gate Run data: [33 0]
2021/02/06 20:33:01 [debug  ] gate Run data: [33 0]
2021/02/06 20:33:12 [debug  ] gate Run data: [33 0]
2021/02/06 20:33:23 [debug  ] gate Run data: [33 0]
2021/02/06 20:33:34 [debug  ] gate Run data: [33 0]
2021/02/06 20:33:45 [debug  ] gate Run data: [33 0]
2021/02/06 20:33:56 [debug  ] gate Run data: [33 0]
2021/02/06 20:34:07 [debug  ] gate Run data: [33 0]
2021/02/06 20:34:18 [debug  ] gate Run data: [33 0]
2021/02/06 20:34:28 [debug  ] gate Run data: [33 0]
2021/02/06 20:34:39 [debug  ] gate Run data: [33 0]
2021/02/06 20:34:50 [debug  ] gate Run data: [33 0]
2021/02/06 20:35:01 [debug  ] gate Run data: [33 0]
2021/02/06 20:35:12 [debug  ] gate Run data: [33 0]
2021/02/06 20:35:23 [debug  ] gate Run data: [33 0]
2021/02/06 20:35:34 [debug  ] gate Run data: [33 0]
2021/02/06 20:35:45 [debug  ] gate Run data: [33 0]
2021/02/06 20:35:56 [debug  ] gate Run data: [33 0]
2021/02/06 20:36:07 [debug  ] gate Run data: [33 0]
2021/02/06 20:36:18 [debug  ] gate Run data: [33 0]
2021/02/06 20:36:29 [debug  ] gate Run data: [33 0]
2021/02/06 20:36:33 [debug  ] Info, UpdateRank
2021/02/06 20:36:33 [debug  ] Info, sort guild ,GuildRankTime:%!(EXTRA int64=12938619300000, string= rank num:, int32=21)
2021/02/06 20:36:40 [debug  ] gate Run data: [33 0]
2021/02/06 20:36:51 [debug  ] gate Run data: [33 0]
2021/02/06 20:37:02 [debug  ] gate Run data: [33 0]
2021/02/06 20:37:13 [debug  ] gate Run data: [33 0]
2021/02/06 20:37:24 [debug  ] gate Run data: [33 0]
2021/02/06 20:37:35 [debug  ] gate Run data: [33 0]
2021/02/06 20:37:46 [debug  ] gate Run data: [33 0]
2021/02/06 20:37:57 [debug  ] gate Run data: [33 0]
2021/02/06 20:38:08 [debug  ] gate Run data: [33 0]
2021/02/06 20:38:19 [debug  ] gate Run data: [33 0]
2021/02/06 20:38:30 [debug  ] gate Run data: [33 0]
2021/02/06 20:38:41 [debug  ] gate Run data: [33 0]
2021/02/06 20:38:52 [debug  ] gate Run data: [33 0]
2021/02/06 20:39:03 [debug  ] gate Run data: [33 0]
2021/02/06 20:39:14 [debug  ] gate Run data: [33 0]
2021/02/06 20:39:25 [debug  ] gate Run data: [33 0]
2021/02/06 20:39:36 [debug  ] gate Run data: [33 0]
2021/02/06 20:39:47 [debug  ] gate Run data: [33 0]
2021/02/06 20:39:58 [debug  ] gate Run data: [33 0]
2021/02/06 20:40:09 [debug  ] gate Run data: [33 0]
2021/02/06 20:40:20 [debug  ] gate Run data: [33 0]
2021/02/06 20:40:31 [debug  ] gate Run data: [33 0]
2021/02/06 20:40:42 [debug  ] gate Run data: [33 0]
2021/02/06 20:40:53 [debug  ] gate Run data: [33 0]
2021/02/06 20:41:04 [debug  ] gate Run data: [33 0]
2021/02/06 20:41:15 [debug  ] gate Run data: [33 0]
2021/02/06 20:41:26 [debug  ] gate Run data: [33 0]
2021/02/06 20:41:33 [debug  ] Info, sort guild ,GuildRankTime:%!(EXTRA int64=12938649300000, string= rank num:, int32=21)
2021/02/06 20:41:33 [debug  ] Info, UpdateRank
2021/02/06 20:41:37 [debug  ] gate Run data: [33 0]
2021/02/06 20:41:48 [debug  ] gate Run data: [33 0]
2021/02/06 20:41:59 [debug  ] gate Run data: [33 0]
2021/02/06 20:42:10 [debug  ] gate Run data: [33 0]
2021/02/06 20:42:21 [debug  ] gate Run data: [33 0]
2021/02/06 20:42:32 [debug  ] gate Run data: [33 0]
2021/02/06 20:42:43 [debug  ] gate Run data: [33 0]
2021/02/06 20:42:54 [debug  ] gate Run data: [33 0]
2021/02/06 20:43:05 [debug  ] gate Run data: [33 0]
2021/02/06 20:43:16 [debug  ] gate Run data: [33 0]
2021/02/06 20:43:27 [debug  ] gate Run data: [33 0]
2021/02/06 20:43:38 [debug  ] gate Run data: [33 0]
2021/02/06 20:43:49 [debug  ] gate Run data: [33 0]
2021/02/06 20:44:00 [debug  ] gate Run data: [33 0]
2021/02/06 20:44:11 [debug  ] gate Run data: [33 0]
2021/02/06 20:44:22 [debug  ] gate Run data: [33 0]
2021/02/06 20:44:33 [debug  ] gate Run data: [33 0]
2021/02/06 20:44:44 [debug  ] gate Run data: [33 0]
2021/02/06 20:44:55 [debug  ] gate Run data: [33 0]
2021/02/06 20:45:06 [debug  ] gate Run data: [33 0]
2021/02/06 20:45:17 [debug  ] gate Run data: [33 0]
2021/02/06 20:45:28 [debug  ] gate Run data: [33 0]
2021/02/06 20:45:39 [debug  ] gate Run data: [33 0]
2021/02/06 20:45:50 [debug  ] gate Run data: [33 0]
2021/02/06 20:46:01 [debug  ] gate Run data: [33 0]
2021/02/06 20:46:12 [debug  ] gate Run data: [33 0]
2021/02/06 20:46:23 [debug  ] gate Run data: [33 0]
2021/02/06 20:46:33 [debug  ] Info, UpdateRank
2021/02/06 20:46:33 [debug  ] Info, sort guild ,GuildRankTime:%!(EXTRA int64=12938679300000, string= rank num:, int32=21)
2021/02/06 20:46:33 [debug  ] gate Run data: [33 0]
2021/02/06 20:46:44 [debug  ] gate Run data: [33 0]
2021/02/06 20:46:55 [debug  ] gate Run data: [33 0]
2021/02/06 20:47:06 [debug  ] gate Run data: [33 0]
2021/02/06 20:47:17 [debug  ] gate Run data: [33 0]
2021/02/06 20:47:28 [debug  ] gate Run data: [33 0]
2021/02/06 20:47:39 [debug  ] gate Run data: [33 0]
2021/02/06 20:47:50 [debug  ] gate Run data: [33 0]
2021/02/06 20:48:01 [debug  ] gate Run data: [33 0]
2021/02/06 20:48:12 [debug  ] gate Run data: [33 0]
2021/02/06 20:48:23 [debug  ] gate Run data: [33 0]
2021/02/06 20:48:34 [debug  ] gate Run data: [33 0]
2021/02/06 20:48:45 [debug  ] gate Run data: [33 0]
2021/02/06 20:48:56 [debug  ] gate Run data: [33 0]
2021/02/06 20:49:07 [debug  ] gate Run data: [33 0]
2021/02/06 20:49:18 [debug  ] gate Run data: [33 0]
2021/02/06 20:49:29 [debug  ] gate Run data: [33 0]
2021/02/06 20:49:39 [debug  ] gate Run data: [33 0]
2021/02/06 20:49:50 [debug  ] gate Run data: [33 0]
2021/02/06 20:50:00 [debug  ] gate Run data: [33 0]
2021/02/06 20:50:11 [debug  ] gate Run data: [33 0]
2021/02/06 20:50:22 [debug  ] gate Run data: [33 0]
2021/02/06 20:50:33 [debug  ] gate Run data: [33 0]
2021/02/06 20:50:44 [debug  ] gate Run data: [33 0]
2021/02/06 20:50:55 [debug  ] gate Run data: [33 0]
2021/02/06 20:51:06 [debug  ] gate Run data: [33 0]
2021/02/06 20:51:17 [debug  ] gate Run data: [33 0]
2021/02/06 20:51:28 [debug  ] gate Run data: [33 0]
2021/02/06 20:51:33 [debug  ] Info, sort guild ,GuildRankTime:%!(EXTRA int64=12938709300000, string= rank num:, int32=21)
2021/02/06 20:51:33 [debug  ] Info, UpdateRank
2021/02/06 20:51:39 [debug  ] gate Run data: [33 0]
2021/02/06 20:51:49 [debug  ] gate Run data: [33 0]
2021/02/06 20:52:00 [debug  ] gate Run data: [33 0]
2021/02/06 20:52:10 [debug  ] gate Run data: [33 0]
2021/02/06 20:52:21 [debug  ] gate Run data: [33 0]
2021/02/06 20:52:32 [debug  ] gate Run data: [33 0]
2021/02/06 20:52:43 [debug  ] gate Run data: [33 0]
2021/02/06 20:52:54 [debug  ] gate Run data: [33 0]
2021/02/06 20:53:05 [debug  ] gate Run data: [33 0]
2021/02/06 20:53:16 [debug  ] gate Run data: [33 0]
2021/02/06 20:53:27 [debug  ] gate Run data: [33 0]
2021/02/06 20:53:38 [debug  ] gate Run data: [33 0]
2021/02/06 20:53:49 [debug  ] gate Run data: [33 0]
2021/02/06 20:54:00 [debug  ] gate Run data: [33 0]
2021/02/06 20:54:11 [debug  ] gate Run data: [33 0]
2021/02/06 20:54:22 [debug  ] gate Run data: [33 0]
2021/02/06 20:54:33 [debug  ] gate Run data: [33 0]
2021/02/06 20:54:44 [debug  ] gate Run data: [33 0]
2021/02/06 20:54:55 [debug  ] gate Run data: [33 0]
2021/02/06 20:55:06 [debug  ] gate Run data: [33 0]
2021/02/06 20:55:17 [debug  ] gate Run data: [33 0]
2021/02/06 20:55:17 [debug  ] rpcNewAgent
2021/02/06 20:55:28 [debug  ] gate Run data: [33 0]
2021/02/06 20:55:38 [debug  ] gate Run data: [33 0]
2021/02/06 20:55:49 [debug  ] gate Run data: [33 0]
2021/02/06 20:56:00 [debug  ] gate Run data: [33 0]
2021/02/06 20:56:11 [debug  ] gate Run data: [33 0]
2021/02/06 20:56:22 [debug  ] gate Run data: [33 0]
2021/02/06 20:56:33 [debug  ] Info, sort guild ,GuildRankTime:%!(EXTRA int64=12938739310000, string= rank num:, int32=21)
2021/02/06 20:56:33 [debug  ] Info, UpdateRank
2021/02/06 20:56:33 [debug  ] gate Run data: [33 0]
2021/02/06 20:56:44 [debug  ] gate Run data: [33 0]
2021/02/06 20:56:55 [debug  ] gate Run data: [33 0]
2021/02/06 20:57:06 [debug  ] gate Run data: [33 0]
2021/02/06 20:57:17 [debug  ] gate Run data: [33 0]
2021/02/06 20:57:28 [debug  ] gate Run data: [33 0]
2021/02/06 20:57:39 [debug  ] gate Run data: [33 0]
2021/02/06 20:57:50 [debug  ] gate Run data: [33 0]
2021/02/06 20:58:01 [debug  ] gate Run data: [33 0]
2021/02/06 20:58:12 [debug  ] gate Run data: [33 0]
2021/02/06 20:58:18 [debug  ] Close agent cause heartbeat timeout
2021/02/06 20:58:18 [debug  ] gate read message: read tcp [::1]:17183->[::1]:51396: use of closed network connection
2021/02/06 20:58:18 [debug  ] rpcCloseAgent
2021/02/06 20:58:23 [debug  ] gate Run data: [33 0]
2021/02/06 20:58:34 [debug  ] gate Run data: [33 0]
2021/02/06 20:58:45 [debug  ] gate Run data: [33 0]
2021/02/06 20:58:56 [debug  ] gate Run data: [33 0]
2021/02/06 20:59:07 [debug  ] gate Run data: [33 0]
2021/02/06 20:59:14 [debug  ] rpcNewAgent
2021/02/06 20:59:18 [debug  ] gate Run data: [33 0]
2021/02/06 20:59:29 [debug  ] gate Run data: [33 0]
2021/02/06 20:59:40 [debug  ] gate Run data: [33 0]
2021/02/06 20:59:51 [debug  ] gate Run data: [33 0]
2021/02/06 21:00:02 [debug  ] gate Run data: [33 0]
2021/02/06 21:00:13 [debug  ] gate Run data: [33 0]
2021/02/06 21:00:24 [debug  ] gate Run data: [33 0]
2021/02/06 21:00:35 [debug  ] gate Run data: [33 0]
2021/02/06 21:00:46 [debug  ] gate Run data: [33 0]
2021/02/06 21:00:57 [debug  ] gate Run data: [33 0]
2021/02/06 21:01:08 [debug  ] gate Run data: [33 0]
2021/02/06 21:01:19 [debug  ] gate Run data: [33 0]
2021/02/06 21:01:30 [debug  ] gate Run data: [33 0]
2021/02/06 21:01:33 [debug  ] Info, UpdateRank
2021/02/06 21:01:33 [debug  ] Info, sort guild ,GuildRankTime:%!(EXTRA int64=12938769310000, string= rank num:, int32=21)
2021/02/06 21:01:40 [debug  ] gate Run data: [33 0]
2021/02/06 21:01:51 [debug  ] gate Run data: [33 0]
2021/02/06 21:02:02 [debug  ] gate Run data: [33 0]
2021/02/06 21:02:13 [debug  ] gate Run data: [33 0]
2021/02/06 21:02:15 [debug  ] Close agent cause heartbeat timeout
2021/02/06 21:02:15 [debug  ] gate read message: read tcp [::1]:17183->[::1]:51630: use of closed network connection
2021/02/06 21:02:15 [debug  ] rpcCloseAgent
2021/02/06 21:02:24 [debug  ] gate Run data: [33 0]
2021/02/06 21:02:35 [debug  ] gate Run data: [33 0]
2021/02/06 21:02:46 [debug  ] gate Run data: [33 0]
2021/02/06 21:02:57 [debug  ] gate Run data: [33 0]
2021/02/06 21:03:08 [debug  ] gate Run data: [33 0]
2021/02/06 21:03:19 [debug  ] gate Run data: [33 0]
2021/02/06 21:03:30 [debug  ] gate Run data: [33 0]
2021/02/06 21:03:41 [debug  ] gate Run data: [33 0]
2021/02/06 21:03:52 [debug  ] gate Run data: [33 0]
2021/02/06 21:04:03 [debug  ] gate Run data: [33 0]
2021/02/06 21:04:14 [debug  ] gate Run data: [33 0]
2021/02/06 21:04:25 [debug  ] gate Run data: [33 0]
2021/02/06 21:04:36 [debug  ] gate Run data: [33 0]
2021/02/06 21:04:47 [debug  ] gate Run data: [33 0]
2021/02/06 21:04:58 [debug  ] gate Run data: [33 0]
2021/02/06 21:05:09 [debug  ] gate Run data: [33 0]
2021/02/06 21:05:20 [debug  ] gate Run data: [33 0]
2021/02/06 21:05:31 [debug  ] gate Run data: [33 0]
2021/02/06 21:05:42 [debug  ] gate Run data: [33 0]
2021/02/06 21:05:53 [debug  ] gate Run data: [33 0]
2021/02/06 21:06:04 [debug  ] gate Run data: [33 0]
2021/02/06 21:06:15 [debug  ] gate Run data: [33 0]
2021/02/06 21:06:26 [debug  ] gate Run data: [33 0]
2021/02/06 21:06:33 [debug  ] Info, sort guild ,GuildRankTime:%!(EXTRA int64=12938799310000, string= rank num:, int32=21)
2021/02/06 21:06:33 [debug  ] Info, UpdateRank
2021/02/06 21:06:37 [debug  ] gate Run data: [33 0]
2021/02/06 21:06:48 [debug  ] gate Run data: [33 0]
2021/02/06 21:06:59 [debug  ] gate Run data: [33 0]
2021/02/06 21:07:10 [debug  ] gate Run data: [33 0]
2021/02/06 21:07:21 [debug  ] gate Run data: [33 0]
2021/02/06 21:07:32 [debug  ] gate Run data: [33 0]
2021/02/06 21:07:43 [debug  ] gate Run data: [33 0]
2021/02/06 21:07:54 [debug  ] gate Run data: [33 0]
2021/02/06 21:08:05 [debug  ] gate Run data: [33 0]
2021/02/06 21:08:16 [debug  ] gate Run data: [33 0]
2021/02/06 21:08:27 [debug  ] gate Run data: [33 0]
2021/02/06 21:08:38 [debug  ] gate Run data: [33 0]
2021/02/06 21:08:49 [debug  ] gate Run data: [33 0]
2021/02/06 21:09:00 [debug  ] gate Run data: [33 0]
2021/02/06 21:09:11 [debug  ] gate Run data: [33 0]
2021/02/06 21:09:22 [debug  ] gate Run data: [33 0]
2021/02/06 21:09:33 [debug  ] gate Run data: [33 0]
2021/02/06 21:09:44 [debug  ] gate Run data: [33 0]
2021/02/06 21:09:55 [debug  ] gate Run data: [33 0]
2021/02/06 21:10:06 [debug  ] gate Run data: [33 0]
2021/02/06 21:10:17 [debug  ] gate Run data: [33 0]
2021/02/06 21:10:28 [debug  ] gate Run data: [33 0]
2021/02/06 21:10:39 [debug  ] gate Run data: [33 0]
2021/02/06 21:10:50 [debug  ] gate Run data: [33 0]
2021/02/06 21:11:01 [debug  ] gate Run data: [33 0]
2021/02/06 21:11:12 [debug  ] gate Run data: [33 0]
2021/02/06 21:11:23 [debug  ] gate Run data: [33 0]
2021/02/06 21:11:33 [debug  ] Info, UpdateRank
2021/02/06 21:11:33 [debug  ] Info, sort guild ,GuildRankTime:%!(EXTRA int64=12938829310000, string= rank num:, int32=21)
2021/02/06 21:11:34 [debug  ] gate Run data: [33 0]
2021/02/06 21:11:45 [debug  ] gate Run data: [33 0]
2021/02/06 21:11:56 [debug  ] gate Run data: [33 0]
2021/02/06 21:12:07 [debug  ] gate Run data: [33 0]
2021/02/06 21:12:18 [debug  ] gate Run data: [33 0]
2021/02/06 21:12:29 [debug  ] gate Run data: [33 0]
2021/02/06 21:12:40 [debug  ] gate Run data: [33 0]
2021/02/06 21:12:51 [debug  ] gate Run data: [33 0]
2021/02/06 21:13:02 [debug  ] gate Run data: [33 0]
2021/02/06 21:13:13 [debug  ] gate Run data: [33 0]
2021/02/06 21:13:24 [debug  ] gate Run data: [33 0]
2021/02/06 21:13:35 [debug  ] gate Run data: [33 0]
2021/02/06 21:13:46 [debug  ] gate Run data: [33 0]
2021/02/06 21:13:57 [debug  ] gate Run data: [33 0]
2021/02/06 21:14:08 [debug  ] gate Run data: [33 0]
2021/02/06 21:14:19 [debug  ] gate Run data: [33 0]
2021/02/06 21:14:30 [debug  ] gate Run data: [33 0]
2021/02/06 21:14:41 [debug  ] gate Run data: [33 0]
2021/02/06 21:14:52 [debug  ] gate Run data: [33 0]
2021/02/06 21:15:03 [debug  ] gate Run data: [33 0]
2021/02/06 21:15:14 [debug  ] gate Run data: [33 0]
2021/02/06 21:15:25 [debug  ] gate Run data: [33 0]
2021/02/06 21:15:36 [debug  ] gate Run data: [33 0]
2021/02/06 21:15:47 [debug  ] gate Run data: [33 0]
2021/02/06 21:15:58 [debug  ] gate Run data: [33 0]
2021/02/06 21:16:09 [debug  ] gate Run data: [33 0]
2021/02/06 21:16:20 [debug  ] gate Run data: [33 0]
2021/02/06 21:16:31 [debug  ] gate Run data: [33 0]
2021/02/06 21:16:33 [debug  ] Info, UpdateRank
2021/02/06 21:16:33 [debug  ] Info, sort guild ,GuildRankTime:%!(EXTRA int64=12938859310000, string= rank num:, int32=21)
2021/02/06 21:16:42 [debug  ] gate Run data: [33 0]
2021/02/06 21:16:53 [debug  ] gate Run data: [33 0]
2021/02/06 21:17:04 [debug  ] gate Run data: [33 0]
2021/02/06 21:17:15 [debug  ] gate Run data: [33 0]
2021/02/06 21:17:26 [debug  ] gate Run data: [33 0]
2021/02/06 21:17:37 [debug  ] gate Run data: [33 0]
2021/02/06 21:17:48 [debug  ] gate Run data: [33 0]
2021/02/06 21:17:59 [debug  ] gate Run data: [33 0]
2021/02/06 21:18:10 [debug  ] gate Run data: [33 0]
2021/02/06 21:18:21 [debug  ] gate Run data: [33 0]
2021/02/06 21:18:32 [debug  ] gate Run data: [33 0]
2021/02/06 21:18:43 [debug  ] gate Run data: [33 0]
2021/02/06 21:18:54 [debug  ] gate Run data: [33 0]
2021/02/06 21:19:05 [debug  ] gate Run data: [33 0]
2021/02/06 21:19:16 [debug  ] gate Run data: [33 0]
2021/02/06 21:19:27 [debug  ] gate Run data: [33 0]
2021/02/06 21:19:38 [debug  ] gate Run data: [33 0]
2021/02/06 21:19:49 [debug  ] gate Run data: [33 0]
2021/02/06 21:20:00 [debug  ] gate Run data: [33 0]
2021/02/06 21:20:11 [debug  ] gate Run data: [33 0]
2021/02/06 21:20:21 [debug  ] gate Run data: [33 0]
2021/02/06 21:20:32 [debug  ] gate Run data: [33 0]
2021/02/06 21:20:43 [debug  ] gate Run data: [33 0]
2021/02/06 21:20:54 [debug  ] gate Run data: [33 0]
2021/02/06 21:21:05 [debug  ] gate Run data: [33 0]
2021/02/06 21:21:16 [debug  ] gate Run data: [33 0]
2021/02/06 21:21:27 [debug  ] gate Run data: [33 0]
2021/02/06 21:21:33 [debug  ] Info, UpdateRank
2021/02/06 21:21:33 [debug  ] Info, sort guild ,GuildRankTime:%!(EXTRA int64=12938889310000, string= rank num:, int32=21)
2021/02/06 21:21:38 [debug  ] gate Run data: [33 0]
2021/02/06 21:21:49 [debug  ] gate Run data: [33 0]
2021/02/06 21:22:00 [debug  ] gate Run data: [33 0]
2021/02/06 21:22:11 [debug  ] gate Run data: [33 0]
2021/02/06 21:22:22 [debug  ] gate Run data: [33 0]
2021/02/06 21:22:33 [debug  ] gate Run data: [33 0]
2021/02/06 21:22:44 [debug  ] gate Run data: [33 0]
2021/02/06 21:22:55 [debug  ] gate Run data: [33 0]
2021/02/06 21:23:06 [debug  ] gate Run data: [33 0]
2021/02/06 21:23:17 [debug  ] gate Run data: [33 0]
2021/02/06 21:23:28 [debug  ] gate Run data: [33 0]
2021/02/06 21:23:39 [debug  ] gate Run data: [33 0]
2021/02/06 21:23:50 [debug  ] gate Run data: [33 0]
2021/02/06 21:24:01 [debug  ] gate Run data: [33 0]
2021/02/06 21:24:12 [debug  ] gate Run data: [33 0]
2021/02/06 21:24:23 [debug  ] gate Run data: [33 0]
2021/02/06 21:24:34 [debug  ] gate Run data: [33 0]
2021/02/06 21:24:45 [debug  ] gate Run data: [33 0]
2021/02/06 21:24:56 [debug  ] gate Run data: [33 0]
2021/02/06 21:25:07 [debug  ] gate Run data: [33 0]
2021/02/06 21:25:18 [debug  ] gate Run data: [33 0]
2021/02/06 21:25:28 [debug  ] gate Run data: [33 0]
2021/02/06 21:25:39 [debug  ] gate Run data: [33 0]
2021/02/06 21:25:50 [debug  ] gate Run data: [33 0]
2021/02/06 21:26:01 [debug  ] gate Run data: [33 0]
2021/02/06 21:26:12 [debug  ] gate Run data: [33 0]
2021/02/06 21:26:23 [debug  ] gate Run data: [33 0]
2021/02/06 21:26:33 [debug  ] Info, sort guild ,GuildRankTime:%!(EXTRA int64=12938919310000, string= rank num:, int32=21)
2021/02/06 21:26:33 [debug  ] Info, UpdateRank
2021/02/06 21:26:34 [debug  ] gate Run data: [33 0]
2021/02/06 21:26:45 [debug  ] gate Run data: [33 0]
2021/02/06 21:26:56 [debug  ] gate Run data: [33 0]
2021/02/06 21:27:07 [debug  ] gate Run data: [33 0]
2021/02/06 21:27:18 [debug  ] gate Run data: [33 0]
2021/02/06 21:27:29 [debug  ] gate Run data: [33 0]
2021/02/06 21:27:40 [debug  ] gate Run data: [33 0]
2021/02/06 21:27:51 [debug  ] gate Run data: [33 0]
2021/02/06 21:28:02 [debug  ] gate Run data: [33 0]
2021/02/06 21:28:13 [debug  ] gate Run data: [33 0]
2021/02/06 21:28:24 [debug  ] gate Run data: [33 0]
2021/02/06 21:28:35 [debug  ] gate Run data: [33 0]
2021/02/06 21:28:46 [debug  ] gate Run data: [33 0]
2021/02/06 21:28:57 [debug  ] gate Run data: [33 0]
2021/02/06 21:29:08 [debug  ] gate Run data: [33 0]
2021/02/06 21:29:19 [debug  ] gate Run data: [33 0]
2021/02/06 21:29:30 [debug  ] gate Run data: [33 0]
2021/02/06 21:29:41 [debug  ] gate Run data: [33 0]
2021/02/06 21:29:52 [debug  ] gate Run data: [33 0]
2021/02/06 21:30:03 [debug  ] gate Run data: [33 0]
2021/02/06 21:30:14 [debug  ] gate Run data: [33 0]
2021/02/06 21:30:25 [debug  ] gate Run data: [33 0]
2021/02/06 21:30:36 [debug  ] gate Run data: [33 0]
2021/02/06 21:30:47 [debug  ] gate Run data: [33 0]
2021/02/06 21:30:58 [debug  ] gate Run data: [33 0]
2021/02/06 21:31:09 [debug  ] gate Run data: [33 0]
2021/02/06 21:31:20 [debug  ] gate Run data: [33 0]
2021/02/06 21:31:31 [debug  ] gate Run data: [33 0]
2021/02/06 21:31:33 [debug  ] Info, UpdateRank
2021/02/06 21:31:33 [debug  ] Info, sort guild ,GuildRankTime:%!(EXTRA int64=12938949310000, string= rank num:, int32=21)
2021/02/06 21:31:42 [debug  ] gate Run data: [33 0]
2021/02/06 21:31:53 [debug  ] gate Run data: [33 0]
2021/02/06 21:32:04 [debug  ] gate Run data: [33 0]
2021/02/06 21:32:15 [debug  ] gate Run data: [33 0]
2021/02/06 21:32:26 [debug  ] gate Run data: [33 0]
2021/02/06 21:32:37 [debug  ] gate Run data: [33 0]
2021/02/06 21:32:48 [debug  ] gate Run data: [33 0]
2021/02/06 21:32:59 [debug  ] gate Run data: [33 0]
2021/02/06 21:33:10 [debug  ] gate Run data: [33 0]
2021/02/06 21:33:21 [debug  ] gate Run data: [33 0]
2021/02/06 21:33:32 [debug  ] gate Run data: [33 0]
2021/02/06 21:33:43 [debug  ] gate Run data: [33 0]
2021/02/06 21:33:54 [debug  ] gate Run data: [33 0]
2021/02/06 21:34:05 [debug  ] gate Run data: [33 0]
2021/02/06 21:34:16 [debug  ] gate Run data: [33 0]
2021/02/06 21:34:27 [debug  ] gate Run data: [33 0]
2021/02/06 21:34:37 [debug  ] gate Run data: [33 0]
2021/02/06 21:34:48 [debug  ] gate Run data: [33 0]
2021/02/06 21:34:59 [debug  ] gate Run data: [33 0]
2021/02/06 21:35:10 [debug  ] gate Run data: [33 0]
2021/02/06 21:35:21 [debug  ] gate Run data: [33 0]
2021/02/06 21:35:32 [debug  ] gate Run data: [33 0]
2021/02/06 21:35:43 [debug  ] gate Run data: [33 0]
2021/02/06 21:35:54 [debug  ] gate Run data: [33 0]
2021/02/06 21:36:05 [debug  ] gate Run data: [33 0]
2021/02/06 21:36:16 [debug  ] gate Run data: [33 0]
2021/02/06 21:36:27 [debug  ] gate Run data: [33 0]
2021/02/06 21:36:33 [debug  ] Info, sort guild ,GuildRankTime:%!(EXTRA int64=12938979310000, string= rank num:, int32=21)
2021/02/06 21:36:33 [debug  ] Info, UpdateRank
2021/02/06 21:36:38 [debug  ] gate Run data: [33 0]
2021/02/06 21:36:49 [debug  ] gate Run data: [33 0]
2021/02/06 21:37:00 [debug  ] gate Run data: [33 0]
2021/02/06 21:37:11 [debug  ] gate Run data: [33 0]
2021/02/06 21:37:22 [debug  ] gate Run data: [33 0]
2021/02/06 21:37:33 [debug  ] gate Run data: [33 0]
2021/02/06 21:37:44 [debug  ] gate Run data: [33 0]
2021/02/06 21:37:55 [debug  ] gate Run data: [33 0]
2021/02/06 21:38:06 [debug  ] gate Run data: [33 0]
2021/02/06 21:38:17 [debug  ] gate Run data: [33 0]
2021/02/06 21:38:28 [debug  ] gate Run data: [33 0]
2021/02/06 21:38:39 [debug  ] gate Run data: [33 0]
2021/02/06 21:38:50 [debug  ] gate Run data: [33 0]
2021/02/06 21:39:01 [debug  ] gate Run data: [33 0]
2021/02/06 21:39:12 [debug  ] gate Run data: [33 0]
2021/02/06 21:39:23 [debug  ] gate Run data: [33 0]
2021/02/06 21:39:34 [debug  ] gate Run data: [33 0]
2021/02/06 21:39:44 [debug  ] gate Run data: [33 0]
2021/02/06 21:39:55 [debug  ] gate Run data: [33 0]
2021/02/06 21:40:06 [debug  ] gate Run data: [33 0]
2021/02/06 21:40:16 [debug  ] gate Run data: [33 0]
2021/02/06 21:40:27 [debug  ] gate Run data: [33 0]
2021/02/06 21:40:38 [debug  ] gate Run data: [33 0]
2021/02/06 21:40:49 [debug  ] gate Run data: [33 0]
2021/02/06 21:41:00 [debug  ] gate Run data: [33 0]
2021/02/06 21:41:11 [debug  ] gate Run data: [33 0]
2021/02/06 21:41:22 [debug  ] gate Run data: [33 0]
2021/02/06 21:41:33 [debug  ] Info, sort guild ,GuildRankTime:%!(EXTRA int64=12939009310000, string= rank num:, int32=21)
2021/02/06 21:41:33 [debug  ] Info, UpdateRank
2021/02/06 21:41:33 [debug  ] gate Run data: [33 0]
2021/02/06 21:41:44 [debug  ] gate Run data: [33 0]
2021/02/06 21:41:55 [debug  ] gate Run data: [33 0]
2021/02/06 21:42:06 [debug  ] gate Run data: [33 0]
2021/02/06 21:42:17 [debug  ] gate Run data: [33 0]
2021/02/06 21:42:28 [debug  ] gate Run data: [33 0]
2021/02/06 21:42:39 [debug  ] gate Run data: [33 0]
2021/02/06 21:42:50 [debug  ] gate Run data: [33 0]
2021/02/06 21:43:01 [debug  ] gate Run data: [33 0]
2021/02/06 21:43:12 [debug  ] gate Run data: [33 0]
2021/02/06 21:43:23 [debug  ] gate Run data: [33 0]
2021/02/06 21:43:34 [debug  ] gate Run data: [33 0]
2021/02/06 21:43:45 [debug  ] gate Run data: [33 0]
2021/02/06 21:43:56 [debug  ] gate Run data: [33 0]
2021/02/06 21:44:07 [debug  ] gate Run data: [33 0]
2021/02/06 21:44:18 [debug  ] gate Run data: [33 0]
2021/02/06 21:44:29 [debug  ] gate Run data: [33 0]
2021/02/06 21:44:40 [debug  ] gate Run data: [33 0]
2021/02/06 21:44:51 [debug  ] gate Run data: [33 0]
2021/02/06 21:45:02 [debug  ] gate Run data: [33 0]
2021/02/06 21:45:13 [debug  ] gate Run data: [33 0]
2021/02/06 21:45:24 [debug  ] gate Run data: [33 0]
2021/02/06 21:45:35 [debug  ] gate Run data: [33 0]
2021/02/06 21:45:46 [debug  ] gate Run data: [33 0]
2021/02/06 21:45:57 [debug  ] gate Run data: [33 0]
2021/02/06 21:46:08 [debug  ] gate Run data: [33 0]
2021/02/06 21:46:19 [debug  ] gate Run data: [33 0]
2021/02/06 21:46:30 [debug  ] gate Run data: [33 0]
2021/02/06 21:46:33 [debug  ] Info, UpdateRank
2021/02/06 21:46:33 [debug  ] Info, sort guild ,GuildRankTime:%!(EXTRA int64=12939039310000, string= rank num:, int32=21)
2021/02/06 21:46:41 [debug  ] gate Run data: [33 0]
2021/02/06 21:46:52 [debug  ] gate Run data: [33 0]
2021/02/06 21:47:03 [debug  ] gate Run data: [33 0]
2021/02/06 21:47:14 [debug  ] gate Run data: [33 0]
2021/02/06 21:47:25 [debug  ] gate Run data: [33 0]
2021/02/06 21:47:36 [debug  ] gate Run data: [33 0]
2021/02/06 21:47:47 [debug  ] gate Run data: [33 0]
2021/02/06 21:47:58 [debug  ] gate Run data: [33 0]
2021/02/06 21:48:09 [debug  ] gate Run data: [33 0]
2021/02/06 21:48:20 [debug  ] gate Run data: [33 0]
2021/02/06 21:48:31 [debug  ] gate Run data: [33 0]
2021/02/06 21:48:42 [debug  ] gate Run data: [33 0]
2021/02/06 21:48:53 [debug  ] gate Run data: [33 0]
2021/02/06 21:49:04 [debug  ] gate Run data: [33 0]
2021/02/06 21:49:15 [debug  ] gate Run data: [33 0]
2021/02/06 21:49:26 [debug  ] gate Run data: [33 0]
2021/02/06 21:49:37 [debug  ] gate Run data: [33 0]
2021/02/06 21:49:48 [debug  ] gate Run data: [33 0]
2021/02/06 21:49:59 [debug  ] gate Run data: [33 0]
2021/02/06 21:50:10 [debug  ] gate Run data: [33 0]
2021/02/06 21:50:21 [debug  ] gate Run data: [33 0]
2021/02/06 21:50:32 [debug  ] gate Run data: [33 0]
2021/02/06 21:50:43 [debug  ] gate Run data: [33 0]
2021/02/06 21:50:54 [debug  ] gate Run data: [33 0]
2021/02/06 21:51:05 [debug  ] gate Run data: [33 0]
2021/02/06 21:51:16 [debug  ] gate Run data: [33 0]
2021/02/06 21:51:27 [debug  ] gate Run data: [33 0]
2021/02/06 21:51:33 [debug  ] Info, UpdateRank
2021/02/06 21:51:33 [debug  ] Info, sort guild ,GuildRankTime:%!(EXTRA int64=12939069310000, string= rank num:, int32=21)
2021/02/06 21:51:38 [debug  ] gate Run data: [33 0]
2021/02/06 21:51:49 [debug  ] gate Run data: [33 0]
2021/02/06 21:52:00 [debug  ] gate Run data: [33 0]
2021/02/06 21:52:11 [debug  ] gate Run data: [33 0]
2021/02/06 21:52:22 [debug  ] gate Run data: [33 0]
2021/02/06 21:52:33 [debug  ] gate Run data: [33 0]
2021/02/06 21:52:44 [debug  ] gate Run data: [33 0]
2021/02/06 21:52:55 [debug  ] gate Run data: [33 0]
2021/02/06 21:53:06 [debug  ] gate Run data: [33 0]
2021/02/06 21:53:17 [debug  ] gate Run data: [33 0]
2021/02/06 21:53:28 [debug  ] gate Run data: [33 0]
2021/02/06 21:53:39 [debug  ] gate Run data: [33 0]
2021/02/06 21:53:50 [debug  ] gate Run data: [33 0]
2021/02/06 21:54:01 [debug  ] gate Run data: [33 0]
2021/02/06 21:54:12 [debug  ] gate Run data: [33 0]
2021/02/06 21:54:23 [debug  ] gate Run data: [33 0]
2021/02/06 21:54:34 [debug  ] gate Run data: [33 0]
2021/02/06 21:54:45 [debug  ] gate Run data: [33 0]
2021/02/06 21:54:56 [debug  ] gate Run data: [33 0]
2021/02/06 21:55:07 [debug  ] gate Run data: [33 0]
2021/02/06 21:55:12 [debug  ] rpcNewAgent
2021/02/06 21:55:18 [debug  ] gate Run data: [33 0]
2021/02/06 21:55:29 [debug  ] gate Run data: [33 0]
2021/02/06 21:55:40 [debug  ] gate Run data: [33 0]
2021/02/06 21:55:51 [debug  ] gate Run data: [33 0]
2021/02/06 21:56:02 [debug  ] gate Run data: [33 0]
2021/02/06 21:56:13 [debug  ] gate Run data: [33 0]
2021/02/06 21:56:24 [debug  ] gate Run data: [33 0]
2021/02/06 21:56:33 [debug  ] Info, UpdateRank
2021/02/06 21:56:33 [debug  ] Info, sort guild ,GuildRankTime:%!(EXTRA int64=12939099310000, string= rank num:, int32=21)
2021/02/06 21:56:35 [debug  ] gate Run data: [33 0]
2021/02/06 21:56:46 [debug  ] gate Run data: [33 0]
2021/02/06 21:56:57 [debug  ] gate Run data: [33 0]
2021/02/06 21:57:08 [debug  ] gate Run data: [33 0]
2021/02/06 21:57:19 [debug  ] gate Run data: [33 0]
2021/02/06 21:57:30 [debug  ] gate Run data: [33 0]
2021/02/06 21:57:41 [debug  ] gate Run data: [33 0]
2021/02/06 21:57:52 [debug  ] gate Run data: [33 0]
2021/02/06 21:58:03 [debug  ] gate Run data: [33 0]
2021/02/06 21:58:14 [debug  ] Close agent cause heartbeat timeout
2021/02/06 21:58:14 [debug  ] gate read message: read tcp [::1]:17183->[::1]:54994: use of closed network connection
2021/02/06 21:58:14 [debug  ] rpcCloseAgent
2021/02/06 21:58:14 [debug  ] gate Run data: [33 0]
2021/02/06 21:58:25 [debug  ] gate Run data: [33 0]
2021/02/06 21:58:36 [debug  ] gate Run data: [33 0]
2021/02/06 21:58:47 [debug  ] gate Run data: [33 0]
2021/02/06 21:58:58 [debug  ] gate Run data: [33 0]
2021/02/06 21:59:09 [debug  ] gate Run data: [33 0]
2021/02/06 21:59:20 [debug  ] gate Run data: [33 0]
2021/02/06 21:59:31 [debug  ] gate Run data: [33 0]
2021/02/06 21:59:42 [debug  ] gate Run data: [33 0]
2021/02/06 21:59:53 [debug  ] gate Run data: [33 0]
2021/02/06 22:00:04 [debug  ] gate Run data: [33 0]
2021/02/06 22:00:15 [debug  ] gate Run data: [33 0]
2021/02/06 22:00:26 [debug  ] gate Run data: [33 0]
2021/02/06 22:00:37 [debug  ] gate Run data: [33 0]
2021/02/06 22:00:48 [debug  ] gate Run data: [33 0]
2021/02/06 22:00:59 [debug  ] gate Run data: [33 0]
2021/02/06 22:01:10 [debug  ] gate Run data: [33 0]
2021/02/06 22:01:21 [debug  ] gate Run data: [33 0]
2021/02/06 22:01:32 [debug  ] gate Run data: [33 0]
2021/02/06 22:01:33 [debug  ] Info, UpdateRank
2021/02/06 22:01:33 [debug  ] Info, sort guild ,GuildRankTime:%!(EXTRA int64=12939129310000, string= rank num:, int32=21)
2021/02/06 22:01:43 [debug  ] gate Run data: [33 0]
2021/02/06 22:01:54 [debug  ] gate Run data: [33 0]
2021/02/06 22:02:05 [debug  ] gate Run data: [33 0]
2021/02/06 22:02:16 [debug  ] gate Run data: [33 0]
2021/02/06 22:02:27 [debug  ] gate Run data: [33 0]
2021/02/06 22:02:38 [debug  ] gate Run data: [33 0]
2021/02/06 22:02:49 [debug  ] gate Run data: [33 0]
2021/02/06 22:03:00 [debug  ] gate Run data: [33 0]
2021/02/06 22:03:11 [debug  ] gate Run data: [33 0]
2021/02/06 22:03:22 [debug  ] gate Run data: [33 0]
2021/02/06 22:03:32 [debug  ] gate Run data: [33 0]
2021/02/06 22:03:43 [debug  ] gate Run data: [33 0]
2021/02/06 22:03:54 [debug  ] gate Run data: [33 0]
2021/02/06 22:04:05 [debug  ] gate Run data: [33 0]
2021/02/06 22:04:16 [debug  ] gate Run data: [33 0]
2021/02/06 22:04:27 [debug  ] gate Run data: [33 0]
2021/02/06 22:04:38 [debug  ] gate Run data: [33 0]
2021/02/06 22:04:49 [debug  ] gate Run data: [33 0]
2021/02/06 22:05:00 [debug  ] gate Run data: [33 0]
2021/02/06 22:05:11 [debug  ] gate Run data: [33 0]
2021/02/06 22:05:22 [debug  ] gate Run data: [33 0]
2021/02/06 22:05:33 [debug  ] gate Run data: [33 0]
2021/02/06 22:05:44 [debug  ] gate Run data: [33 0]
2021/02/06 22:05:55 [debug  ] gate Run data: [33 0]
2021/02/06 22:06:06 [debug  ] gate Run data: [33 0]
2021/02/06 22:06:17 [debug  ] gate Run data: [33 0]
2021/02/06 22:06:28 [debug  ] gate Run data: [33 0]
2021/02/06 22:06:33 [debug  ] Info, UpdateRank
2021/02/06 22:06:33 [debug  ] Info, sort guild ,GuildRankTime:%!(EXTRA int64=12939159310000, string= rank num:, int32=21)
2021/02/06 22:06:39 [debug  ] gate Run data: [33 0]
2021/02/06 22:06:50 [debug  ] gate Run data: [33 0]
2021/02/06 22:07:01 [debug  ] gate Run data: [33 0]
2021/02/06 22:07:12 [debug  ] gate Run data: [33 0]
2021/02/06 22:07:23 [debug  ] gate Run data: [33 0]
2021/02/06 22:07:34 [debug  ] gate Run data: [33 0]
2021/02/06 22:07:45 [debug  ] gate Run data: [33 0]
2021/02/06 22:07:56 [debug  ] gate Run data: [33 0]
2021/02/06 22:08:07 [debug  ] gate Run data: [33 0]
2021/02/06 22:08:18 [debug  ] gate Run data: [33 0]
2021/02/06 22:08:29 [debug  ] gate Run data: [33 0]
2021/02/06 22:08:40 [debug  ] gate Run data: [33 0]
2021/02/06 22:08:51 [debug  ] gate Run data: [33 0]
2021/02/06 22:09:02 [debug  ] gate Run data: [33 0]
2021/02/06 22:09:13 [debug  ] gate Run data: [33 0]
2021/02/06 22:09:24 [debug  ] gate Run data: [33 0]
2021/02/06 22:09:35 [debug  ] gate Run data: [33 0]
2021/02/06 22:09:46 [debug  ] gate Run data: [33 0]
2021/02/06 22:09:57 [debug  ] gate Run data: [33 0]
2021/02/06 22:10:08 [debug  ] gate Run data: [33 0]
2021/02/06 22:10:19 [debug  ] gate Run data: [33 0]
2021/02/06 22:10:30 [debug  ] gate Run data: [33 0]
2021/02/06 22:10:41 [debug  ] gate Run data: [33 0]
2021/02/06 22:10:52 [debug  ] gate Run data: [33 0]
2021/02/06 22:11:03 [debug  ] gate Run data: [33 0]
2021/02/06 22:11:14 [debug  ] gate Run data: [33 0]
2021/02/06 22:11:25 [debug  ] gate Run data: [33 0]
2021/02/06 22:11:33 [debug  ] Info, sort guild ,GuildRankTime:%!(EXTRA int64=12939189310000, string= rank num:, int32=21)
2021/02/06 22:11:33 [debug  ] Info, UpdateRank
2021/02/06 22:11:36 [debug  ] gate Run data: [33 0]
2021/02/06 22:11:47 [debug  ] gate Run data: [33 0]
2021/02/06 22:11:58 [debug  ] gate Run data: [33 0]
2021/02/06 22:12:09 [debug  ] gate Run data: [33 0]
2021/02/06 22:12:20 [debug  ] gate Run data: [33 0]
2021/02/06 22:12:31 [debug  ] gate Run data: [33 0]
2021/02/06 22:12:42 [debug  ] gate Run data: [33 0]
2021/02/06 22:12:53 [debug  ] gate Run data: [33 0]
2021/02/06 22:13:04 [debug  ] gate Run data: [33 0]
2021/02/06 22:13:15 [debug  ] gate Run data: [33 0]
2021/02/06 22:13:26 [debug  ] gate Run data: [33 0]
2021/02/06 22:13:36 [debug  ] gate Run data: [33 0]
2021/02/06 22:13:47 [debug  ] gate Run data: [33 0]
2021/02/06 22:13:58 [debug  ] gate Run data: [33 0]
2021/02/06 22:14:09 [debug  ] gate Run data: [33 0]
2021/02/06 22:14:20 [debug  ] gate Run data: [33 0]
2021/02/06 22:14:31 [debug  ] gate Run data: [33 0]
2021/02/06 22:14:42 [debug  ] gate Run data: [33 0]
2021/02/06 22:14:53 [debug  ] gate Run data: [33 0]
2021/02/06 22:15:04 [debug  ] gate Run data: [33 0]
2021/02/06 22:15:15 [debug  ] gate Run data: [33 0]
2021/02/06 22:15:26 [debug  ] gate Run data: [33 0]
2021/02/06 22:15:37 [debug  ] gate Run data: [33 0]
2021/02/06 22:15:48 [debug  ] gate Run data: [33 0]
2021/02/06 22:15:59 [debug  ] gate Run data: [33 0]
2021/02/06 22:16:10 [debug  ] gate Run data: [33 0]
2021/02/06 22:16:21 [debug  ] gate Run data: [33 0]
2021/02/06 22:16:32 [debug  ] gate Run data: [33 0]
2021/02/06 22:16:33 [debug  ] Info, UpdateRank
2021/02/06 22:16:33 [debug  ] Info, sort guild ,GuildRankTime:%!(EXTRA int64=12939219310000, string= rank num:, int32=21)
2021/02/06 22:16:43 [debug  ] gate Run data: [33 0]
2021/02/06 22:16:54 [debug  ] gate Run data: [33 0]
2021/02/06 22:17:05 [debug  ] gate Run data: [33 0]
2021/02/06 22:17:16 [debug  ] gate Run data: [33 0]
2021/02/06 22:17:27 [debug  ] gate Run data: [33 0]
2021/02/06 22:17:38 [debug  ] gate Run data: [33 0]
2021/02/06 22:17:49 [debug  ] gate Run data: [33 0]
2021/02/06 22:18:00 [debug  ] gate Run data: [33 0]
2021/02/06 22:18:11 [debug  ] gate Run data: [33 0]
2021/02/06 22:18:22 [debug  ] gate Run data: [33 0]
2021/02/06 22:18:33 [debug  ] gate Run data: [33 0]
2021/02/06 22:18:44 [debug  ] gate Run data: [33 0]
2021/02/06 22:18:55 [debug  ] gate Run data: [33 0]
2021/02/06 22:19:06 [debug  ] gate Run data: [33 0]
2021/02/06 22:19:17 [debug  ] gate Run data: [33 0]
2021/02/06 22:19:28 [debug  ] gate Run data: [33 0]
2021/02/06 22:19:39 [debug  ] gate Run data: [33 0]
2021/02/06 22:19:50 [debug  ] gate Run data: [33 0]
2021/02/06 22:20:00 [debug  ] gate Run data: [33 0]
2021/02/06 22:20:11 [debug  ] gate Run data: [33 0]
2021/02/06 22:20:22 [debug  ] gate Run data: [33 0]
2021/02/06 22:20:33 [debug  ] gate Run data: [33 0]
2021/02/06 22:20:44 [debug  ] gate Run data: [33 0]
2021/02/06 22:20:55 [debug  ] gate Run data: [33 0]
2021/02/06 22:21:06 [debug  ] gate Run data: [33 0]
2021/02/06 22:21:17 [debug  ] gate Run data: [33 0]
2021/02/06 22:21:28 [debug  ] gate Run data: [33 0]
2021/02/06 22:21:33 [debug  ] Info, sort guild ,GuildRankTime:%!(EXTRA int64=12939249320000, string= rank num:, int32=21)
2021/02/06 22:21:33 [debug  ] Info, UpdateRank
2021/02/06 22:21:39 [debug  ] gate Run data: [33 0]
2021/02/06 22:21:49 [debug  ] gate Run data: [33 0]
2021/02/06 22:22:00 [debug  ] gate Run data: [33 0]
2021/02/06 22:22:11 [debug  ] gate Run data: [33 0]
2021/02/06 22:22:22 [debug  ] gate Run data: [33 0]
2021/02/06 22:22:33 [debug  ] gate Run data: [33 0]
2021/02/06 22:22:44 [debug  ] gate Run data: [33 0]
2021/02/06 22:22:55 [debug  ] gate Run data: [33 0]
2021/02/06 22:23:06 [debug  ] gate Run data: [33 0]
2021/02/06 22:23:17 [debug  ] gate Run data: [33 0]
2021/02/06 22:23:28 [debug  ] gate Run data: [33 0]
2021/02/06 22:23:39 [debug  ] gate Run data: [33 0]
2021/02/06 22:23:50 [debug  ] gate Run data: [33 0]
2021/02/06 22:24:01 [debug  ] gate Run data: [33 0]
2021/02/06 22:24:12 [debug  ] gate Run data: [33 0]
2021/02/06 22:24:23 [debug  ] gate Run data: [33 0]
2021/02/06 22:24:34 [debug  ] gate Run data: [33 0]
2021/02/06 22:24:45 [debug  ] gate Run data: [33 0]
2021/02/06 22:24:56 [debug  ] gate Run data: [33 0]
2021/02/06 22:25:07 [debug  ] gate Run data: [33 0]
2021/02/06 22:25:18 [debug  ] gate Run data: [33 0]
2021/02/06 22:25:29 [debug  ] gate Run data: [33 0]
2021/02/06 22:25:40 [debug  ] gate Run data: [33 0]
2021/02/06 22:25:51 [debug  ] gate Run data: [33 0]
2021/02/06 22:26:02 [debug  ] gate Run data: [33 0]
2021/02/06 22:26:13 [debug  ] gate Run data: [33 0]
2021/02/06 22:26:24 [debug  ] gate Run data: [33 0]
2021/02/06 22:26:33 [debug  ] Info, UpdateRank
2021/02/06 22:26:33 [debug  ] Info, sort guild ,GuildRankTime:%!(EXTRA int64=12939279320000, string= rank num:, int32=21)
2021/02/06 22:26:35 [debug  ] gate Run data: [33 0]
2021/02/06 22:26:46 [debug  ] gate Run data: [33 0]
2021/02/06 22:26:57 [debug  ] gate Run data: [33 0]
2021/02/06 22:27:08 [debug  ] gate Run data: [33 0]
2021/02/06 22:27:19 [debug  ] gate Run data: [33 0]
2021/02/06 22:27:30 [debug  ] gate Run data: [33 0]
2021/02/06 22:27:41 [debug  ] gate Run data: [33 0]
2021/02/06 22:27:52 [debug  ] gate Run data: [33 0]
2021/02/06 22:28:03 [debug  ] gate Run data: [33 0]
2021/02/06 22:28:14 [debug  ] gate Run data: [33 0]
2021/02/06 22:28:25 [debug  ] gate Run data: [33 0]
2021/02/06 22:28:36 [debug  ] gate Run data: [33 0]
2021/02/06 22:28:47 [debug  ] gate Run data: [33 0]
2021/02/06 22:28:58 [debug  ] gate Run data: [33 0]
2021/02/06 22:29:09 [debug  ] gate Run data: [33 0]
2021/02/06 22:29:20 [debug  ] gate Run data: [33 0]
2021/02/06 22:29:31 [debug  ] gate Run data: [33 0]
2021/02/06 22:29:42 [debug  ] gate Run data: [33 0]
2021/02/06 22:29:53 [debug  ] gate Run data: [33 0]
2021/02/06 22:30:04 [debug  ] gate Run data: [33 0]
2021/02/06 22:30:15 [debug  ] gate Run data: [33 0]
2021/02/06 22:30:26 [debug  ] gate Run data: [33 0]
2021/02/06 22:30:37 [debug  ] gate Run data: [33 0]
2021/02/06 22:30:48 [debug  ] gate Run data: [33 0]
2021/02/06 22:30:59 [debug  ] gate Run data: [33 0]
2021/02/06 22:31:10 [debug  ] gate Run data: [33 0]
2021/02/06 22:31:21 [debug  ] gate Run data: [33 0]
2021/02/06 22:31:32 [debug  ] gate Run data: [33 0]
2021/02/06 22:31:33 [debug  ] Info, sort guild ,GuildRankTime:%!(EXTRA int64=12939309320000, string= rank num:, int32=21)
2021/02/06 22:31:33 [debug  ] Info, UpdateRank
2021/02/06 22:31:43 [debug  ] gate Run data: [33 0]
2021/02/06 22:31:54 [debug  ] gate Run data: [33 0]
2021/02/06 22:32:05 [debug  ] gate Run data: [33 0]
2021/02/06 22:32:16 [debug  ] gate Run data: [33 0]
2021/02/06 22:32:27 [debug  ] gate Run data: [33 0]
2021/02/06 22:32:38 [debug  ] gate Run data: [33 0]
2021/02/06 22:32:49 [debug  ] gate Run data: [33 0]
2021/02/06 22:33:00 [debug  ] gate Run data: [33 0]
2021/02/06 22:33:11 [debug  ] gate Run data: [33 0]
2021/02/06 22:33:22 [debug  ] gate Run data: [33 0]
2021/02/06 22:33:33 [debug  ] gate Run data: [33 0]
2021/02/06 22:33:44 [debug  ] gate Run data: [33 0]
2021/02/06 22:33:55 [debug  ] gate Run data: [33 0]
2021/02/06 22:34:06 [debug  ] gate Run data: [33 0]
2021/02/06 22:34:17 [debug  ] gate Run data: [33 0]
2021/02/06 22:34:28 [debug  ] gate Run data: [33 0]
2021/02/06 22:34:39 [debug  ] gate Run data: [33 0]
2021/02/06 22:34:50 [debug  ] gate Run data: [33 0]
2021/02/06 22:35:01 [debug  ] gate Run data: [33 0]
2021/02/06 22:35:12 [debug  ] gate Run data: [33 0]
2021/02/06 22:35:23 [debug  ] gate Run data: [33 0]
2021/02/06 22:35:34 [debug  ] gate Run data: [33 0]
2021/02/06 22:35:45 [debug  ] gate Run data: [33 0]
2021/02/06 22:35:56 [debug  ] gate Run data: [33 0]
2021/02/06 22:36:07 [debug  ] gate Run data: [33 0]
2021/02/06 22:36:18 [debug  ] gate Run data: [33 0]
2021/02/06 22:36:29 [debug  ] gate Run data: [33 0]
2021/02/06 22:36:33 [debug  ] Info, UpdateRank
2021/02/06 22:36:33 [debug  ] Info, sort guild ,GuildRankTime:%!(EXTRA int64=12939339320000, string= rank num:, int32=21)
2021/02/06 22:36:40 [debug  ] gate Run data: [33 0]
2021/02/06 22:36:51 [debug  ] gate Run data: [33 0]
2021/02/06 22:37:02 [debug  ] gate Run data: [33 0]
2021/02/06 22:37:13 [debug  ] gate Run data: [33 0]
2021/02/06 22:37:24 [debug  ] gate Run data: [33 0]
2021/02/06 22:37:35 [debug  ] gate Run data: [33 0]
2021/02/06 22:37:46 [debug  ] gate Run data: [33 0]
2021/02/06 22:37:57 [debug  ] gate Run data: [33 0]
2021/02/06 22:38:08 [debug  ] gate Run data: [33 0]
2021/02/06 22:38:19 [debug  ] gate Run data: [33 0]
2021/02/06 22:38:30 [debug  ] gate Run data: [33 0]
2021/02/06 22:38:41 [debug  ] gate Run data: [33 0]
2021/02/06 22:38:52 [debug  ] gate Run data: [33 0]
2021/02/06 22:39:03 [debug  ] gate Run data: [33 0]
2021/02/06 22:39:14 [debug  ] gate Run data: [33 0]
2021/02/06 22:39:25 [debug  ] gate Run data: [33 0]
2021/02/06 22:39:36 [debug  ] gate Run data: [33 0]
2021/02/06 22:39:47 [debug  ] gate Run data: [33 0]
2021/02/06 22:39:58 [debug  ] gate Run data: [33 0]
2021/02/06 22:40:09 [debug  ] gate Run data: [33 0]
2021/02/06 22:40:20 [debug  ] gate Run data: [33 0]
2021/02/06 22:40:31 [debug  ] gate Run data: [33 0]
2021/02/06 22:40:42 [debug  ] gate Run data: [33 0]
2021/02/06 22:40:53 [debug  ] gate Run data: [33 0]
2021/02/06 22:41:04 [debug  ] gate Run data: [33 0]
2021/02/06 22:41:15 [debug  ] gate Run data: [33 0]
2021/02/06 22:41:26 [debug  ] gate Run data: [33 0]
2021/02/06 22:41:33 [debug  ] Info, UpdateRank
2021/02/06 22:41:33 [debug  ] Info, sort guild ,GuildRankTime:%!(EXTRA int64=12939369320000, string= rank num:, int32=21)
2021/02/06 22:41:37 [debug  ] gate Run data: [33 0]
2021/02/06 22:41:48 [debug  ] gate Run data: [33 0]
2021/02/06 22:41:59 [debug  ] gate Run data: [33 0]
2021/02/06 22:42:10 [debug  ] gate Run data: [33 0]
2021/02/06 22:42:21 [debug  ] gate Run data: [33 0]
2021/02/06 22:42:32 [debug  ] gate Run data: [33 0]
2021/02/06 22:42:43 [debug  ] gate Run data: [33 0]
2021/02/06 22:42:54 [debug  ] gate Run data: [33 0]
2021/02/06 22:43:05 [debug  ] gate Run data: [33 0]
2021/02/06 22:43:16 [debug  ] gate Run data: [33 0]
2021/02/06 22:43:27 [debug  ] gate Run data: [33 0]
2021/02/06 22:43:38 [debug  ] gate Run data: [33 0]
2021/02/06 22:43:49 [debug  ] gate Run data: [33 0]
2021/02/06 22:44:00 [debug  ] gate Run data: [33 0]
2021/02/06 22:44:11 [debug  ] gate Run data: [33 0]
2021/02/06 22:44:22 [debug  ] gate Run data: [33 0]
2021/02/06 22:44:33 [debug  ] gate Run data: [33 0]
2021/02/06 22:44:44 [debug  ] gate Run data: [33 0]
2021/02/06 22:44:55 [debug  ] gate Run data: [33 0]
2021/02/06 22:45:06 [debug  ] gate Run data: [33 0]
2021/02/06 22:45:17 [debug  ] gate Run data: [33 0]
2021/02/06 22:45:28 [debug  ] gate Run data: [33 0]
2021/02/06 22:45:39 [debug  ] gate Run data: [33 0]
2021/02/06 22:45:50 [debug  ] gate Run data: [33 0]
2021/02/06 22:46:01 [debug  ] gate Run data: [33 0]
2021/02/06 22:46:12 [debug  ] gate Run data: [33 0]
2021/02/06 22:46:23 [debug  ] gate Run data: [33 0]
2021/02/06 22:46:33 [debug  ] Info, sort guild ,GuildRankTime:%!(EXTRA int64=12939399320000, string= rank num:, int32=21)
2021/02/06 22:46:33 [debug  ] Info, UpdateRank
2021/02/06 22:46:34 [debug  ] gate Run data: [33 0]
2021/02/06 22:46:45 [debug  ] gate Run data: [33 0]
2021/02/06 22:46:56 [debug  ] gate Run data: [33 0]
2021/02/06 22:47:07 [debug  ] gate Run data: [33 0]
2021/02/06 22:47:18 [debug  ] gate Run data: [33 0]
2021/02/06 22:47:29 [debug  ] gate Run data: [33 0]
2021/02/06 22:47:40 [debug  ] gate Run data: [33 0]
2021/02/06 22:47:51 [debug  ] gate Run data: [33 0]
2021/02/06 22:48:02 [debug  ] gate Run data: [33 0]
2021/02/06 22:48:12 [debug  ] gate Run data: [33 0]
2021/02/06 22:48:23 [debug  ] gate Run data: [33 0]
2021/02/06 22:48:33 [debug  ] gate Run data: [33 0]
2021/02/06 22:48:44 [debug  ] gate Run data: [33 0]
2021/02/06 22:48:55 [debug  ] gate Run data: [33 0]
2021/02/06 22:49:06 [debug  ] gate Run data: [33 0]
2021/02/06 22:49:17 [debug  ] gate Run data: [33 0]
2021/02/06 22:49:28 [debug  ] gate Run data: [33 0]
2021/02/06 22:49:39 [debug  ] gate Run data: [33 0]
2021/02/06 22:49:50 [debug  ] gate Run data: [33 0]
2021/02/06 22:50:01 [debug  ] gate Run data: [33 0]
2021/02/06 22:50:12 [debug  ] gate Run data: [33 0]
2021/02/06 22:50:23 [debug  ] gate Run data: [33 0]
2021/02/06 22:50:34 [debug  ] gate Run data: [33 0]
2021/02/06 22:50:45 [debug  ] gate Run data: [33 0]
2021/02/06 22:50:56 [debug  ] gate Run data: [33 0]
2021/02/06 22:51:07 [debug  ] gate Run data: [33 0]
2021/02/06 22:51:18 [debug  ] gate Run data: [33 0]
2021/02/06 22:51:29 [debug  ] gate Run data: [33 0]
2021/02/06 22:51:33 [debug  ] Info, UpdateRank
2021/02/06 22:51:33 [debug  ] Info, sort guild ,GuildRankTime:%!(EXTRA int64=12939429320000, string= rank num:, int32=21)
2021/02/06 22:51:40 [debug  ] gate Run data: [33 0]
2021/02/06 22:51:51 [debug  ] gate Run data: [33 0]
2021/02/06 22:52:02 [debug  ] gate Run data: [33 0]
2021/02/06 22:52:13 [debug  ] gate Run data: [33 0]
2021/02/06 22:52:24 [debug  ] gate Run data: [33 0]
2021/02/06 22:52:35 [debug  ] gate Run data: [33 0]
2021/02/06 22:52:46 [debug  ] gate Run data: [33 0]
2021/02/06 22:52:57 [debug  ] gate Run data: [33 0]
2021/02/06 22:53:08 [debug  ] gate Run data: [33 0]
2021/02/06 22:53:19 [debug  ] gate Run data: [33 0]
2021/02/06 22:53:30 [debug  ] gate Run data: [33 0]
2021/02/06 22:53:41 [debug  ] gate Run data: [33 0]
2021/02/06 22:53:52 [debug  ] gate Run data: [33 0]
2021/02/06 22:54:03 [debug  ] gate Run data: [33 0]
2021/02/06 22:54:14 [debug  ] gate Run data: [33 0]
2021/02/06 22:54:25 [debug  ] gate Run data: [33 0]
2021/02/06 22:54:36 [debug  ] gate Run data: [33 0]
2021/02/06 22:54:47 [debug  ] gate Run data: [33 0]
2021/02/06 22:54:58 [debug  ] gate Run data: [33 0]
2021/02/06 22:55:09 [debug  ] gate Run data: [33 0]
2021/02/06 22:55:20 [debug  ] gate Run data: [33 0]
2021/02/06 22:55:31 [debug  ] gate Run data: [33 0]
2021/02/06 22:55:42 [debug  ] gate Run data: [33 0]
2021/02/06 22:55:53 [debug  ] gate Run data: [33 0]
2021/02/06 22:56:04 [debug  ] gate Run data: [33 0]
2021/02/06 22:56:15 [debug  ] gate Run data: [33 0]
2021/02/06 22:56:26 [debug  ] gate Run data: [33 0]
2021/02/06 22:56:33 [debug  ] Info, sort guild ,GuildRankTime:%!(EXTRA int64=12939459320000, string= rank num:, int32=21)
2021/02/06 22:56:33 [debug  ] Info, UpdateRank
2021/02/06 22:56:37 [debug  ] gate Run data: [33 0]
2021/02/06 22:56:48 [debug  ] gate Run data: [33 0]
2021/02/06 22:56:59 [debug  ] gate Run data: [33 0]
2021/02/06 22:57:10 [debug  ] gate Run data: [33 0]
2021/02/06 22:57:21 [debug  ] gate Run data: [33 0]
2021/02/06 22:57:32 [debug  ] gate Run data: [33 0]
2021/02/06 22:57:43 [debug  ] gate Run data: [33 0]
2021/02/06 22:57:54 [debug  ] gate Run data: [33 0]
2021/02/06 22:58:05 [debug  ] gate Run data: [33 0]
2021/02/06 22:58:16 [debug  ] gate Run data: [33 0]
2021/02/06 22:58:27 [debug  ] gate Run data: [33 0]
2021/02/06 22:58:38 [debug  ] gate Run data: [33 0]
2021/02/06 22:58:49 [debug  ] gate Run data: [33 0]
2021/02/06 22:59:00 [debug  ] gate Run data: [33 0]
2021/02/06 22:59:11 [debug  ] gate Run data: [33 0]
2021/02/06 22:59:22 [debug  ] gate Run data: [33 0]
2021/02/06 22:59:33 [debug  ] gate Run data: [33 0]
2021/02/06 22:59:44 [debug  ] gate Run data: [33 0]
2021/02/06 22:59:55 [debug  ] gate Run data: [33 0]
2021/02/06 23:00:06 [debug  ] gate Run data: [33 0]
2021/02/06 23:00:17 [debug  ] gate Run data: [33 0]
2021/02/06 23:00:28 [debug  ] gate Run data: [33 0]
2021/02/06 23:00:39 [debug  ] gate Run data: [33 0]
2021/02/06 23:00:50 [debug  ] gate Run data: [33 0]
2021/02/06 23:01:01 [debug  ] gate Run data: [33 0]
2021/02/06 23:01:12 [debug  ] gate Run data: [33 0]
2021/02/06 23:01:23 [debug  ] gate Run data: [33 0]
2021/02/06 23:01:33 [debug  ] Info, sort guild ,GuildRankTime:%!(EXTRA int64=12939489320000, string= rank num:, int32=21)
2021/02/06 23:01:33 [debug  ] Info, UpdateRank
2021/02/06 23:01:34 [debug  ] gate Run data: [33 0]
2021/02/06 23:01:45 [debug  ] gate Run data: [33 0]
2021/02/06 23:01:56 [debug  ] gate Run data: [33 0]
2021/02/06 23:02:07 [debug  ] gate Run data: [33 0]
2021/02/06 23:02:18 [debug  ] gate Run data: [33 0]
2021/02/06 23:02:28 [debug  ] gate Run data: [33 0]
2021/02/06 23:02:39 [debug  ] gate Run data: [33 0]
2021/02/06 23:02:49 [debug  ] gate Run data: [33 0]
2021/02/06 23:03:00 [debug  ] gate Run data: [33 0]
2021/02/06 23:03:11 [debug  ] gate Run data: [33 0]
2021/02/06 23:03:22 [debug  ] gate Run data: [33 0]
2021/02/06 23:03:33 [debug  ] gate Run data: [33 0]
2021/02/06 23:03:44 [debug  ] gate Run data: [33 0]
2021/02/06 23:03:55 [debug  ] gate Run data: [33 0]
2021/02/06 23:04:06 [debug  ] gate Run data: [33 0]
2021/02/06 23:04:17 [debug  ] gate Run data: [33 0]
2021/02/06 23:04:28 [debug  ] gate Run data: [33 0]
2021/02/06 23:04:39 [debug  ] gate Run data: [33 0]
2021/02/06 23:04:50 [debug  ] gate Run data: [33 0]
2021/02/06 23:05:01 [debug  ] gate Run data: [33 0]
2021/02/06 23:05:12 [debug  ] gate Run data: [33 0]
2021/02/06 23:05:23 [debug  ] gate Run data: [33 0]
2021/02/06 23:05:34 [debug  ] gate Run data: [33 0]
2021/02/06 23:05:45 [debug  ] gate Run data: [33 0]
2021/02/06 23:05:56 [debug  ] gate Run data: [33 0]
2021/02/06 23:06:07 [debug  ] gate Run data: [33 0]
2021/02/06 23:06:18 [debug  ] gate Run data: [33 0]
2021/02/06 23:06:29 [debug  ] gate Run data: [33 0]
2021/02/06 23:06:33 [debug  ] Info, sort guild ,GuildRankTime:%!(EXTRA int64=12939519320000, string= rank num:, int32=21)
2021/02/06 23:06:33 [debug  ] Info, UpdateRank
2021/02/06 23:06:40 [debug  ] gate Run data: [33 0]
2021/02/06 23:06:51 [debug  ] gate Run data: [33 0]
2021/02/06 23:07:02 [debug  ] gate Run data: [33 0]
2021/02/06 23:07:13 [debug  ] gate Run data: [33 0]
2021/02/06 23:07:24 [debug  ] gate Run data: [33 0]
2021/02/06 23:07:35 [debug  ] gate Run data: [33 0]
2021/02/06 23:07:46 [debug  ] gate Run data: [33 0]
2021/02/06 23:07:57 [debug  ] gate Run data: [33 0]
2021/02/06 23:08:08 [debug  ] gate Run data: [33 0]
2021/02/06 23:08:19 [debug  ] gate Run data: [33 0]
2021/02/06 23:08:30 [debug  ] gate Run data: [33 0]
2021/02/06 23:08:41 [debug  ] gate Run data: [33 0]
2021/02/06 23:08:52 [debug  ] gate Run data: [33 0]
2021/02/06 23:09:03 [debug  ] gate Run data: [33 0]
2021/02/06 23:09:14 [debug  ] gate Run data: [33 0]
2021/02/06 23:09:25 [debug  ] gate Run data: [33 0]
2021/02/06 23:09:36 [debug  ] gate Run data: [33 0]
2021/02/06 23:09:47 [debug  ] gate Run data: [33 0]
2021/02/06 23:09:58 [debug  ] gate Run data: [33 0]
2021/02/06 23:10:09 [debug  ] gate Run data: [33 0]
2021/02/06 23:10:20 [debug  ] gate Run data: [33 0]
2021/02/06 23:10:31 [debug  ] gate Run data: [33 0]
2021/02/06 23:10:42 [debug  ] gate Run data: [33 0]
2021/02/06 23:10:53 [debug  ] gate Run data: [33 0]
2021/02/06 23:11:04 [debug  ] gate Run data: [33 0]
2021/02/06 23:11:15 [debug  ] gate Run data: [33 0]
2021/02/06 23:11:26 [debug  ] gate Run data: [33 0]
2021/02/06 23:11:33 [debug  ] Info, sort guild ,GuildRankTime:%!(EXTRA int64=12939549320000, string= rank num:, int32=21)
2021/02/06 23:11:33 [debug  ] Info, UpdateRank
2021/02/06 23:11:37 [debug  ] gate Run data: [33 0]
2021/02/06 23:11:39 [debug  ] rpcNewAgent
2021/02/06 23:11:48 [debug  ] gate Run data: [33 0]
2021/02/06 23:11:59 [debug  ] gate Run data: [33 0]
2021/02/06 23:12:10 [debug  ] gate Run data: [33 0]
2021/02/06 23:12:21 [debug  ] gate Run data: [33 0]
2021/02/06 23:12:32 [debug  ] gate Run data: [33 0]
2021/02/06 23:12:43 [debug  ] gate Run data: [33 0]
2021/02/06 23:12:54 [debug  ] gate Run data: [33 0]
2021/02/06 23:13:05 [debug  ] gate Run data: [33 0]
2021/02/06 23:13:16 [debug  ] gate Run data: [33 0]
2021/02/06 23:13:27 [debug  ] gate Run data: [33 0]
2021/02/06 23:13:38 [debug  ] gate Run data: [33 0]
2021/02/06 23:13:49 [debug  ] gate Run data: [33 0]
2021/02/06 23:14:00 [debug  ] gate Run data: [33 0]
2021/02/06 23:14:11 [debug  ] gate Run data: [33 0]
2021/02/06 23:14:22 [debug  ] gate Run data: [33 0]
2021/02/06 23:14:33 [debug  ] gate Run data: [33 0]
2021/02/06 23:14:41 [debug  ] Close agent cause heartbeat timeout
2021/02/06 23:14:41 [debug  ] gate read message: read tcp [::1]:17183->[::1]:59526: use of closed network connection
2021/02/06 23:14:41 [debug  ] rpcCloseAgent
2021/02/06 23:14:44 [debug  ] gate Run data: [33 0]
2021/02/06 23:14:55 [debug  ] gate Run data: [33 0]
2021/02/06 23:15:06 [debug  ] gate Run data: [33 0]
2021/02/06 23:15:17 [debug  ] gate Run data: [33 0]
2021/02/06 23:15:28 [debug  ] gate Run data: [33 0]
2021/02/06 23:15:35 [debug  ] rpcNewAgent
2021/02/06 23:15:39 [debug  ] gate Run data: [33 0]
2021/02/06 23:15:50 [debug  ] gate Run data: [33 0]
2021/02/06 23:16:01 [debug  ] gate Run data: [33 0]
2021/02/06 23:16:12 [debug  ] gate Run data: [33 0]
2021/02/06 23:16:23 [debug  ] gate Run data: [33 0]
2021/02/06 23:16:33 [debug  ] Info, sort guild ,GuildRankTime:%!(EXTRA int64=12939579320000, string= rank num:, int32=21)
2021/02/06 23:16:33 [debug  ] Info, UpdateRank
2021/02/06 23:16:34 [debug  ] gate Run data: [33 0]
2021/02/06 23:16:45 [debug  ] gate Run data: [33 0]
2021/02/06 23:16:56 [debug  ] gate Run data: [33 0]
2021/02/06 23:17:07 [debug  ] gate Run data: [33 0]
2021/02/06 23:17:18 [debug  ] gate Run data: [33 0]
2021/02/06 23:17:28 [debug  ] gate Run data: [33 0]
2021/02/06 23:17:39 [debug  ] gate Run data: [33 0]
2021/02/06 23:17:50 [debug  ] gate Run data: [33 0]
2021/02/06 23:18:01 [debug  ] gate Run data: [33 0]
2021/02/06 23:18:12 [debug  ] gate Run data: [33 0]
2021/02/06 23:18:23 [debug  ] gate Run data: [33 0]
2021/02/06 23:18:34 [debug  ] gate Run data: [33 0]
2021/02/06 23:18:36 [debug  ] Close agent cause heartbeat timeout
2021/02/06 23:18:36 [debug  ] gate read message: read tcp [::1]:17183->[::1]:59753: use of closed network connection
2021/02/06 23:18:36 [debug  ] rpcCloseAgent
2021/02/06 23:18:45 [debug  ] gate Run data: [33 0]
2021/02/06 23:18:56 [debug  ] gate Run data: [33 0]
2021/02/06 23:19:07 [debug  ] gate Run data: [33 0]
2021/02/06 23:19:18 [debug  ] gate Run data: [33 0]
2021/02/06 23:19:29 [debug  ] gate Run data: [33 0]
2021/02/06 23:19:40 [debug  ] gate Run data: [33 0]
2021/02/06 23:19:51 [debug  ] gate Run data: [33 0]
2021/02/06 23:20:02 [debug  ] gate Run data: [33 0]
2021/02/06 23:20:13 [debug  ] gate Run data: [33 0]
2021/02/06 23:20:24 [debug  ] gate Run data: [33 0]
2021/02/06 23:20:35 [debug  ] gate Run data: [33 0]
2021/02/06 23:20:46 [debug  ] gate Run data: [33 0]
2021/02/06 23:20:57 [debug  ] gate Run data: [33 0]
2021/02/06 23:21:08 [debug  ] gate Run data: [33 0]
2021/02/06 23:21:19 [debug  ] gate Run data: [33 0]
2021/02/06 23:21:30 [debug  ] gate Run data: [33 0]
2021/02/06 23:21:33 [debug  ] Info, UpdateRank
2021/02/06 23:21:33 [debug  ] Info, sort guild ,GuildRankTime:%!(EXTRA int64=12939609320000, string= rank num:, int32=21)
2021/02/06 23:21:41 [debug  ] gate Run data: [33 0]
2021/02/06 23:21:52 [debug  ] gate Run data: [33 0]
2021/02/06 23:22:03 [debug  ] gate Run data: [33 0]
2021/02/06 23:22:14 [debug  ] gate Run data: [33 0]
2021/02/06 23:22:25 [debug  ] gate Run data: [33 0]
2021/02/06 23:22:36 [debug  ] gate Run data: [33 0]
2021/02/06 23:22:47 [debug  ] gate Run data: [33 0]
2021/02/06 23:22:58 [debug  ] gate Run data: [33 0]
2021/02/06 23:23:09 [debug  ] gate Run data: [33 0]
2021/02/06 23:23:20 [debug  ] gate Run data: [33 0]
2021/02/06 23:23:31 [debug  ] gate Run data: [33 0]
2021/02/06 23:23:42 [debug  ] gate Run data: [33 0]
2021/02/06 23:23:53 [debug  ] gate Run data: [33 0]
2021/02/06 23:24:04 [debug  ] gate Run data: [33 0]
2021/02/06 23:24:15 [debug  ] gate Run data: [33 0]
2021/02/06 23:24:26 [debug  ] gate Run data: [33 0]
2021/02/06 23:24:37 [debug  ] gate Run data: [33 0]
2021/02/06 23:24:48 [debug  ] gate Run data: [33 0]
2021/02/06 23:24:59 [debug  ] gate Run data: [33 0]
2021/02/06 23:25:10 [debug  ] gate Run data: [33 0]
2021/02/06 23:25:21 [debug  ] gate Run data: [33 0]
2021/02/06 23:25:32 [debug  ] gate Run data: [33 0]
2021/02/06 23:25:42 [debug  ] gate Run data: [33 0]
2021/02/06 23:25:53 [debug  ] gate Run data: [33 0]
2021/02/06 23:26:04 [debug  ] gate Run data: [33 0]
2021/02/06 23:26:15 [debug  ] gate Run data: [33 0]
2021/02/06 23:26:26 [debug  ] gate Run data: [33 0]
2021/02/06 23:26:33 [debug  ] Info, sort guild ,GuildRankTime:%!(EXTRA int64=12939639330000, string= rank num:, int32=21)
2021/02/06 23:26:33 [debug  ] Info, UpdateRank
2021/02/06 23:26:37 [debug  ] gate Run data: [33 0]
2021/02/06 23:26:48 [debug  ] gate Run data: [33 0]
2021/02/06 23:26:59 [debug  ] gate Run data: [33 0]
2021/02/06 23:27:10 [debug  ] gate Run data: [33 0]
2021/02/06 23:27:21 [debug  ] gate Run data: [33 0]
2021/02/06 23:27:32 [debug  ] gate Run data: [33 0]
2021/02/06 23:27:43 [debug  ] gate Run data: [33 0]
2021/02/06 23:27:54 [debug  ] gate Run data: [33 0]
2021/02/06 23:28:05 [debug  ] gate Run data: [33 0]
2021/02/06 23:28:16 [debug  ] gate Run data: [33 0]
2021/02/06 23:28:27 [debug  ] gate Run data: [33 0]
2021/02/06 23:28:38 [debug  ] gate Run data: [33 0]
2021/02/06 23:28:49 [debug  ] gate Run data: [33 0]
2021/02/06 23:29:00 [debug  ] gate Run data: [33 0]
2021/02/06 23:29:10 [debug  ] gate Run data: [33 0]
2021/02/06 23:29:21 [debug  ] gate Run data: [33 0]
2021/02/06 23:29:32 [debug  ] gate Run data: [33 0]
2021/02/06 23:29:43 [debug  ] gate Run data: [33 0]
2021/02/06 23:29:54 [debug  ] gate Run data: [33 0]
2021/02/06 23:30:05 [debug  ] gate Run data: [33 0]
2021/02/06 23:30:16 [debug  ] gate Run data: [33 0]
2021/02/06 23:30:27 [debug  ] gate Run data: [33 0]
2021/02/06 23:30:38 [debug  ] gate Run data: [33 0]
2021/02/06 23:30:49 [debug  ] gate Run data: [33 0]
2021/02/06 23:31:00 [debug  ] gate Run data: [33 0]
2021/02/06 23:31:11 [debug  ] gate Run data: [33 0]
2021/02/06 23:31:22 [debug  ] gate Run data: [33 0]
2021/02/06 23:31:33 [debug  ] Info, sort guild ,GuildRankTime:%!(EXTRA int64=12939669330000, string= rank num:, int32=21)
2021/02/06 23:31:33 [debug  ] Info, UpdateRank
2021/02/06 23:31:33 [debug  ] gate Run data: [33 0]
2021/02/06 23:31:44 [debug  ] gate Run data: [33 0]
2021/02/06 23:31:55 [debug  ] gate Run data: [33 0]
2021/02/06 23:32:06 [debug  ] gate Run data: [33 0]
2021/02/06 23:32:17 [debug  ] gate Run data: [33 0]
2021/02/06 23:32:28 [debug  ] gate Run data: [33 0]
2021/02/06 23:32:38 [debug  ] gate Run data: [33 0]
2021/02/06 23:32:49 [debug  ] gate Run data: [33 0]
2021/02/06 23:33:00 [debug  ] gate Run data: [33 0]
2021/02/06 23:33:11 [debug  ] gate Run data: [33 0]
2021/02/06 23:33:22 [debug  ] gate Run data: [33 0]
2021/02/06 23:33:33 [debug  ] gate Run data: [33 0]
2021/02/06 23:33:44 [debug  ] gate Run data: [33 0]
2021/02/06 23:33:55 [debug  ] gate Run data: [33 0]
2021/02/06 23:34:06 [debug  ] gate Run data: [33 0]
2021/02/06 23:34:17 [debug  ] gate Run data: [33 0]
2021/02/06 23:34:27 [debug  ] gate Run data: [33 0]
2021/02/06 23:34:38 [debug  ] gate Run data: [33 0]
2021/02/06 23:34:49 [debug  ] gate Run data: [33 0]
2021/02/06 23:35:00 [debug  ] gate Run data: [33 0]
2021/02/06 23:35:11 [debug  ] gate Run data: [33 0]
2021/02/06 23:35:22 [debug  ] gate Run data: [33 0]
2021/02/06 23:35:33 [debug  ] gate Run data: [33 0]
2021/02/06 23:35:44 [debug  ] gate Run data: [33 0]
2021/02/06 23:35:55 [debug  ] gate Run data: [33 0]
2021/02/06 23:36:06 [debug  ] gate Run data: [33 0]
2021/02/06 23:36:17 [debug  ] gate Run data: [33 0]
2021/02/06 23:36:28 [debug  ] gate Run data: [33 0]
2021/02/06 23:36:33 [debug  ] Info, sort guild ,GuildRankTime:%!(EXTRA int64=12939699330000, string= rank num:, int32=21)
2021/02/06 23:36:33 [debug  ] Info, UpdateRank
2021/02/06 23:36:39 [debug  ] gate Run data: [33 0]
2021/02/06 23:36:50 [debug  ] gate Run data: [33 0]
2021/02/06 23:37:01 [debug  ] gate Run data: [33 0]
2021/02/06 23:37:12 [debug  ] gate Run data: [33 0]
2021/02/06 23:37:23 [debug  ] gate Run data: [33 0]
2021/02/06 23:37:34 [debug  ] gate Run data: [33 0]
2021/02/06 23:37:45 [debug  ] gate Run data: [33 0]
2021/02/06 23:37:55 [debug  ] gate Run data: [33 0]
2021/02/06 23:38:06 [debug  ] gate Run data: [33 0]
2021/02/06 23:38:16 [debug  ] gate Run data: [33 0]
2021/02/06 23:38:27 [debug  ] gate Run data: [33 0]
2021/02/06 23:38:38 [debug  ] gate Run data: [33 0]
2021/02/06 23:38:49 [debug  ] gate Run data: [33 0]
2021/02/06 23:39:00 [debug  ] gate Run data: [33 0]
2021/02/06 23:39:11 [debug  ] gate Run data: [33 0]
2021/02/06 23:39:22 [debug  ] gate Run data: [33 0]
2021/02/06 23:39:33 [debug  ] gate Run data: [33 0]
2021/02/06 23:39:44 [debug  ] gate Run data: [33 0]
2021/02/06 23:39:55 [debug  ] gate Run data: [33 0]
2021/02/06 23:40:05 [debug  ] gate Run data: [33 0]
2021/02/06 23:40:16 [debug  ] gate Run data: [33 0]
2021/02/06 23:40:27 [debug  ] gate Run data: [33 0]
2021/02/06 23:40:38 [debug  ] gate Run data: [33 0]
2021/02/06 23:40:49 [debug  ] gate Run data: [33 0]
2021/02/06 23:41:00 [debug  ] gate Run data: [33 0]
2021/02/06 23:41:11 [debug  ] gate Run data: [33 0]
2021/02/06 23:41:22 [debug  ] gate Run data: [33 0]
2021/02/06 23:41:33 [debug  ] Info, UpdateRank
2021/02/06 23:41:33 [debug  ] Info, sort guild ,GuildRankTime:%!(EXTRA int64=12939729330000, string= rank num:, int32=21)
2021/02/06 23:41:33 [debug  ] gate Run data: [33 0]
2021/02/06 23:41:44 [debug  ] gate Run data: [33 0]
2021/02/06 23:41:55 [debug  ] gate Run data: [33 0]
2021/02/06 23:42:06 [debug  ] gate Run data: [33 0]
2021/02/06 23:42:17 [debug  ] gate Run data: [33 0]
2021/02/06 23:42:28 [debug  ] gate Run data: [33 0]
2021/02/06 23:42:39 [debug  ] gate Run data: [33 0]
2021/02/06 23:42:50 [debug  ] gate Run data: [33 0]
2021/02/06 23:43:01 [debug  ] gate Run data: [33 0]
2021/02/06 23:43:12 [debug  ] gate Run data: [33 0]
2021/02/06 23:43:23 [debug  ] gate Run data: [33 0]
2021/02/06 23:43:34 [debug  ] gate Run data: [33 0]
2021/02/06 23:43:45 [debug  ] gate Run data: [33 0]
2021/02/06 23:43:56 [debug  ] gate Run data: [33 0]
2021/02/06 23:44:07 [debug  ] gate Run data: [33 0]
2021/02/06 23:44:18 [debug  ] gate Run data: [33 0]
2021/02/06 23:44:29 [debug  ] gate Run data: [33 0]
2021/02/06 23:44:40 [debug  ] gate Run data: [33 0]
2021/02/06 23:44:51 [debug  ] gate Run data: [33 0]
2021/02/06 23:45:02 [debug  ] gate Run data: [33 0]
2021/02/06 23:45:12 [debug  ] gate Run data: [33 0]
2021/02/06 23:45:23 [debug  ] gate Run data: [33 0]
2021/02/06 23:45:34 [debug  ] gate Run data: [33 0]
2021/02/06 23:45:45 [debug  ] gate Run data: [33 0]
2021/02/06 23:45:56 [debug  ] gate Run data: [33 0]
2021/02/06 23:46:07 [debug  ] gate Run data: [33 0]
2021/02/06 23:46:18 [debug  ] gate Run data: [33 0]
2021/02/06 23:46:29 [debug  ] gate Run data: [33 0]
2021/02/06 23:46:33 [debug  ] Info, UpdateRank
2021/02/06 23:46:33 [debug  ] Info, sort guild ,GuildRankTime:%!(EXTRA int64=12939759330000, string= rank num:, int32=21)
2021/02/06 23:46:40 [debug  ] gate Run data: [33 0]
2021/02/06 23:46:51 [debug  ] gate Run data: [33 0]
2021/02/06 23:47:02 [debug  ] gate Run data: [33 0]
2021/02/06 23:47:13 [debug  ] gate Run data: [33 0]
2021/02/06 23:47:24 [debug  ] gate Run data: [33 0]
2021/02/06 23:47:35 [debug  ] gate Run data: [33 0]
2021/02/06 23:47:46 [debug  ] gate Run data: [33 0]
2021/02/06 23:47:57 [debug  ] gate Run data: [33 0]
2021/02/06 23:48:08 [debug  ] gate Run data: [33 0]
2021/02/06 23:48:19 [debug  ] gate Run data: [33 0]
2021/02/06 23:48:30 [debug  ] gate Run data: [33 0]
2021/02/06 23:48:41 [debug  ] gate Run data: [33 0]
2021/02/06 23:48:52 [debug  ] gate Run data: [33 0]
2021/02/06 23:49:03 [debug  ] gate Run data: [33 0]
2021/02/06 23:49:14 [debug  ] gate Run data: [33 0]
2021/02/06 23:49:25 [debug  ] gate Run data: [33 0]
2021/02/06 23:49:36 [debug  ] gate Run data: [33 0]
2021/02/06 23:49:47 [debug  ] gate Run data: [33 0]
2021/02/06 23:49:58 [debug  ] gate Run data: [33 0]
2021/02/06 23:50:09 [debug  ] gate Run data: [33 0]
2021/02/06 23:50:20 [debug  ] gate Run data: [33 0]
2021/02/06 23:50:31 [debug  ] gate Run data: [33 0]
2021/02/06 23:50:42 [debug  ] gate Run data: [33 0]
2021/02/06 23:50:53 [debug  ] gate Run data: [33 0]
2021/02/06 23:51:04 [debug  ] gate Run data: [33 0]
2021/02/06 23:51:15 [debug  ] gate Run data: [33 0]
2021/02/06 23:51:26 [debug  ] gate Run data: [33 0]
2021/02/06 23:51:33 [debug  ] Info, sort guild ,GuildRankTime:%!(EXTRA int64=12939789330000, string= rank num:, int32=21)
2021/02/06 23:51:33 [debug  ] Info, UpdateRank
2021/02/06 23:51:37 [debug  ] gate Run data: [33 0]
2021/02/06 23:51:48 [debug  ] gate Run data: [33 0]
2021/02/06 23:51:59 [debug  ] gate Run data: [33 0]
2021/02/06 23:52:10 [debug  ] gate Run data: [33 0]
2021/02/06 23:52:21 [debug  ] gate Run data: [33 0]
2021/02/06 23:52:32 [debug  ] gate Run data: [33 0]
2021/02/06 23:52:43 [debug  ] gate Run data: [33 0]
2021/02/06 23:52:54 [debug  ] gate Run data: [33 0]
2021/02/06 23:53:05 [debug  ] gate Run data: [33 0]
2021/02/06 23:53:16 [debug  ] gate Run data: [33 0]
2021/02/06 23:53:27 [debug  ] gate Run data: [33 0]
2021/02/06 23:53:38 [debug  ] gate Run data: [33 0]
2021/02/06 23:53:49 [debug  ] gate Run data: [33 0]
2021/02/06 23:54:00 [debug  ] gate Run data: [33 0]
2021/02/06 23:54:11 [debug  ] gate Run data: [33 0]
2021/02/06 23:54:21 [debug  ] gate Run data: [33 0]
2021/02/06 23:54:32 [debug  ] gate Run data: [33 0]
2021/02/06 23:54:43 [debug  ] gate Run data: [33 0]
2021/02/06 23:54:54 [debug  ] gate Run data: [33 0]
2021/02/06 23:55:05 [debug  ] gate Run data: [33 0]
2021/02/06 23:55:16 [debug  ] gate Run data: [33 0]
2021/02/06 23:55:27 [debug  ] gate Run data: [33 0]
2021/02/06 23:55:38 [debug  ] gate Run data: [33 0]
2021/02/06 23:55:49 [debug  ] gate Run data: [33 0]
2021/02/06 23:56:00 [debug  ] gate Run data: [33 0]
2021/02/06 23:56:11 [debug  ] gate Run data: [33 0]
2021/02/06 23:56:22 [debug  ] gate Run data: [33 0]
2021/02/06 23:56:33 [debug  ] Info, sort guild ,GuildRankTime:%!(EXTRA int64=12939819330000, string= rank num:, int32=21)
2021/02/06 23:56:33 [debug  ] Info, UpdateRank
2021/02/06 23:56:33 [debug  ] gate Run data: [33 0]
2021/02/06 23:56:44 [debug  ] gate Run data: [33 0]
2021/02/06 23:56:55 [debug  ] gate Run data: [33 0]
2021/02/06 23:57:06 [debug  ] gate Run data: [33 0]
2021/02/06 23:57:17 [debug  ] gate Run data: [33 0]
2021/02/06 23:57:28 [debug  ] gate Run data: [33 0]
2021/02/06 23:57:39 [debug  ] gate Run data: [33 0]
2021/02/06 23:57:50 [debug  ] gate Run data: [33 0]
2021/02/06 23:58:01 [debug  ] gate Run data: [33 0]
2021/02/06 23:58:12 [debug  ] gate Run data: [33 0]
2021/02/06 23:58:23 [debug  ] gate Run data: [33 0]
2021/02/06 23:58:34 [debug  ] gate Run data: [33 0]
2021/02/06 23:58:45 [debug  ] gate Run data: [33 0]
2021/02/06 23:58:56 [debug  ] gate Run data: [33 0]
2021/02/06 23:59:07 [debug  ] gate Run data: [33 0]
2021/02/06 23:59:18 [debug  ] gate Run data: [33 0]
2021/02/06 23:59:29 [debug  ] gate Run data: [33 0]
2021/02/06 23:59:40 [debug  ] gate Run data: [33 0]
2021/02/06 23:59:51 [debug  ] gate Run data: [33 0]
2021/02/07 00:00:00 [debug  ] DoDailyUpdatePlayers
2021/02/07 00:00:00 [debug  ] time Now 2021-02-07 00:00:00.0226068 +0800 CST m=+16421.273036701
2021/02/07 00:00:00 [debug  ] year:2021, month:2, day:6
2021/02/07 00:00:00 [debug  ] LastDailyUpdateAt 2021-02-06 00:00:00 +0000 UTC
2021/02/07 00:00:00 [debug  ] Next Daily Update Time: 2021-02-08 00:00:00 +0800 CST
2021/02/07 00:00:00 [debug  ] ActivityUpdateCheck
2021/02/07 00:00:10 [debug  ] gate Run data: [33 0]
2021/02/07 00:00:21 [debug  ] gate Run data: [33 0]
2021/02/07 00:00:32 [debug  ] gate Run data: [33 0]
2021/02/07 00:00:43 [debug  ] gate Run data: [33 0]
2021/02/07 00:00:54 [debug  ] gate Run data: [33 0]
2021/02/07 00:01:05 [debug  ] gate Run data: [33 0]
2021/02/07 00:01:16 [debug  ] gate Run data: [33 0]
2021/02/07 00:01:27 [debug  ] gate Run data: [33 0]
2021/02/07 00:01:33 [debug  ] Info, sort guild ,GuildRankTime:%!(EXTRA int64=12939849330000, string= rank num:, int32=21)
2021/02/07 00:01:33 [debug  ] Info, UpdateRank
2021/02/07 00:01:38 [debug  ] gate Run data: [33 0]
2021/02/07 00:01:49 [debug  ] gate Run data: [33 0]
2021/02/07 00:02:00 [debug  ] gate Run data: [33 0]
2021/02/07 00:02:11 [debug  ] gate Run data: [33 0]
2021/02/07 00:02:22 [debug  ] gate Run data: [33 0]
2021/02/07 00:02:33 [debug  ] gate Run data: [33 0]
2021/02/07 00:02:44 [debug  ] gate Run data: [33 0]
2021/02/07 00:02:55 [debug  ] gate Run data: [33 0]
2021/02/07 00:03:06 [debug  ] gate Run data: [33 0]
2021/02/07 00:03:17 [debug  ] gate Run data: [33 0]
2021/02/07 00:03:28 [debug  ] gate Run data: [33 0]
2021/02/07 00:03:39 [debug  ] gate Run data: [33 0]
2021/02/07 00:03:50 [debug  ] gate Run data: [33 0]
2021/02/07 00:04:01 [debug  ] gate Run data: [33 0]
2021/02/07 00:04:12 [debug  ] gate Run data: [33 0]
2021/02/07 00:04:23 [debug  ] gate Run data: [33 0]
2021/02/07 00:04:34 [debug  ] gate Run data: [33 0]
2021/02/07 00:04:45 [debug  ] gate Run data: [33 0]
2021/02/07 00:04:56 [debug  ] gate Run data: [33 0]
2021/02/07 00:05:07 [debug  ] gate Run data: [33 0]
2021/02/07 00:05:18 [debug  ] gate Run data: [33 0]
2021/02/07 00:05:29 [debug  ] gate Run data: [33 0]
2021/02/07 00:05:40 [debug  ] gate Run data: [33 0]
2021/02/07 00:05:51 [debug  ] gate Run data: [33 0]
2021/02/07 00:06:02 [debug  ] gate Run data: [33 0]
2021/02/07 00:06:13 [debug  ] gate Run data: [33 0]
2021/02/07 00:06:24 [debug  ] gate Run data: [33 0]
2021/02/07 00:06:33 [debug  ] Info, UpdateRank
2021/02/07 00:06:33 [debug  ] Info, sort guild ,GuildRankTime:%!(EXTRA int64=12939879330000, string= rank num:, int32=21)
2021/02/07 00:06:35 [debug  ] gate Run data: [33 0]
2021/02/07 00:06:46 [debug  ] gate Run data: [33 0]
2021/02/07 00:06:57 [debug  ] gate Run data: [33 0]
2021/02/07 00:07:08 [debug  ] gate Run data: [33 0]
2021/02/07 00:07:19 [debug  ] gate Run data: [33 0]
2021/02/07 00:07:30 [debug  ] gate Run data: [33 0]
2021/02/07 00:07:40 [debug  ] gate Run data: [33 0]
2021/02/07 00:07:51 [debug  ] gate Run data: [33 0]
2021/02/07 00:08:02 [debug  ] gate Run data: [33 0]
2021/02/07 00:08:13 [debug  ] gate Run data: [33 0]
2021/02/07 00:08:24 [debug  ] gate Run data: [33 0]
2021/02/07 00:08:35 [debug  ] gate Run data: [33 0]
2021/02/07 00:08:46 [debug  ] gate Run data: [33 0]
2021/02/07 00:08:57 [debug  ] gate Run data: [33 0]
2021/02/07 00:09:08 [debug  ] gate Run data: [33 0]
2021/02/07 00:09:19 [debug  ] gate Run data: [33 0]
2021/02/07 00:09:30 [debug  ] gate Run data: [33 0]
2021/02/07 00:09:41 [debug  ] gate Run data: [33 0]
2021/02/07 00:09:52 [debug  ] gate Run data: [33 0]
2021/02/07 00:10:03 [debug  ] gate Run data: [33 0]
2021/02/07 00:10:14 [debug  ] gate Run data: [33 0]
2021/02/07 00:10:25 [debug  ] gate Run data: [33 0]
2021/02/07 00:10:36 [debug  ] gate Run data: [33 0]
2021/02/07 00:10:47 [debug  ] gate Run data: [33 0]
2021/02/07 00:10:58 [debug  ] gate Run data: [33 0]
2021/02/07 00:11:08 [debug  ] gate Run data: [33 0]
2021/02/07 00:11:19 [debug  ] gate Run data: [33 0]
2021/02/07 00:11:30 [debug  ] gate Run data: [33 0]
2021/02/07 00:11:33 [debug  ] Info, UpdateRank
2021/02/07 00:11:33 [debug  ] Info, sort guild ,GuildRankTime:%!(EXTRA int64=12939909330000, string= rank num:, int32=21)
2021/02/07 00:11:34 [debug  ] rpcNewAgent
2021/02/07 00:11:41 [debug  ] gate Run data: [33 0]
2021/02/07 00:11:52 [debug  ] gate Run data: [33 0]
2021/02/07 00:12:03 [debug  ] gate Run data: [33 0]
2021/02/07 00:12:14 [debug  ] gate Run data: [33 0]
2021/02/07 00:12:25 [debug  ] gate Run data: [33 0]
2021/02/07 00:12:36 [debug  ] gate Run data: [33 0]
2021/02/07 00:12:47 [debug  ] gate Run data: [33 0]
2021/02/07 00:12:58 [debug  ] gate Run data: [33 0]
2021/02/07 00:13:09 [debug  ] gate Run data: [33 0]
2021/02/07 00:13:20 [debug  ] gate Run data: [33 0]
2021/02/07 00:13:31 [debug  ] gate Run data: [33 0]
2021/02/07 00:13:42 [debug  ] gate Run data: [33 0]
2021/02/07 00:13:53 [debug  ] gate Run data: [33 0]
2021/02/07 00:14:04 [debug  ] gate Run data: [33 0]
2021/02/07 00:14:15 [debug  ] gate Run data: [33 0]
2021/02/07 00:14:26 [debug  ] gate Run data: [33 0]
2021/02/07 00:14:34 [debug  ] Close agent cause heartbeat timeout
2021/02/07 00:14:34 [debug  ] gate read message: read tcp [::1]:17183->[::1]:63208: use of closed network connection
2021/02/07 00:14:34 [debug  ] rpcCloseAgent
2021/02/07 00:14:37 [debug  ] gate Run data: [33 0]
2021/02/07 00:14:48 [debug  ] gate Run data: [33 0]
2021/02/07 00:14:59 [debug  ] gate Run data: [33 0]
2021/02/07 00:15:10 [debug  ] gate Run data: [33 0]
2021/02/07 00:15:21 [debug  ] gate Run data: [33 0]
2021/02/07 00:15:32 [debug  ] gate Run data: [33 0]
2021/02/07 00:15:43 [debug  ] gate Run data: [33 0]
2021/02/07 00:15:53 [debug  ] gate Run data: [33 0]
2021/02/07 00:16:04 [debug  ] gate Run data: [33 0]
2021/02/07 00:16:15 [debug  ] gate Run data: [33 0]
2021/02/07 00:16:26 [debug  ] gate Run data: [33 0]
2021/02/07 00:16:33 [debug  ] Info, UpdateRank
2021/02/07 00:16:33 [debug  ] Info, sort guild ,GuildRankTime:%!(EXTRA int64=12939939330000, string= rank num:, int32=21)
2021/02/07 00:16:37 [debug  ] gate Run data: [33 0]
2021/02/07 00:16:48 [debug  ] gate Run data: [33 0]
2021/02/07 00:16:59 [debug  ] gate Run data: [33 0]
2021/02/07 00:17:10 [debug  ] gate Run data: [33 0]
2021/02/07 00:17:21 [debug  ] gate Run data: [33 0]
2021/02/07 00:17:32 [debug  ] gate Run data: [33 0]
2021/02/07 00:17:43 [debug  ] gate Run data: [33 0]
2021/02/07 00:17:54 [debug  ] gate Run data: [33 0]
2021/02/07 00:18:05 [debug  ] gate Run data: [33 0]
2021/02/07 00:18:16 [debug  ] gate Run data: [33 0]
2021/02/07 00:18:27 [debug  ] gate Run data: [33 0]
2021/02/07 00:18:38 [debug  ] gate Run data: [33 0]
2021/02/07 00:18:49 [debug  ] gate Run data: [33 0]
2021/02/07 00:19:00 [debug  ] gate Run data: [33 0]
2021/02/07 00:19:11 [debug  ] gate Run data: [33 0]
2021/02/07 00:19:22 [debug  ] gate Run data: [33 0]
2021/02/07 00:19:33 [debug  ] gate Run data: [33 0]
2021/02/07 00:19:44 [debug  ] gate Run data: [33 0]
2021/02/07 00:19:55 [debug  ] gate Run data: [33 0]
2021/02/07 00:20:06 [debug  ] gate Run data: [33 0]
2021/02/07 00:20:17 [debug  ] gate Run data: [33 0]
2021/02/07 00:20:28 [debug  ] gate Run data: [33 0]
2021/02/07 00:20:39 [debug  ] gate Run data: [33 0]
2021/02/07 00:20:50 [debug  ] gate Run data: [33 0]
2021/02/07 00:21:01 [debug  ] gate Run data: [33 0]
2021/02/07 00:21:12 [debug  ] gate Run data: [33 0]
2021/02/07 00:21:23 [debug  ] gate Run data: [33 0]
2021/02/07 00:21:33 [debug  ] Info, sort guild ,GuildRankTime:%!(EXTRA int64=12939969330000, string= rank num:, int32=21)
2021/02/07 00:21:33 [debug  ] Info, UpdateRank
2021/02/07 00:21:34 [debug  ] gate Run data: [33 0]
2021/02/07 00:21:45 [debug  ] gate Run data: [33 0]
2021/02/07 00:21:56 [debug  ] gate Run data: [33 0]
2021/02/07 00:22:07 [debug  ] gate Run data: [33 0]
2021/02/07 00:22:18 [debug  ] gate Run data: [33 0]
2021/02/07 00:22:29 [debug  ] gate Run data: [33 0]
2021/02/07 00:22:40 [debug  ] gate Run data: [33 0]
2021/02/07 00:22:51 [debug  ] gate Run data: [33 0]
2021/02/07 00:23:02 [debug  ] gate Run data: [33 0]
2021/02/07 00:23:13 [debug  ] gate Run data: [33 0]
2021/02/07 00:23:24 [debug  ] gate Run data: [33 0]
2021/02/07 00:23:35 [debug  ] gate Run data: [33 0]
2021/02/07 00:23:46 [debug  ] gate Run data: [33 0]
2021/02/07 00:23:57 [debug  ] gate Run data: [33 0]
2021/02/07 00:24:08 [debug  ] gate Run data: [33 0]
2021/02/07 00:24:19 [debug  ] gate Run data: [33 0]
2021/02/07 00:24:30 [debug  ] gate Run data: [33 0]
2021/02/07 00:24:41 [debug  ] gate Run data: [33 0]
2021/02/07 00:24:52 [debug  ] gate Run data: [33 0]
2021/02/07 00:25:03 [debug  ] gate Run data: [33 0]
2021/02/07 00:25:14 [debug  ] gate Run data: [33 0]
2021/02/07 00:25:25 [debug  ] gate Run data: [33 0]
2021/02/07 00:25:36 [debug  ] gate Run data: [33 0]
2021/02/07 00:25:47 [debug  ] gate Run data: [33 0]
2021/02/07 00:25:58 [debug  ] gate Run data: [33 0]
2021/02/07 00:26:09 [debug  ] gate Run data: [33 0]
2021/02/07 00:26:20 [debug  ] gate Run data: [33 0]
2021/02/07 00:26:31 [debug  ] gate Run data: [33 0]
2021/02/07 00:26:33 [debug  ] Info, UpdateRank
2021/02/07 00:26:33 [debug  ] Info, sort guild ,GuildRankTime:%!(EXTRA int64=12939999330000, string= rank num:, int32=21)
2021/02/07 00:26:42 [debug  ] gate Run data: [33 0]
2021/02/07 00:26:53 [debug  ] gate Run data: [33 0]
2021/02/07 00:27:04 [debug  ] gate Run data: [33 0]
2021/02/07 00:27:15 [debug  ] gate Run data: [33 0]
2021/02/07 00:27:26 [debug  ] gate Run data: [33 0]
2021/02/07 00:27:37 [debug  ] gate Run data: [33 0]
2021/02/07 00:27:48 [debug  ] gate Run data: [33 0]
2021/02/07 00:27:59 [debug  ] gate Run data: [33 0]
2021/02/07 00:28:10 [debug  ] gate Run data: [33 0]
2021/02/07 00:28:21 [debug  ] gate Run data: [33 0]
2021/02/07 00:28:32 [debug  ] gate Run data: [33 0]
2021/02/07 00:28:43 [debug  ] gate Run data: [33 0]
2021/02/07 00:28:54 [debug  ] gate Run data: [33 0]
2021/02/07 00:29:05 [debug  ] gate Run data: [33 0]
2021/02/07 00:29:16 [debug  ] gate Run data: [33 0]
2021/02/07 00:29:27 [debug  ] gate Run data: [33 0]
2021/02/07 00:29:38 [debug  ] gate Run data: [33 0]
2021/02/07 00:29:49 [debug  ] gate Run data: [33 0]
2021/02/07 00:30:00 [debug  ] gate Run data: [33 0]
2021/02/07 00:30:11 [debug  ] gate Run data: [33 0]
2021/02/07 00:30:22 [debug  ] gate Run data: [33 0]
2021/02/07 00:30:33 [debug  ] gate Run data: [33 0]
2021/02/07 00:30:44 [debug  ] gate Run data: [33 0]
2021/02/07 00:30:55 [debug  ] gate Run data: [33 0]
2021/02/07 00:31:06 [debug  ] gate Run data: [33 0]
2021/02/07 00:31:17 [debug  ] gate Run data: [33 0]
2021/02/07 00:31:28 [debug  ] gate Run data: [33 0]
2021/02/07 00:31:33 [debug  ] Info, UpdateRank
2021/02/07 00:31:33 [debug  ] Info, sort guild ,GuildRankTime:%!(EXTRA int64=12940029330000, string= rank num:, int32=21)
2021/02/07 00:31:39 [debug  ] gate Run data: [33 0]
2021/02/07 00:31:50 [debug  ] gate Run data: [33 0]
2021/02/07 00:32:01 [debug  ] gate Run data: [33 0]
2021/02/07 00:32:12 [debug  ] gate Run data: [33 0]
2021/02/07 00:32:23 [debug  ] gate Run data: [33 0]
2021/02/07 00:32:34 [debug  ] gate Run data: [33 0]
2021/02/07 00:32:45 [debug  ] gate Run data: [33 0]
2021/02/07 00:32:56 [debug  ] gate Run data: [33 0]
2021/02/07 00:33:07 [debug  ] gate Run data: [33 0]
2021/02/07 00:33:18 [debug  ] gate Run data: [33 0]
2021/02/07 00:33:29 [debug  ] gate Run data: [33 0]
2021/02/07 00:33:40 [debug  ] gate Run data: [33 0]
2021/02/07 00:33:51 [debug  ] gate Run data: [33 0]
2021/02/07 00:34:02 [debug  ] gate Run data: [33 0]
2021/02/07 00:34:13 [debug  ] gate Run data: [33 0]
2021/02/07 00:34:24 [debug  ] gate Run data: [33 0]
2021/02/07 00:34:35 [debug  ] gate Run data: [33 0]
2021/02/07 00:34:46 [debug  ] gate Run data: [33 0]
2021/02/07 00:34:57 [debug  ] gate Run data: [33 0]
2021/02/07 00:35:08 [debug  ] gate Run data: [33 0]
2021/02/07 00:35:19 [debug  ] gate Run data: [33 0]
2021/02/07 00:35:30 [debug  ] gate Run data: [33 0]
2021/02/07 00:35:41 [debug  ] gate Run data: [33 0]
2021/02/07 00:35:52 [debug  ] gate Run data: [33 0]
2021/02/07 00:36:03 [debug  ] gate Run data: [33 0]
2021/02/07 00:36:14 [debug  ] gate Run data: [33 0]
2021/02/07 00:36:25 [debug  ] gate Run data: [33 0]
2021/02/07 00:36:33 [debug  ] Info, UpdateRank
2021/02/07 00:36:33 [debug  ] Info, sort guild ,GuildRankTime:%!(EXTRA int64=12940059340000, string= rank num:, int32=21)
2021/02/07 00:36:36 [debug  ] gate Run data: [33 0]
2021/02/07 00:36:47 [debug  ] gate Run data: [33 0]
2021/02/07 00:36:58 [debug  ] gate Run data: [33 0]
2021/02/07 00:37:09 [debug  ] gate Run data: [33 0]
2021/02/07 00:37:20 [debug  ] gate Run data: [33 0]
2021/02/07 00:37:31 [debug  ] gate Run data: [33 0]
2021/02/07 00:37:42 [debug  ] gate Run data: [33 0]
2021/02/07 00:37:53 [debug  ] gate Run data: [33 0]
2021/02/07 00:38:04 [debug  ] gate Run data: [33 0]
2021/02/07 00:38:15 [debug  ] gate Run data: [33 0]
2021/02/07 00:38:26 [debug  ] gate Run data: [33 0]
2021/02/07 00:38:37 [debug  ] gate Run data: [33 0]
2021/02/07 00:38:48 [debug  ] gate Run data: [33 0]
2021/02/07 00:38:59 [debug  ] gate Run data: [33 0]
2021/02/07 00:39:10 [debug  ] gate Run data: [33 0]
2021/02/07 00:39:21 [debug  ] gate Run data: [33 0]
2021/02/07 00:39:32 [debug  ] gate Run data: [33 0]
2021/02/07 00:39:43 [debug  ] gate Run data: [33 0]
2021/02/07 00:39:54 [debug  ] gate Run data: [33 0]
2021/02/07 00:40:05 [debug  ] gate Run data: [33 0]
2021/02/07 00:40:16 [debug  ] gate Run data: [33 0]
2021/02/07 00:40:27 [debug  ] gate Run data: [33 0]
2021/02/07 00:40:38 [debug  ] gate Run data: [33 0]
2021/02/07 00:40:49 [debug  ] gate Run data: [33 0]
2021/02/07 00:41:00 [debug  ] gate Run data: [33 0]
2021/02/07 00:41:11 [debug  ] gate Run data: [33 0]
2021/02/07 00:41:22 [debug  ] gate Run data: [33 0]
2021/02/07 00:41:33 [debug  ] Info, UpdateRank
2021/02/07 00:41:33 [debug  ] Info, sort guild ,GuildRankTime:%!(EXTRA int64=12940089340000, string= rank num:, int32=21)
2021/02/07 00:41:33 [debug  ] gate Run data: [33 0]
2021/02/07 00:41:44 [debug  ] gate Run data: [33 0]
2021/02/07 00:41:55 [debug  ] gate Run data: [33 0]
2021/02/07 00:42:06 [debug  ] gate Run data: [33 0]
2021/02/07 00:42:17 [debug  ] gate Run data: [33 0]
2021/02/07 00:42:28 [debug  ] gate Run data: [33 0]
2021/02/07 00:42:39 [debug  ] gate Run data: [33 0]
2021/02/07 00:42:50 [debug  ] gate Run data: [33 0]
2021/02/07 00:43:01 [debug  ] gate Run data: [33 0]
2021/02/07 00:43:12 [debug  ] gate Run data: [33 0]
2021/02/07 00:43:23 [debug  ] gate Run data: [33 0]
2021/02/07 00:43:34 [debug  ] gate Run data: [33 0]
2021/02/07 00:43:45 [debug  ] gate Run data: [33 0]
2021/02/07 00:43:56 [debug  ] gate Run data: [33 0]
2021/02/07 00:44:07 [debug  ] gate Run data: [33 0]
2021/02/07 00:44:18 [debug  ] gate Run data: [33 0]
2021/02/07 00:44:29 [debug  ] gate Run data: [33 0]
2021/02/07 00:44:40 [debug  ] gate Run data: [33 0]
2021/02/07 00:44:51 [debug  ] gate Run data: [33 0]
2021/02/07 00:45:02 [debug  ] gate Run data: [33 0]
2021/02/07 00:45:13 [debug  ] gate Run data: [33 0]
2021/02/07 00:45:24 [debug  ] gate Run data: [33 0]
2021/02/07 00:45:35 [debug  ] gate Run data: [33 0]
2021/02/07 00:45:46 [debug  ] gate Run data: [33 0]
2021/02/07 00:45:57 [debug  ] gate Run data: [33 0]
2021/02/07 00:46:08 [debug  ] gate Run data: [33 0]
2021/02/07 00:46:19 [debug  ] gate Run data: [33 0]
2021/02/07 00:46:30 [debug  ] gate Run data: [33 0]
2021/02/07 00:46:33 [debug  ] Info, UpdateRank
2021/02/07 00:46:33 [debug  ] Info, sort guild ,GuildRankTime:%!(EXTRA int64=12940119340000, string= rank num:, int32=21)
2021/02/07 00:46:41 [debug  ] gate Run data: [33 0]
2021/02/07 00:46:52 [debug  ] gate Run data: [33 0]
2021/02/07 00:47:03 [debug  ] gate Run data: [33 0]
2021/02/07 00:47:14 [debug  ] gate Run data: [33 0]
2021/02/07 00:47:24 [debug  ] gate Run data: [33 0]
2021/02/07 00:47:35 [debug  ] gate Run data: [33 0]
2021/02/07 00:47:46 [debug  ] gate Run data: [33 0]
2021/02/07 00:47:57 [debug  ] gate Run data: [33 0]
2021/02/07 00:48:08 [debug  ] gate Run data: [33 0]
2021/02/07 00:48:19 [debug  ] gate Run data: [33 0]
2021/02/07 00:48:30 [debug  ] gate Run data: [33 0]
2021/02/07 00:48:41 [debug  ] gate Run data: [33 0]
2021/02/07 00:48:52 [debug  ] gate Run data: [33 0]
2021/02/07 00:49:03 [debug  ] gate Run data: [33 0]
2021/02/07 00:49:14 [debug  ] gate Run data: [33 0]
2021/02/07 00:49:25 [debug  ] gate Run data: [33 0]
2021/02/07 00:49:36 [debug  ] gate Run data: [33 0]
2021/02/07 00:49:47 [debug  ] gate Run data: [33 0]
2021/02/07 00:49:58 [debug  ] gate Run data: [33 0]
2021/02/07 00:50:09 [debug  ] gate Run data: [33 0]
2021/02/07 00:50:20 [debug  ] gate Run data: [33 0]
2021/02/07 00:50:31 [debug  ] gate Run data: [33 0]
2021/02/07 00:50:42 [debug  ] gate Run data: [33 0]
2021/02/07 00:50:52 [debug  ] gate Run data: [33 0]
2021/02/07 00:51:03 [debug  ] gate Run data: [33 0]
2021/02/07 00:51:14 [debug  ] gate Run data: [33 0]
2021/02/07 00:51:25 [debug  ] gate Run data: [33 0]
2021/02/07 00:51:33 [debug  ] Info, UpdateRank
2021/02/07 00:51:33 [debug  ] Info, sort guild ,GuildRankTime:%!(EXTRA int64=12940149340000, string= rank num:, int32=21)
2021/02/07 00:51:36 [debug  ] gate Run data: [33 0]
2021/02/07 00:51:47 [debug  ] gate Run data: [33 0]
2021/02/07 00:51:58 [debug  ] gate Run data: [33 0]
2021/02/07 00:52:09 [debug  ] gate Run data: [33 0]
2021/02/07 00:52:20 [debug  ] gate Run data: [33 0]
2021/02/07 00:52:31 [debug  ] gate Run data: [33 0]
2021/02/07 00:52:41 [debug  ] gate Run data: [33 0]
2021/02/07 00:52:52 [debug  ] gate Run data: [33 0]
2021/02/07 00:53:03 [debug  ] gate Run data: [33 0]
2021/02/07 00:53:14 [debug  ] gate Run data: [33 0]
2021/02/07 00:53:25 [debug  ] gate Run data: [33 0]
2021/02/07 00:53:36 [debug  ] gate Run data: [33 0]
2021/02/07 00:53:47 [debug  ] gate Run data: [33 0]
2021/02/07 00:53:58 [debug  ] gate Run data: [33 0]
2021/02/07 00:54:09 [debug  ] gate Run data: [33 0]
2021/02/07 00:54:20 [debug  ] gate Run data: [33 0]
2021/02/07 00:54:31 [debug  ] gate Run data: [33 0]
2021/02/07 00:54:42 [debug  ] gate Run data: [33 0]
2021/02/07 00:54:53 [debug  ] gate Run data: [33 0]
2021/02/07 00:55:04 [debug  ] gate Run data: [33 0]
2021/02/07 00:55:15 [debug  ] gate Run data: [33 0]
2021/02/07 00:55:26 [debug  ] gate Run data: [33 0]
2021/02/07 00:55:37 [debug  ] gate Run data: [33 0]
2021/02/07 00:55:48 [debug  ] gate Run data: [33 0]
2021/02/07 00:55:59 [debug  ] gate Run data: [33 0]
2021/02/07 00:56:10 [debug  ] gate Run data: [33 0]
2021/02/07 00:56:21 [debug  ] gate Run data: [33 0]
2021/02/07 00:56:32 [debug  ] gate Run data: [33 0]
2021/02/07 00:56:33 [debug  ] Info, UpdateRank
2021/02/07 00:56:33 [debug  ] Info, sort guild ,GuildRankTime:%!(EXTRA int64=12940179340000, string= rank num:, int32=21)
2021/02/07 00:56:43 [debug  ] gate Run data: [33 0]
2021/02/07 00:56:54 [debug  ] gate Run data: [33 0]
2021/02/07 00:57:05 [debug  ] gate Run data: [33 0]
2021/02/07 00:57:16 [debug  ] gate Run data: [33 0]
2021/02/07 00:57:27 [debug  ] gate Run data: [33 0]
2021/02/07 00:57:38 [debug  ] gate Run data: [33 0]
2021/02/07 00:57:49 [debug  ] gate Run data: [33 0]
2021/02/07 00:58:00 [debug  ] gate Run data: [33 0]
2021/02/07 00:58:11 [debug  ] gate Run data: [33 0]
2021/02/07 00:58:22 [debug  ] gate Run data: [33 0]
2021/02/07 00:58:33 [debug  ] gate Run data: [33 0]
2021/02/07 00:58:44 [debug  ] gate Run data: [33 0]
2021/02/07 00:58:55 [debug  ] gate Run data: [33 0]
2021/02/07 00:59:06 [debug  ] gate Run data: [33 0]
2021/02/07 00:59:17 [debug  ] gate Run data: [33 0]
2021/02/07 00:59:28 [debug  ] gate Run data: [33 0]
2021/02/07 00:59:39 [debug  ] gate Run data: [33 0]
2021/02/07 00:59:50 [debug  ] gate Run data: [33 0]
2021/02/07 01:00:01 [debug  ] gate Run data: [33 0]
2021/02/07 01:00:12 [debug  ] gate Run data: [33 0]
2021/02/07 01:00:23 [debug  ] gate Run data: [33 0]
2021/02/07 01:00:34 [debug  ] gate Run data: [33 0]
2021/02/07 01:00:45 [debug  ] gate Run data: [33 0]
2021/02/07 01:00:56 [debug  ] gate Run data: [33 0]
2021/02/07 01:01:07 [debug  ] gate Run data: [33 0]
2021/02/07 01:01:18 [debug  ] gate Run data: [33 0]
2021/02/07 01:01:29 [debug  ] gate Run data: [33 0]
2021/02/07 01:01:33 [debug  ] Info, UpdateRank
2021/02/07 01:01:33 [debug  ] Info, sort guild ,GuildRankTime:%!(EXTRA int64=12940209340000, string= rank num:, int32=21)
2021/02/07 01:01:40 [debug  ] gate Run data: [33 0]
2021/02/07 01:01:51 [debug  ] gate Run data: [33 0]
2021/02/07 01:02:02 [debug  ] gate Run data: [33 0]
2021/02/07 01:02:13 [debug  ] gate Run data: [33 0]
2021/02/07 01:02:24 [debug  ] gate Run data: [33 0]
2021/02/07 01:02:35 [debug  ] gate Run data: [33 0]
2021/02/07 01:02:46 [debug  ] gate Run data: [33 0]
2021/02/07 01:02:57 [debug  ] gate Run data: [33 0]
2021/02/07 01:03:08 [debug  ] gate Run data: [33 0]
2021/02/07 01:03:19 [debug  ] gate Run data: [33 0]
2021/02/07 01:03:30 [debug  ] gate Run data: [33 0]
2021/02/07 01:03:41 [debug  ] gate Run data: [33 0]
2021/02/07 01:03:52 [debug  ] gate Run data: [33 0]
2021/02/07 01:04:03 [debug  ] gate Run data: [33 0]
2021/02/07 01:04:14 [debug  ] gate Run data: [33 0]
2021/02/07 01:04:25 [debug  ] gate Run data: [33 0]
2021/02/07 01:04:36 [debug  ] gate Run data: [33 0]
2021/02/07 01:04:47 [debug  ] gate Run data: [33 0]
2021/02/07 01:04:58 [debug  ] gate Run data: [33 0]
2021/02/07 01:05:09 [debug  ] gate Run data: [33 0]
2021/02/07 01:05:20 [debug  ] gate Run data: [33 0]
2021/02/07 01:05:31 [debug  ] gate Run data: [33 0]
2021/02/07 01:05:42 [debug  ] gate Run data: [33 0]
2021/02/07 01:05:53 [debug  ] gate Run data: [33 0]
2021/02/07 01:06:04 [debug  ] gate Run data: [33 0]
2021/02/07 01:06:15 [debug  ] gate Run data: [33 0]
2021/02/07 01:06:26 [debug  ] gate Run data: [33 0]
2021/02/07 01:06:33 [debug  ] Info, UpdateRank
2021/02/07 01:06:33 [debug  ] Info, sort guild ,GuildRankTime:%!(EXTRA int64=12940239340000, string= rank num:, int32=21)
2021/02/07 01:06:37 [debug  ] gate Run data: [33 0]
2021/02/07 01:06:48 [debug  ] gate Run data: [33 0]
2021/02/07 01:06:59 [debug  ] gate Run data: [33 0]
2021/02/07 01:07:10 [debug  ] gate Run data: [33 0]
2021/02/07 01:07:21 [debug  ] gate Run data: [33 0]
2021/02/07 01:07:32 [debug  ] gate Run data: [33 0]
2021/02/07 01:07:42 [debug  ] gate Run data: [33 0]
2021/02/07 01:07:53 [debug  ] gate Run data: [33 0]
2021/02/07 01:08:04 [debug  ] gate Run data: [33 0]
2021/02/07 01:08:15 [debug  ] gate Run data: [33 0]
2021/02/07 01:08:26 [debug  ] gate Run data: [33 0]
2021/02/07 01:08:37 [debug  ] gate Run data: [33 0]
2021/02/07 01:08:48 [debug  ] gate Run data: [33 0]
2021/02/07 01:08:59 [debug  ] gate Run data: [33 0]
2021/02/07 01:09:10 [debug  ] gate Run data: [33 0]
2021/02/07 01:09:21 [debug  ] gate Run data: [33 0]
2021/02/07 01:09:32 [debug  ] gate Run data: [33 0]
2021/02/07 01:09:43 [debug  ] gate Run data: [33 0]
2021/02/07 01:09:54 [debug  ] gate Run data: [33 0]
2021/02/07 01:10:05 [debug  ] gate Run data: [33 0]
2021/02/07 01:10:16 [debug  ] gate Run data: [33 0]
2021/02/07 01:10:27 [debug  ] gate Run data: [33 0]
2021/02/07 01:10:38 [debug  ] gate Run data: [33 0]
2021/02/07 01:10:49 [debug  ] gate Run data: [33 0]
2021/02/07 01:11:00 [debug  ] gate Run data: [33 0]
2021/02/07 01:11:11 [debug  ] gate Run data: [33 0]
2021/02/07 01:11:22 [debug  ] gate Run data: [33 0]
2021/02/07 01:11:33 [debug  ] Info, UpdateRank
2021/02/07 01:11:33 [debug  ] Info, sort guild ,GuildRankTime:%!(EXTRA int64=12940269340000, string= rank num:, int32=21)
2021/02/07 01:11:33 [debug  ] gate Run data: [33 0]
2021/02/07 01:11:44 [debug  ] gate Run data: [33 0]
2021/02/07 01:11:55 [debug  ] gate Run data: [33 0]
2021/02/07 01:12:06 [debug  ] gate Run data: [33 0]
2021/02/07 01:12:17 [debug  ] gate Run data: [33 0]
2021/02/07 01:12:28 [debug  ] gate Run data: [33 0]
2021/02/07 01:12:39 [debug  ] gate Run data: [33 0]
2021/02/07 01:12:50 [debug  ] gate Run data: [33 0]
2021/02/07 01:13:01 [debug  ] gate Run data: [33 0]
2021/02/07 01:13:12 [debug  ] gate Run data: [33 0]
2021/02/07 01:13:23 [debug  ] gate Run data: [33 0]
2021/02/07 01:13:34 [debug  ] gate Run data: [33 0]
2021/02/07 01:13:45 [debug  ] gate Run data: [33 0]
2021/02/07 01:13:56 [debug  ] gate Run data: [33 0]
2021/02/07 01:14:07 [debug  ] gate Run data: [33 0]
2021/02/07 01:14:18 [debug  ] gate Run data: [33 0]
2021/02/07 01:14:29 [debug  ] gate Run data: [33 0]
2021/02/07 01:14:40 [debug  ] gate Run data: [33 0]
2021/02/07 01:14:51 [debug  ] gate Run data: [33 0]
2021/02/07 01:15:02 [debug  ] gate Run data: [33 0]
2021/02/07 01:15:13 [debug  ] gate Run data: [33 0]
2021/02/07 01:15:24 [debug  ] gate Run data: [33 0]
2021/02/07 01:15:35 [debug  ] gate Run data: [33 0]
2021/02/07 01:15:46 [debug  ] gate Run data: [33 0]
2021/02/07 01:15:57 [debug  ] gate Run data: [33 0]
2021/02/07 01:16:08 [debug  ] gate Run data: [33 0]
2021/02/07 01:16:19 [debug  ] gate Run data: [33 0]
2021/02/07 01:16:30 [debug  ] gate Run data: [33 0]
2021/02/07 01:16:33 [debug  ] Info, UpdateRank
2021/02/07 01:16:33 [debug  ] Info, sort guild ,GuildRankTime:%!(EXTRA int64=12940299340000, string= rank num:, int32=21)
2021/02/07 01:16:41 [debug  ] gate Run data: [33 0]
2021/02/07 01:16:52 [debug  ] gate Run data: [33 0]
2021/02/07 01:17:03 [debug  ] gate Run data: [33 0]
2021/02/07 01:17:14 [debug  ] gate Run data: [33 0]
2021/02/07 01:17:25 [debug  ] gate Run data: [33 0]
2021/02/07 01:17:36 [debug  ] gate Run data: [33 0]
2021/02/07 01:17:47 [debug  ] gate Run data: [33 0]
2021/02/07 01:17:58 [debug  ] gate Run data: [33 0]
2021/02/07 01:18:09 [debug  ] gate Run data: [33 0]
2021/02/07 01:18:20 [debug  ] gate Run data: [33 0]
2021/02/07 01:18:31 [debug  ] gate Run data: [33 0]
2021/02/07 01:18:42 [debug  ] gate Run data: [33 0]
2021/02/07 01:18:53 [debug  ] gate Run data: [33 0]
2021/02/07 01:19:03 [debug  ] gate Run data: [33 0]
2021/02/07 01:19:14 [debug  ] gate Run data: [33 0]
2021/02/07 01:19:25 [debug  ] gate Run data: [33 0]
2021/02/07 01:19:36 [debug  ] gate Run data: [33 0]
2021/02/07 01:19:47 [debug  ] gate Run data: [33 0]
2021/02/07 01:19:58 [debug  ] gate Run data: [33 0]
2021/02/07 01:20:09 [debug  ] gate Run data: [33 0]
2021/02/07 01:20:20 [debug  ] gate Run data: [33 0]
2021/02/07 01:20:31 [debug  ] gate Run data: [33 0]
2021/02/07 01:20:42 [debug  ] gate Run data: [33 0]
2021/02/07 01:20:53 [debug  ] gate Run data: [33 0]
2021/02/07 01:21:04 [debug  ] gate Run data: [33 0]
2021/02/07 01:21:15 [debug  ] gate Run data: [33 0]
2021/02/07 01:21:26 [debug  ] gate Run data: [33 0]
2021/02/07 01:21:33 [debug  ] Info, sort guild ,GuildRankTime:%!(EXTRA int64=12940329340000, string= rank num:, int32=21)
2021/02/07 01:21:33 [debug  ] Info, UpdateRank
2021/02/07 01:21:37 [debug  ] gate Run data: [33 0]
2021/02/07 01:21:48 [debug  ] gate Run data: [33 0]
2021/02/07 01:21:59 [debug  ] gate Run data: [33 0]
2021/02/07 01:22:10 [debug  ] gate Run data: [33 0]
2021/02/07 01:22:21 [debug  ] gate Run data: [33 0]
2021/02/07 01:22:32 [debug  ] gate Run data: [33 0]
2021/02/07 01:22:43 [debug  ] gate Run data: [33 0]
2021/02/07 01:22:54 [debug  ] gate Run data: [33 0]
2021/02/07 01:23:05 [debug  ] gate Run data: [33 0]
2021/02/07 01:23:16 [debug  ] gate Run data: [33 0]
2021/02/07 01:23:27 [debug  ] gate Run data: [33 0]
2021/02/07 01:23:38 [debug  ] gate Run data: [33 0]
2021/02/07 01:23:49 [debug  ] gate Run data: [33 0]
2021/02/07 01:24:00 [debug  ] gate Run data: [33 0]
2021/02/07 01:24:10 [debug  ] gate Run data: [33 0]
2021/02/07 01:24:21 [debug  ] gate Run data: [33 0]
2021/02/07 01:24:32 [debug  ] gate Run data: [33 0]
2021/02/07 01:24:43 [debug  ] gate Run data: [33 0]
2021/02/07 01:24:54 [debug  ] gate Run data: [33 0]
2021/02/07 01:25:05 [debug  ] gate Run data: [33 0]
2021/02/07 01:25:16 [debug  ] gate Run data: [33 0]
2021/02/07 01:25:27 [debug  ] gate Run data: [33 0]
2021/02/07 01:25:38 [debug  ] gate Run data: [33 0]
2021/02/07 01:25:49 [debug  ] gate Run data: [33 0]
2021/02/07 01:26:00 [debug  ] gate Run data: [33 0]
2021/02/07 01:26:11 [debug  ] gate Run data: [33 0]
2021/02/07 01:26:22 [debug  ] gate Run data: [33 0]
2021/02/07 01:26:33 [debug  ] Info, sort guild ,GuildRankTime:%!(EXTRA int64=12940359340000, string= rank num:, int32=21)
2021/02/07 01:26:33 [debug  ] Info, UpdateRank
2021/02/07 01:26:33 [debug  ] gate Run data: [33 0]
2021/02/07 01:26:44 [debug  ] gate Run data: [33 0]
2021/02/07 01:26:55 [debug  ] gate Run data: [33 0]
2021/02/07 01:27:06 [debug  ] gate Run data: [33 0]
2021/02/07 01:27:17 [debug  ] gate Run data: [33 0]
2021/02/07 01:27:28 [debug  ] gate Run data: [33 0]
2021/02/07 01:27:39 [debug  ] gate Run data: [33 0]
2021/02/07 01:27:50 [debug  ] gate Run data: [33 0]
2021/02/07 01:28:01 [debug  ] rpcNewAgent
2021/02/07 01:28:01 [debug  ] gate Run data: [33 0]
2021/02/07 01:28:12 [debug  ] gate Run data: [33 0]
2021/02/07 01:28:23 [debug  ] gate Run data: [33 0]
2021/02/07 01:28:34 [debug  ] gate Run data: [33 0]
2021/02/07 01:28:45 [debug  ] gate Run data: [33 0]
2021/02/07 01:28:56 [debug  ] gate Run data: [33 0]
2021/02/07 01:29:07 [debug  ] gate Run data: [33 0]
2021/02/07 01:29:18 [debug  ] gate Run data: [33 0]
2021/02/07 01:29:29 [debug  ] gate Run data: [33 0]
2021/02/07 01:29:40 [debug  ] gate Run data: [33 0]
2021/02/07 01:29:51 [debug  ] gate Run data: [33 0]
2021/02/07 01:30:02 [debug  ] gate Run data: [33 0]
2021/02/07 01:30:13 [debug  ] gate Run data: [33 0]
2021/02/07 01:30:24 [debug  ] gate Run data: [33 0]
2021/02/07 01:30:35 [debug  ] gate Run data: [33 0]
2021/02/07 01:30:46 [debug  ] gate Run data: [33 0]
2021/02/07 01:30:57 [debug  ] gate Run data: [33 0]
2021/02/07 01:31:01 [debug  ] Close agent cause heartbeat timeout
2021/02/07 01:31:01 [debug  ] gate read message: read tcp [::1]:17183->[::1]:51371: use of closed network connection
2021/02/07 01:31:01 [debug  ] rpcCloseAgent
2021/02/07 01:31:07 [debug  ] gate Run data: [33 0]
2021/02/07 01:31:18 [debug  ] gate Run data: [33 0]
2021/02/07 01:31:28 [debug  ] gate Run data: [33 0]
2021/02/07 01:31:33 [debug  ] Info, sort guild ,GuildRankTime:%!(EXTRA int64=12940389340000, string= rank num:, int32=21)
2021/02/07 01:31:33 [debug  ] Info, UpdateRank
2021/02/07 01:31:39 [debug  ] gate Run data: [33 0]
2021/02/07 01:31:50 [debug  ] gate Run data: [33 0]
2021/02/07 01:31:56 [debug  ] rpcNewAgent
2021/02/07 01:32:01 [debug  ] gate Run data: [33 0]
2021/02/07 01:32:12 [debug  ] gate Run data: [33 0]
2021/02/07 01:32:23 [debug  ] gate Run data: [33 0]
2021/02/07 01:32:34 [debug  ] gate Run data: [33 0]
2021/02/07 01:32:45 [debug  ] gate Run data: [33 0]
2021/02/07 01:32:56 [debug  ] gate Run data: [33 0]
2021/02/07 01:33:07 [debug  ] gate Run data: [33 0]
2021/02/07 01:33:18 [debug  ] gate Run data: [33 0]
2021/02/07 01:33:29 [debug  ] gate Run data: [33 0]
2021/02/07 01:33:40 [debug  ] gate Run data: [33 0]
2021/02/07 01:33:51 [debug  ] gate Run data: [33 0]
2021/02/07 01:34:02 [debug  ] gate Run data: [33 0]
2021/02/07 01:34:13 [debug  ] gate Run data: [33 0]
2021/02/07 01:34:24 [debug  ] gate Run data: [33 0]
2021/02/07 01:34:35 [debug  ] gate Run data: [33 0]
2021/02/07 01:34:46 [debug  ] gate Run data: [33 0]
2021/02/07 01:34:57 [debug  ] gate Run data: [33 0]
2021/02/07 01:34:58 [debug  ] Close agent cause heartbeat timeout
2021/02/07 01:34:58 [debug  ] gate read message: read tcp [::1]:17183->[::1]:51698: use of closed network connection
2021/02/07 01:34:58 [debug  ] rpcCloseAgent
2021/02/07 01:35:08 [debug  ] gate Run data: [33 0]
2021/02/07 01:35:19 [debug  ] gate Run data: [33 0]
2021/02/07 01:35:30 [debug  ] gate Run data: [33 0]
2021/02/07 01:35:41 [debug  ] gate Run data: [33 0]
2021/02/07 01:35:52 [debug  ] gate Run data: [33 0]
2021/02/07 01:36:03 [debug  ] gate Run data: [33 0]
2021/02/07 01:36:14 [debug  ] gate Run data: [33 0]
2021/02/07 01:36:25 [debug  ] gate Run data: [33 0]
2021/02/07 01:36:33 [debug  ] Info, UpdateRank
2021/02/07 01:36:33 [debug  ] Info, sort guild ,GuildRankTime:%!(EXTRA int64=12940419340000, string= rank num:, int32=21)
2021/02/07 01:36:36 [debug  ] gate Run data: [33 0]
2021/02/07 01:36:47 [debug  ] gate Run data: [33 0]
2021/02/07 01:36:58 [debug  ] gate Run data: [33 0]
2021/02/07 01:37:09 [debug  ] gate Run data: [33 0]
2021/02/07 01:37:20 [debug  ] gate Run data: [33 0]
2021/02/07 01:37:31 [debug  ] gate Run data: [33 0]
2021/02/07 01:37:42 [debug  ] gate Run data: [33 0]
2021/02/07 01:37:53 [debug  ] gate Run data: [33 0]
2021/02/07 01:38:04 [debug  ] gate Run data: [33 0]
2021/02/07 01:38:15 [debug  ] gate Run data: [33 0]
2021/02/07 01:38:26 [debug  ] gate Run data: [33 0]
2021/02/07 01:38:37 [debug  ] gate Run data: [33 0]
2021/02/07 01:38:48 [debug  ] gate Run data: [33 0]
2021/02/07 01:38:59 [debug  ] gate Run data: [33 0]
2021/02/07 01:39:10 [debug  ] gate Run data: [33 0]
2021/02/07 01:39:21 [debug  ] gate Run data: [33 0]
2021/02/07 01:39:32 [debug  ] gate Run data: [33 0]
2021/02/07 01:39:43 [debug  ] gate Run data: [33 0]
2021/02/07 01:39:54 [debug  ] gate Run data: [33 0]
2021/02/07 01:40:05 [debug  ] gate Run data: [33 0]
2021/02/07 01:40:16 [debug  ] gate Run data: [33 0]
2021/02/07 01:40:27 [debug  ] gate Run data: [33 0]
2021/02/07 01:40:38 [debug  ] gate Run data: [33 0]
2021/02/07 01:40:49 [debug  ] gate Run data: [33 0]
2021/02/07 01:41:00 [debug  ] gate Run data: [33 0]
2021/02/07 01:41:11 [debug  ] gate Run data: [33 0]
2021/02/07 01:41:22 [debug  ] gate Run data: [33 0]
2021/02/07 01:41:33 [debug  ] Info, sort guild ,GuildRankTime:%!(EXTRA int64=12940449340000, string= rank num:, int32=21)
2021/02/07 01:41:33 [debug  ] Info, UpdateRank
2021/02/07 01:41:33 [debug  ] gate Run data: [33 0]
2021/02/07 01:41:44 [debug  ] gate Run data: [33 0]
2021/02/07 01:41:55 [debug  ] gate Run data: [33 0]
2021/02/07 01:42:06 [debug  ] gate Run data: [33 0]
2021/02/07 01:42:17 [debug  ] gate Run data: [33 0]
2021/02/07 01:42:28 [debug  ] gate Run data: [33 0]
2021/02/07 01:42:39 [debug  ] gate Run data: [33 0]
2021/02/07 01:42:50 [debug  ] gate Run data: [33 0]
2021/02/07 01:43:01 [debug  ] gate Run data: [33 0]
2021/02/07 01:43:12 [debug  ] gate Run data: [33 0]
2021/02/07 01:43:23 [debug  ] gate Run data: [33 0]
2021/02/07 01:43:34 [debug  ] gate Run data: [33 0]
2021/02/07 01:43:45 [debug  ] gate Run data: [33 0]
2021/02/07 01:43:56 [debug  ] gate Run data: [33 0]
2021/02/07 01:44:07 [debug  ] gate Run data: [33 0]
2021/02/07 01:44:18 [debug  ] gate Run data: [33 0]
2021/02/07 01:44:28 [debug  ] gate Run data: [33 0]
2021/02/07 01:44:39 [debug  ] gate Run data: [33 0]
2021/02/07 01:44:49 [debug  ] gate Run data: [33 0]
2021/02/07 01:45:00 [debug  ] gate Run data: [33 0]
2021/02/07 01:45:11 [debug  ] gate Run data: [33 0]
2021/02/07 01:45:22 [debug  ] gate Run data: [33 0]
2021/02/07 01:45:33 [debug  ] gate Run data: [33 0]
2021/02/07 01:45:44 [debug  ] gate Run data: [33 0]
2021/02/07 01:45:55 [debug  ] gate Run data: [33 0]
2021/02/07 01:46:06 [debug  ] gate Run data: [33 0]
2021/02/07 01:46:17 [debug  ] gate Run data: [33 0]
2021/02/07 01:46:28 [debug  ] gate Run data: [33 0]
2021/02/07 01:46:33 [debug  ] Info, sort guild ,GuildRankTime:%!(EXTRA int64=12940479340000, string= rank num:, int32=21)
2021/02/07 01:46:33 [debug  ] Info, UpdateRank
2021/02/07 01:46:39 [debug  ] gate Run data: [33 0]
2021/02/07 01:46:50 [debug  ] gate Run data: [33 0]
2021/02/07 01:47:01 [debug  ] gate Run data: [33 0]
2021/02/07 01:47:12 [debug  ] gate Run data: [33 0]
2021/02/07 01:47:23 [debug  ] gate Run data: [33 0]
2021/02/07 01:47:34 [debug  ] gate Run data: [33 0]
2021/02/07 01:47:45 [debug  ] gate Run data: [33 0]
2021/02/07 01:47:56 [debug  ] gate Run data: [33 0]
2021/02/07 01:48:07 [debug  ] gate Run data: [33 0]
2021/02/07 01:48:18 [debug  ] gate Run data: [33 0]
2021/02/07 01:48:29 [debug  ] gate Run data: [33 0]
2021/02/07 01:48:40 [debug  ] gate Run data: [33 0]
2021/02/07 01:48:51 [debug  ] gate Run data: [33 0]
2021/02/07 01:49:02 [debug  ] gate Run data: [33 0]
2021/02/07 01:49:13 [debug  ] gate Run data: [33 0]
2021/02/07 01:49:24 [debug  ] gate Run data: [33 0]
2021/02/07 01:49:35 [debug  ] gate Run data: [33 0]
2021/02/07 01:49:46 [debug  ] gate Run data: [33 0]
2021/02/07 01:49:57 [debug  ] gate Run data: [33 0]
2021/02/07 01:50:08 [debug  ] gate Run data: [33 0]
2021/02/07 01:50:19 [debug  ] gate Run data: [33 0]
2021/02/07 01:50:30 [debug  ] gate Run data: [33 0]
2021/02/07 01:50:41 [debug  ] gate Run data: [33 0]
2021/02/07 01:50:52 [debug  ] gate Run data: [33 0]
2021/02/07 01:51:03 [debug  ] gate Run data: [33 0]
2021/02/07 01:51:14 [debug  ] gate Run data: [33 0]
2021/02/07 01:51:25 [debug  ] gate Run data: [33 0]
2021/02/07 01:51:33 [debug  ] Info, UpdateRank
2021/02/07 01:51:33 [debug  ] Info, sort guild ,GuildRankTime:%!(EXTRA int64=12940509340000, string= rank num:, int32=21)
2021/02/07 01:51:36 [debug  ] gate Run data: [33 0]
2021/02/07 01:51:47 [debug  ] gate Run data: [33 0]
2021/02/07 01:51:58 [debug  ] gate Run data: [33 0]
2021/02/07 01:52:09 [debug  ] gate Run data: [33 0]
2021/02/07 01:52:20 [debug  ] gate Run data: [33 0]
2021/02/07 01:52:31 [debug  ] gate Run data: [33 0]
2021/02/07 01:52:42 [debug  ] gate Run data: [33 0]
2021/02/07 01:52:53 [debug  ] gate Run data: [33 0]
2021/02/07 01:53:04 [debug  ] gate Run data: [33 0]
2021/02/07 01:53:15 [debug  ] gate Run data: [33 0]
2021/02/07 01:53:26 [debug  ] gate Run data: [33 0]
2021/02/07 01:53:37 [debug  ] gate Run data: [33 0]
2021/02/07 01:53:48 [debug  ] gate Run data: [33 0]
2021/02/07 01:53:59 [debug  ] gate Run data: [33 0]
2021/02/07 01:54:10 [debug  ] gate Run data: [33 0]
2021/02/07 01:54:21 [debug  ] gate Run data: [33 0]
2021/02/07 01:54:32 [debug  ] gate Run data: [33 0]
2021/02/07 01:54:43 [debug  ] gate Run data: [33 0]
2021/02/07 01:54:54 [debug  ] gate Run data: [33 0]
2021/02/07 01:55:05 [debug  ] gate Run data: [33 0]
2021/02/07 01:55:16 [debug  ] gate Run data: [33 0]
2021/02/07 01:55:27 [debug  ] gate Run data: [33 0]
2021/02/07 01:55:38 [debug  ] gate Run data: [33 0]
2021/02/07 01:55:49 [debug  ] gate Run data: [33 0]
2021/02/07 01:56:00 [debug  ] gate Run data: [33 0]
2021/02/07 01:56:11 [debug  ] gate Run data: [33 0]
2021/02/07 01:56:22 [debug  ] gate Run data: [33 0]
2021/02/07 01:56:33 [debug  ] Info, UpdateRank
2021/02/07 01:56:33 [debug  ] Info, sort guild ,GuildRankTime:%!(EXTRA int64=12940539340000, string= rank num:, int32=21)
2021/02/07 01:56:33 [debug  ] gate Run data: [33 0]
2021/02/07 01:56:44 [debug  ] gate Run data: [33 0]
2021/02/07 01:56:55 [debug  ] gate Run data: [33 0]
2021/02/07 01:57:06 [debug  ] gate Run data: [33 0]
2021/02/07 01:57:17 [debug  ] gate Run data: [33 0]
2021/02/07 01:57:28 [debug  ] gate Run data: [33 0]
2021/02/07 01:57:39 [debug  ] gate Run data: [33 0]
2021/02/07 01:57:50 [debug  ] gate Run data: [33 0]
2021/02/07 01:58:01 [debug  ] gate Run data: [33 0]
2021/02/07 01:58:12 [debug  ] gate Run data: [33 0]
2021/02/07 01:58:23 [debug  ] gate Run data: [33 0]
2021/02/07 01:58:34 [debug  ] gate Run data: [33 0]
2021/02/07 01:58:45 [debug  ] gate Run data: [33 0]
2021/02/07 01:58:56 [debug  ] gate Run data: [33 0]
2021/02/07 01:59:07 [debug  ] gate Run data: [33 0]
2021/02/07 01:59:18 [debug  ] gate Run data: [33 0]
2021/02/07 01:59:29 [debug  ] gate Run data: [33 0]
2021/02/07 01:59:40 [debug  ] gate Run data: [33 0]
2021/02/07 01:59:51 [debug  ] gate Run data: [33 0]
2021/02/07 02:00:02 [debug  ] gate Run data: [33 0]
2021/02/07 02:00:13 [debug  ] gate Run data: [33 0]
2021/02/07 02:00:24 [debug  ] gate Run data: [33 0]
2021/02/07 02:00:35 [debug  ] gate Run data: [33 0]
2021/02/07 02:00:46 [debug  ] gate Run data: [33 0]
2021/02/07 02:00:57 [debug  ] gate Run data: [33 0]
2021/02/07 02:01:08 [debug  ] gate Run data: [33 0]
2021/02/07 02:01:19 [debug  ] gate Run data: [33 0]
2021/02/07 02:01:30 [debug  ] gate Run data: [33 0]
2021/02/07 02:01:33 [debug  ] Info, sort guild ,GuildRankTime:%!(EXTRA int64=12940569340000, string= rank num:, int32=21)
2021/02/07 02:01:33 [debug  ] Info, UpdateRank
2021/02/07 02:01:41 [debug  ] gate Run data: [33 0]
2021/02/07 02:01:52 [debug  ] gate Run data: [33 0]
2021/02/07 02:02:03 [debug  ] gate Run data: [33 0]
2021/02/07 02:02:14 [debug  ] gate Run data: [33 0]
2021/02/07 02:02:25 [debug  ] gate Run data: [33 0]
2021/02/07 02:02:36 [debug  ] gate Run data: [33 0]
2021/02/07 02:02:47 [debug  ] gate Run data: [33 0]
2021/02/07 02:02:58 [debug  ] gate Run data: [33 0]
2021/02/07 02:03:09 [debug  ] gate Run data: [33 0]
2021/02/07 02:03:20 [debug  ] gate Run data: [33 0]
2021/02/07 02:03:31 [debug  ] gate Run data: [33 0]
2021/02/07 02:03:42 [debug  ] gate Run data: [33 0]
2021/02/07 02:03:53 [debug  ] gate Run data: [33 0]
2021/02/07 02:04:04 [debug  ] gate Run data: [33 0]
2021/02/07 02:04:15 [debug  ] gate Run data: [33 0]
2021/02/07 02:04:26 [debug  ] gate Run data: [33 0]
2021/02/07 02:04:37 [debug  ] gate Run data: [33 0]
2021/02/07 02:04:48 [debug  ] gate Run data: [33 0]
2021/02/07 02:04:59 [debug  ] gate Run data: [33 0]
2021/02/07 02:05:10 [debug  ] gate Run data: [33 0]
2021/02/07 02:05:21 [debug  ] gate Run data: [33 0]
2021/02/07 02:05:32 [debug  ] gate Run data: [33 0]
2021/02/07 02:05:43 [debug  ] gate Run data: [33 0]
2021/02/07 02:05:54 [debug  ] gate Run data: [33 0]
2021/02/07 02:06:05 [debug  ] gate Run data: [33 0]
2021/02/07 02:06:16 [debug  ] gate Run data: [33 0]
2021/02/07 02:06:27 [debug  ] gate Run data: [33 0]
2021/02/07 02:06:33 [debug  ] Info, sort guild ,GuildRankTime:%!(EXTRA int64=12940599340000, string= rank num:, int32=21)
2021/02/07 02:06:33 [debug  ] Info, UpdateRank
2021/02/07 02:06:38 [debug  ] gate Run data: [33 0]
2021/02/07 02:06:49 [debug  ] gate Run data: [33 0]
2021/02/07 02:07:00 [debug  ] gate Run data: [33 0]
2021/02/07 02:07:11 [debug  ] gate Run data: [33 0]
2021/02/07 02:07:22 [debug  ] gate Run data: [33 0]
2021/02/07 02:07:33 [debug  ] gate Run data: [33 0]
2021/02/07 02:07:44 [debug  ] gate Run data: [33 0]
2021/02/07 02:07:55 [debug  ] gate Run data: [33 0]
2021/02/07 02:08:06 [debug  ] gate Run data: [33 0]
2021/02/07 02:08:17 [debug  ] gate Run data: [33 0]
2021/02/07 02:08:28 [debug  ] gate Run data: [33 0]
2021/02/07 02:08:39 [debug  ] gate Run data: [33 0]
2021/02/07 02:08:50 [debug  ] gate Run data: [33 0]
2021/02/07 02:09:01 [debug  ] gate Run data: [33 0]
2021/02/07 02:09:12 [debug  ] gate Run data: [33 0]
2021/02/07 02:09:23 [debug  ] gate Run data: [33 0]
2021/02/07 02:09:34 [debug  ] gate Run data: [33 0]
2021/02/07 02:09:45 [debug  ] gate Run data: [33 0]
2021/02/07 02:09:56 [debug  ] gate Run data: [33 0]
2021/02/07 02:10:07 [debug  ] gate Run data: [33 0]
2021/02/07 02:10:17 [debug  ] gate Run data: [33 0]
2021/02/07 02:10:28 [debug  ] gate Run data: [33 0]
2021/02/07 02:10:39 [debug  ] gate Run data: [33 0]
2021/02/07 02:10:50 [debug  ] gate Run data: [33 0]
2021/02/07 02:11:01 [debug  ] gate Run data: [33 0]
2021/02/07 02:11:12 [debug  ] gate Run data: [33 0]
2021/02/07 02:11:23 [debug  ] gate Run data: [33 0]
2021/02/07 02:11:33 [debug  ] Info, sort guild ,GuildRankTime:%!(EXTRA int64=12940629340000, string= rank num:, int32=21)
2021/02/07 02:11:33 [debug  ] Info, UpdateRank
2021/02/07 02:11:34 [debug  ] gate Run data: [33 0]
2021/02/07 02:11:45 [debug  ] gate Run data: [33 0]
2021/02/07 02:11:56 [debug  ] gate Run data: [33 0]
2021/02/07 02:12:07 [debug  ] gate Run data: [33 0]
2021/02/07 02:12:18 [debug  ] gate Run data: [33 0]
2021/02/07 02:12:29 [debug  ] gate Run data: [33 0]
2021/02/07 02:12:40 [debug  ] gate Run data: [33 0]
2021/02/07 02:12:51 [debug  ] gate Run data: [33 0]
2021/02/07 02:13:02 [debug  ] gate Run data: [33 0]
2021/02/07 02:13:13 [debug  ] gate Run data: [33 0]
2021/02/07 02:13:24 [debug  ] gate Run data: [33 0]
2021/02/07 02:13:35 [debug  ] gate Run data: [33 0]
2021/02/07 02:13:45 [debug  ] gate Run data: [33 0]
2021/02/07 02:13:56 [debug  ] gate Run data: [33 0]
2021/02/07 02:14:07 [debug  ] gate Run data: [33 0]
2021/02/07 02:14:18 [debug  ] gate Run data: [33 0]
2021/02/07 02:14:29 [debug  ] gate Run data: [33 0]
2021/02/07 02:14:40 [debug  ] gate Run data: [33 0]
2021/02/07 02:14:51 [debug  ] gate Run data: [33 0]
2021/02/07 02:15:02 [debug  ] gate Run data: [33 0]
2021/02/07 02:15:13 [debug  ] gate Run data: [33 0]
2021/02/07 02:15:24 [debug  ] gate Run data: [33 0]
2021/02/07 02:15:35 [debug  ] gate Run data: [33 0]
2021/02/07 02:15:46 [debug  ] gate Run data: [33 0]
2021/02/07 02:15:57 [debug  ] gate Run data: [33 0]
2021/02/07 02:16:08 [debug  ] gate Run data: [33 0]
2021/02/07 02:16:19 [debug  ] gate Run data: [33 0]
2021/02/07 02:16:30 [debug  ] gate Run data: [33 0]
2021/02/07 02:16:33 [debug  ] Info, UpdateRank
2021/02/07 02:16:33 [debug  ] Info, sort guild ,GuildRankTime:%!(EXTRA int64=12940659340000, string= rank num:, int32=21)
2021/02/07 02:16:41 [debug  ] gate Run data: [33 0]
2021/02/07 02:16:52 [debug  ] gate Run data: [33 0]
2021/02/07 02:17:03 [debug  ] gate Run data: [33 0]
2021/02/07 02:17:14 [debug  ] gate Run data: [33 0]
2021/02/07 02:17:25 [debug  ] gate Run data: [33 0]
2021/02/07 02:17:36 [debug  ] gate Run data: [33 0]
2021/02/07 02:17:47 [debug  ] gate Run data: [33 0]
2021/02/07 02:17:58 [debug  ] gate Run data: [33 0]
2021/02/07 02:18:09 [debug  ] gate Run data: [33 0]
2021/02/07 02:18:20 [debug  ] gate Run data: [33 0]
2021/02/07 02:18:31 [debug  ] gate Run data: [33 0]
2021/02/07 02:18:42 [debug  ] gate Run data: [33 0]
2021/02/07 02:18:53 [debug  ] gate Run data: [33 0]
2021/02/07 02:19:04 [debug  ] gate Run data: [33 0]
2021/02/07 02:19:15 [debug  ] gate Run data: [33 0]
2021/02/07 02:19:26 [debug  ] gate Run data: [33 0]
2021/02/07 02:19:37 [debug  ] gate Run data: [33 0]
2021/02/07 02:19:48 [debug  ] gate Run data: [33 0]
2021/02/07 02:19:59 [debug  ] gate Run data: [33 0]
2021/02/07 02:20:10 [debug  ] gate Run data: [33 0]
2021/02/07 02:20:21 [debug  ] gate Run data: [33 0]
2021/02/07 02:20:32 [debug  ] gate Run data: [33 0]
2021/02/07 02:20:43 [debug  ] gate Run data: [33 0]
2021/02/07 02:20:54 [debug  ] gate Run data: [33 0]
2021/02/07 02:21:05 [debug  ] gate Run data: [33 0]
2021/02/07 02:21:16 [debug  ] gate Run data: [33 0]
2021/02/07 02:21:27 [debug  ] gate Run data: [33 0]
2021/02/07 02:21:33 [debug  ] Info, sort guild ,GuildRankTime:%!(EXTRA int64=12940689340000, string= rank num:, int32=21)
2021/02/07 02:21:33 [debug  ] Info, UpdateRank
2021/02/07 02:21:38 [debug  ] gate Run data: [33 0]
2021/02/07 02:21:49 [debug  ] gate Run data: [33 0]
2021/02/07 02:22:00 [debug  ] gate Run data: [33 0]
2021/02/07 02:22:11 [debug  ] gate Run data: [33 0]
2021/02/07 02:22:22 [debug  ] gate Run data: [33 0]
2021/02/07 02:22:33 [debug  ] gate Run data: [33 0]
2021/02/07 02:22:44 [debug  ] gate Run data: [33 0]
2021/02/07 02:22:55 [debug  ] gate Run data: [33 0]
2021/02/07 02:23:06 [debug  ] gate Run data: [33 0]
2021/02/07 02:23:17 [debug  ] gate Run data: [33 0]
2021/02/07 02:23:28 [debug  ] gate Run data: [33 0]
2021/02/07 02:23:39 [debug  ] gate Run data: [33 0]
2021/02/07 02:23:50 [debug  ] gate Run data: [33 0]
2021/02/07 02:24:01 [debug  ] gate Run data: [33 0]
2021/02/07 02:24:12 [debug  ] gate Run data: [33 0]
2021/02/07 02:24:23 [debug  ] gate Run data: [33 0]
2021/02/07 02:24:34 [debug  ] gate Run data: [33 0]
2021/02/07 02:24:45 [debug  ] gate Run data: [33 0]
2021/02/07 02:24:56 [debug  ] gate Run data: [33 0]
2021/02/07 02:25:07 [debug  ] gate Run data: [33 0]
2021/02/07 02:25:18 [debug  ] gate Run data: [33 0]
2021/02/07 02:25:29 [debug  ] gate Run data: [33 0]
2021/02/07 02:25:40 [debug  ] gate Run data: [33 0]
2021/02/07 02:25:51 [debug  ] gate Run data: [33 0]
2021/02/07 02:26:02 [debug  ] gate Run data: [33 0]
2021/02/07 02:26:13 [debug  ] gate Run data: [33 0]
2021/02/07 02:26:24 [debug  ] gate Run data: [33 0]
2021/02/07 02:26:33 [debug  ] Info, UpdateRank
2021/02/07 02:26:33 [debug  ] Info, sort guild ,GuildRankTime:%!(EXTRA int64=12940719350000, string= rank num:, int32=21)
2021/02/07 02:26:35 [debug  ] gate Run data: [33 0]
2021/02/07 02:26:46 [debug  ] gate Run data: [33 0]
2021/02/07 02:26:57 [debug  ] gate Run data: [33 0]
2021/02/07 02:27:08 [debug  ] gate Run data: [33 0]
2021/02/07 02:27:19 [debug  ] gate Run data: [33 0]
2021/02/07 02:27:30 [debug  ] gate Run data: [33 0]
2021/02/07 02:27:41 [debug  ] gate Run data: [33 0]
2021/02/07 02:27:52 [debug  ] gate Run data: [33 0]
2021/02/07 02:27:55 [debug  ] rpcNewAgent
2021/02/07 02:28:02 [debug  ] gate Run data: [33 0]
2021/02/07 02:28:13 [debug  ] gate Run data: [33 0]
2021/02/07 02:28:24 [debug  ] gate Run data: [33 0]
2021/02/07 02:28:35 [debug  ] gate Run data: [33 0]
2021/02/07 02:28:46 [debug  ] gate Run data: [33 0]
2021/02/07 02:28:57 [debug  ] gate Run data: [33 0]
2021/02/07 02:29:08 [debug  ] gate Run data: [33 0]
2021/02/07 02:29:19 [debug  ] gate Run data: [33 0]
2021/02/07 02:29:30 [debug  ] gate Run data: [33 0]
2021/02/07 02:29:41 [debug  ] gate Run data: [33 0]
2021/02/07 02:29:52 [debug  ] gate Run data: [33 0]
2021/02/07 02:30:03 [debug  ] gate Run data: [33 0]
2021/02/07 02:30:14 [debug  ] gate Run data: [33 0]
2021/02/07 02:30:25 [debug  ] gate Run data: [33 0]
2021/02/07 02:30:36 [debug  ] gate Run data: [33 0]
2021/02/07 02:30:47 [debug  ] gate Run data: [33 0]
2021/02/07 02:30:56 [debug  ] Close agent cause heartbeat timeout
2021/02/07 02:30:56 [debug  ] gate read message: read tcp [::1]:17183->[::1]:54990: use of closed network connection
2021/02/07 02:30:56 [debug  ] rpcCloseAgent
2021/02/07 02:30:58 [debug  ] gate Run data: [33 0]
2021/02/07 02:31:09 [debug  ] gate Run data: [33 0]
2021/02/07 02:31:20 [debug  ] gate Run data: [33 0]
2021/02/07 02:31:30 [debug  ] gate Run data: [33 0]
2021/02/07 02:31:33 [debug  ] Info, UpdateRank
2021/02/07 02:31:33 [debug  ] Info, sort guild ,GuildRankTime:%!(EXTRA int64=12940749350000, string= rank num:, int32=21)
2021/02/07 02:31:41 [debug  ] gate Run data: [33 0]
2021/02/07 02:31:52 [debug  ] gate Run data: [33 0]
2021/02/07 02:32:03 [debug  ] gate Run data: [33 0]
2021/02/07 02:32:14 [debug  ] gate Run data: [33 0]
2021/02/07 02:32:25 [debug  ] gate Run data: [33 0]
2021/02/07 02:32:36 [debug  ] gate Run data: [33 0]
2021/02/07 02:32:47 [debug  ] gate Run data: [33 0]
2021/02/07 02:32:58 [debug  ] gate Run data: [33 0]
2021/02/07 02:33:09 [debug  ] gate Run data: [33 0]
2021/02/07 02:33:20 [debug  ] gate Run data: [33 0]
2021/02/07 02:33:31 [debug  ] gate Run data: [33 0]
2021/02/07 02:33:42 [debug  ] gate Run data: [33 0]
2021/02/07 02:33:53 [debug  ] gate Run data: [33 0]
2021/02/07 02:34:04 [debug  ] gate Run data: [33 0]
2021/02/07 02:34:15 [debug  ] gate Run data: [33 0]
2021/02/07 02:34:26 [debug  ] gate Run data: [33 0]
2021/02/07 02:34:37 [debug  ] gate Run data: [33 0]
2021/02/07 02:34:48 [debug  ] gate Run data: [33 0]
2021/02/07 02:34:58 [debug  ] gate Run data: [33 0]
2021/02/07 02:35:09 [debug  ] gate Run data: [33 0]
2021/02/07 02:35:20 [debug  ] gate Run data: [33 0]
2021/02/07 02:35:31 [debug  ] gate Run data: [33 0]
2021/02/07 02:35:42 [debug  ] gate Run data: [33 0]
2021/02/07 02:35:53 [debug  ] gate Run data: [33 0]
2021/02/07 02:36:04 [debug  ] gate Run data: [33 0]
2021/02/07 02:36:15 [debug  ] gate Run data: [33 0]
2021/02/07 02:36:26 [debug  ] gate Run data: [33 0]
2021/02/07 02:36:33 [debug  ] Info, UpdateRank
2021/02/07 02:36:33 [debug  ] Info, sort guild ,GuildRankTime:%!(EXTRA int64=12940779350000, string= rank num:, int32=21)
2021/02/07 02:36:37 [debug  ] gate Run data: [33 0]
2021/02/07 02:36:48 [debug  ] gate Run data: [33 0]
2021/02/07 02:36:59 [debug  ] gate Run data: [33 0]
2021/02/07 02:37:10 [debug  ] gate Run data: [33 0]
2021/02/07 02:37:21 [debug  ] gate Run data: [33 0]
2021/02/07 02:37:32 [debug  ] gate Run data: [33 0]
2021/02/07 02:37:43 [debug  ] gate Run data: [33 0]
2021/02/07 02:37:54 [debug  ] gate Run data: [33 0]
2021/02/07 02:38:05 [debug  ] gate Run data: [33 0]
2021/02/07 02:38:16 [debug  ] gate Run data: [33 0]
2021/02/07 02:38:27 [debug  ] gate Run data: [33 0]
2021/02/07 02:38:38 [debug  ] gate Run data: [33 0]
2021/02/07 02:38:49 [debug  ] gate Run data: [33 0]
2021/02/07 02:39:00 [debug  ] gate Run data: [33 0]
2021/02/07 02:39:11 [debug  ] gate Run data: [33 0]
2021/02/07 02:39:22 [debug  ] gate Run data: [33 0]
2021/02/07 02:39:33 [debug  ] gate Run data: [33 0]
2021/02/07 02:39:44 [debug  ] gate Run data: [33 0]
2021/02/07 02:39:55 [debug  ] gate Run data: [33 0]
2021/02/07 02:40:06 [debug  ] gate Run data: [33 0]
2021/02/07 02:40:17 [debug  ] gate Run data: [33 0]
2021/02/07 02:40:28 [debug  ] gate Run data: [33 0]
2021/02/07 02:40:39 [debug  ] gate Run data: [33 0]
2021/02/07 02:40:50 [debug  ] gate Run data: [33 0]
2021/02/07 02:41:01 [debug  ] gate Run data: [33 0]
2021/02/07 02:41:12 [debug  ] gate Run data: [33 0]
2021/02/07 02:41:23 [debug  ] gate Run data: [33 0]
2021/02/07 02:41:33 [debug  ] Info, UpdateRank
2021/02/07 02:41:33 [debug  ] Info, sort guild ,GuildRankTime:%!(EXTRA int64=12940809350000, string= rank num:, int32=21)
2021/02/07 02:41:34 [debug  ] gate Run data: [33 0]
2021/02/07 02:41:45 [debug  ] gate Run data: [33 0]
2021/02/07 02:41:56 [debug  ] gate Run data: [33 0]
2021/02/07 02:42:07 [debug  ] gate Run data: [33 0]
2021/02/07 02:42:18 [debug  ] gate Run data: [33 0]
2021/02/07 02:42:29 [debug  ] gate Run data: [33 0]
2021/02/07 02:42:40 [debug  ] gate Run data: [33 0]
2021/02/07 02:42:51 [debug  ] gate Run data: [33 0]
2021/02/07 02:43:02 [debug  ] gate Run data: [33 0]
2021/02/07 02:43:13 [debug  ] gate Run data: [33 0]
2021/02/07 02:43:24 [debug  ] gate Run data: [33 0]
2021/02/07 02:43:35 [debug  ] gate Run data: [33 0]
2021/02/07 02:43:46 [debug  ] gate Run data: [33 0]
2021/02/07 02:43:57 [debug  ] gate Run data: [33 0]
2021/02/07 02:44:08 [debug  ] gate Run data: [33 0]
2021/02/07 02:44:19 [debug  ] gate Run data: [33 0]
2021/02/07 02:44:30 [debug  ] gate Run data: [33 0]
2021/02/07 02:44:41 [debug  ] gate Run data: [33 0]
2021/02/07 02:44:52 [debug  ] gate Run data: [33 0]
2021/02/07 02:45:03 [debug  ] gate Run data: [33 0]
2021/02/07 02:45:14 [debug  ] gate Run data: [33 0]
2021/02/07 02:45:25 [debug  ] gate Run data: [33 0]
2021/02/07 02:45:36 [debug  ] gate Run data: [33 0]
2021/02/07 02:45:47 [debug  ] gate Run data: [33 0]
2021/02/07 02:45:58 [debug  ] gate Run data: [33 0]
2021/02/07 02:46:09 [debug  ] gate Run data: [33 0]
2021/02/07 02:46:20 [debug  ] gate Run data: [33 0]
2021/02/07 02:46:31 [debug  ] gate Run data: [33 0]
2021/02/07 02:46:33 [debug  ] Info, UpdateRank
2021/02/07 02:46:33 [debug  ] Info, sort guild ,GuildRankTime:%!(EXTRA int64=12940839350000, string= rank num:, int32=21)
2021/02/07 02:46:42 [debug  ] gate Run data: [33 0]
2021/02/07 02:46:53 [debug  ] gate Run data: [33 0]
2021/02/07 02:47:04 [debug  ] gate Run data: [33 0]
2021/02/07 02:47:15 [debug  ] gate Run data: [33 0]
2021/02/07 02:47:26 [debug  ] gate Run data: [33 0]
2021/02/07 02:47:37 [debug  ] gate Run data: [33 0]
2021/02/07 02:47:48 [debug  ] gate Run data: [33 0]
2021/02/07 02:47:59 [debug  ] gate Run data: [33 0]
2021/02/07 02:48:10 [debug  ] gate Run data: [33 0]
2021/02/07 02:48:21 [debug  ] gate Run data: [33 0]
2021/02/07 02:48:32 [debug  ] gate Run data: [33 0]
2021/02/07 02:48:43 [debug  ] gate Run data: [33 0]
2021/02/07 02:48:54 [debug  ] gate Run data: [33 0]
2021/02/07 02:49:05 [debug  ] gate Run data: [33 0]
2021/02/07 02:49:16 [debug  ] gate Run data: [33 0]
2021/02/07 02:49:27 [debug  ] gate Run data: [33 0]
2021/02/07 02:49:38 [debug  ] gate Run data: [33 0]
2021/02/07 02:49:49 [debug  ] gate Run data: [33 0]
2021/02/07 02:50:00 [debug  ] gate Run data: [33 0]
2021/02/07 02:50:11 [debug  ] gate Run data: [33 0]
2021/02/07 02:50:22 [debug  ] gate Run data: [33 0]
2021/02/07 02:50:33 [debug  ] gate Run data: [33 0]
2021/02/07 02:50:44 [debug  ] gate Run data: [33 0]
2021/02/07 02:50:55 [debug  ] gate Run data: [33 0]
2021/02/07 02:51:06 [debug  ] gate Run data: [33 0]
2021/02/07 02:51:17 [debug  ] gate Run data: [33 0]
2021/02/07 02:51:28 [debug  ] gate Run data: [33 0]
2021/02/07 02:51:33 [debug  ] Info, UpdateRank
2021/02/07 02:51:33 [debug  ] Info, sort guild ,GuildRankTime:%!(EXTRA int64=12940869350000, string= rank num:, int32=21)
2021/02/07 02:51:39 [debug  ] gate Run data: [33 0]
2021/02/07 02:51:50 [debug  ] gate Run data: [33 0]
2021/02/07 02:52:01 [debug  ] gate Run data: [33 0]
2021/02/07 02:52:12 [debug  ] gate Run data: [33 0]
2021/02/07 02:52:23 [debug  ] gate Run data: [33 0]
2021/02/07 02:52:34 [debug  ] gate Run data: [33 0]
2021/02/07 02:52:44 [debug  ] gate Run data: [33 0]
2021/02/07 02:52:55 [debug  ] gate Run data: [33 0]
2021/02/07 02:53:06 [debug  ] gate Run data: [33 0]
2021/02/07 02:53:17 [debug  ] gate Run data: [33 0]
2021/02/07 02:53:28 [debug  ] gate Run data: [33 0]
2021/02/07 02:53:39 [debug  ] gate Run data: [33 0]
2021/02/07 02:53:50 [debug  ] gate Run data: [33 0]
2021/02/07 02:54:01 [debug  ] gate Run data: [33 0]
2021/02/07 02:54:12 [debug  ] gate Run data: [33 0]
2021/02/07 02:54:23 [debug  ] gate Run data: [33 0]
2021/02/07 02:54:34 [debug  ] gate Run data: [33 0]
2021/02/07 02:54:45 [debug  ] gate Run data: [33 0]
2021/02/07 02:54:56 [debug  ] gate Run data: [33 0]
2021/02/07 02:55:07 [debug  ] gate Run data: [33 0]
2021/02/07 02:55:18 [debug  ] gate Run data: [33 0]
2021/02/07 02:55:29 [debug  ] gate Run data: [33 0]
2021/02/07 02:55:40 [debug  ] gate Run data: [33 0]
2021/02/07 02:55:51 [debug  ] gate Run data: [33 0]
2021/02/07 02:56:02 [debug  ] gate Run data: [33 0]
2021/02/07 02:56:12 [debug  ] gate Run data: [33 0]
2021/02/07 02:56:23 [debug  ] gate Run data: [33 0]
2021/02/07 02:56:33 [debug  ] Info, sort guild ,GuildRankTime:%!(EXTRA int64=12940899350000, string= rank num:, int32=21)
2021/02/07 02:56:33 [debug  ] Info, UpdateRank
2021/02/07 02:56:34 [debug  ] gate Run data: [33 0]
2021/02/07 02:56:45 [debug  ] gate Run data: [33 0]
2021/02/07 02:56:56 [debug  ] gate Run data: [33 0]
2021/02/07 02:57:07 [debug  ] gate Run data: [33 0]
2021/02/07 02:57:18 [debug  ] gate Run data: [33 0]
2021/02/07 02:57:29 [debug  ] gate Run data: [33 0]
2021/02/07 02:57:40 [debug  ] gate Run data: [33 0]
2021/02/07 02:57:51 [debug  ] gate Run data: [33 0]
2021/02/07 02:58:02 [debug  ] gate Run data: [33 0]
2021/02/07 02:58:13 [debug  ] gate Run data: [33 0]
2021/02/07 02:58:24 [debug  ] gate Run data: [33 0]
2021/02/07 02:58:35 [debug  ] gate Run data: [33 0]
2021/02/07 02:58:46 [debug  ] gate Run data: [33 0]
2021/02/07 02:58:57 [debug  ] gate Run data: [33 0]
2021/02/07 02:59:08 [debug  ] gate Run data: [33 0]
2021/02/07 02:59:19 [debug  ] gate Run data: [33 0]
2021/02/07 02:59:30 [debug  ] gate Run data: [33 0]
2021/02/07 02:59:40 [debug  ] gate Run data: [33 0]
2021/02/07 02:59:51 [debug  ] gate Run data: [33 0]
2021/02/07 03:00:02 [debug  ] gate Run data: [33 0]
2021/02/07 03:00:13 [debug  ] gate Run data: [33 0]
2021/02/07 03:00:24 [debug  ] gate Run data: [33 0]
2021/02/07 03:00:35 [debug  ] gate Run data: [33 0]
2021/02/07 03:00:46 [debug  ] gate Run data: [33 0]
2021/02/07 03:00:57 [debug  ] gate Run data: [33 0]
2021/02/07 03:01:08 [debug  ] gate Run data: [33 0]
2021/02/07 03:01:19 [debug  ] gate Run data: [33 0]
2021/02/07 03:01:30 [debug  ] gate Run data: [33 0]
2021/02/07 03:01:33 [debug  ] Info, sort guild ,GuildRankTime:%!(EXTRA int64=12940929350000, string= rank num:, int32=21)
2021/02/07 03:01:33 [debug  ] Info, UpdateRank
2021/02/07 03:01:41 [debug  ] gate Run data: [33 0]
2021/02/07 03:01:52 [debug  ] gate Run data: [33 0]
2021/02/07 03:02:03 [debug  ] gate Run data: [33 0]
2021/02/07 03:02:14 [debug  ] gate Run data: [33 0]
2021/02/07 03:02:25 [debug  ] gate Run data: [33 0]
2021/02/07 03:02:36 [debug  ] gate Run data: [33 0]
2021/02/07 03:02:47 [debug  ] gate Run data: [33 0]
2021/02/07 03:02:58 [debug  ] gate Run data: [33 0]
2021/02/07 03:03:08 [debug  ] gate Run data: [33 0]
2021/02/07 03:03:19 [debug  ] gate Run data: [33 0]
2021/02/07 03:03:30 [debug  ] gate Run data: [33 0]
2021/02/07 03:03:40 [debug  ] gate Run data: [33 0]
2021/02/07 03:03:51 [debug  ] gate Run data: [33 0]
2021/02/07 03:04:02 [debug  ] gate Run data: [33 0]
2021/02/07 03:04:13 [debug  ] gate Run data: [33 0]
2021/02/07 03:04:24 [debug  ] gate Run data: [33 0]
2021/02/07 03:04:35 [debug  ] gate Run data: [33 0]
2021/02/07 03:04:46 [debug  ] gate Run data: [33 0]
2021/02/07 03:04:57 [debug  ] gate Run data: [33 0]
2021/02/07 03:05:08 [debug  ] gate Run data: [33 0]
2021/02/07 03:05:19 [debug  ] gate Run data: [33 0]
2021/02/07 03:05:30 [debug  ] gate Run data: [33 0]
2021/02/07 03:05:41 [debug  ] gate Run data: [33 0]
2021/02/07 03:05:52 [debug  ] gate Run data: [33 0]
2021/02/07 03:06:03 [debug  ] gate Run data: [33 0]
2021/02/07 03:06:14 [debug  ] gate Run data: [33 0]
2021/02/07 03:06:25 [debug  ] gate Run data: [33 0]
2021/02/07 03:06:33 [debug  ] Info, sort guild ,GuildRankTime:%!(EXTRA int64=12940959350000, string= rank num:, int32=21)
2021/02/07 03:06:33 [debug  ] Info, UpdateRank
2021/02/07 03:06:36 [debug  ] gate Run data: [33 0]
2021/02/07 03:06:47 [debug  ] gate Run data: [33 0]
2021/02/07 03:06:58 [debug  ] gate Run data: [33 0]
2021/02/07 03:07:09 [debug  ] gate Run data: [33 0]
2021/02/07 03:07:20 [debug  ] gate Run data: [33 0]
2021/02/07 03:07:31 [debug  ] gate Run data: [33 0]
2021/02/07 03:07:42 [debug  ] gate Run data: [33 0]
2021/02/07 03:07:53 [debug  ] gate Run data: [33 0]
2021/02/07 03:08:04 [debug  ] gate Run data: [33 0]
2021/02/07 03:08:15 [debug  ] gate Run data: [33 0]
2021/02/07 03:08:26 [debug  ] gate Run data: [33 0]
2021/02/07 03:08:37 [debug  ] gate Run data: [33 0]
2021/02/07 03:08:48 [debug  ] gate Run data: [33 0]
2021/02/07 03:08:59 [debug  ] gate Run data: [33 0]
2021/02/07 03:09:10 [debug  ] gate Run data: [33 0]
2021/02/07 03:09:21 [debug  ] gate Run data: [33 0]
2021/02/07 03:09:32 [debug  ] gate Run data: [33 0]
2021/02/07 03:09:43 [debug  ] gate Run data: [33 0]
2021/02/07 03:09:54 [debug  ] gate Run data: [33 0]
2021/02/07 03:10:05 [debug  ] gate Run data: [33 0]
2021/02/07 03:10:16 [debug  ] gate Run data: [33 0]
2021/02/07 03:10:27 [debug  ] gate Run data: [33 0]
2021/02/07 03:10:38 [debug  ] gate Run data: [33 0]
2021/02/07 03:10:49 [debug  ] gate Run data: [33 0]
2021/02/07 03:11:00 [debug  ] gate Run data: [33 0]
2021/02/07 03:11:11 [debug  ] gate Run data: [33 0]
2021/02/07 03:11:22 [debug  ] gate Run data: [33 0]
2021/02/07 03:11:33 [debug  ] Info, UpdateRank
2021/02/07 03:11:33 [debug  ] Info, sort guild ,GuildRankTime:%!(EXTRA int64=12940989350000, string= rank num:, int32=21)
2021/02/07 03:11:33 [debug  ] gate Run data: [33 0]
2021/02/07 03:11:44 [debug  ] gate Run data: [33 0]
2021/02/07 03:11:55 [debug  ] gate Run data: [33 0]
2021/02/07 03:12:06 [debug  ] gate Run data: [33 0]
2021/02/07 03:12:17 [debug  ] gate Run data: [33 0]
2021/02/07 03:12:28 [debug  ] gate Run data: [33 0]
2021/02/07 03:12:39 [debug  ] gate Run data: [33 0]
2021/02/07 03:12:50 [debug  ] gate Run data: [33 0]
2021/02/07 03:13:01 [debug  ] gate Run data: [33 0]
2021/02/07 03:13:12 [debug  ] gate Run data: [33 0]
2021/02/07 03:13:23 [debug  ] gate Run data: [33 0]
2021/02/07 03:13:34 [debug  ] gate Run data: [33 0]
2021/02/07 03:13:45 [debug  ] gate Run data: [33 0]
2021/02/07 03:13:56 [debug  ] gate Run data: [33 0]
2021/02/07 03:14:07 [debug  ] gate Run data: [33 0]
2021/02/07 03:14:18 [debug  ] gate Run data: [33 0]
2021/02/07 03:14:29 [debug  ] gate Run data: [33 0]
2021/02/07 03:14:40 [debug  ] gate Run data: [33 0]
2021/02/07 03:14:51 [debug  ] gate Run data: [33 0]
2021/02/07 03:15:02 [debug  ] gate Run data: [33 0]
2021/02/07 03:15:13 [debug  ] gate Run data: [33 0]
2021/02/07 03:15:24 [debug  ] gate Run data: [33 0]
2021/02/07 03:15:35 [debug  ] gate Run data: [33 0]
2021/02/07 03:15:46 [debug  ] gate Run data: [33 0]
2021/02/07 03:15:57 [debug  ] gate Run data: [33 0]
2021/02/07 03:16:08 [debug  ] gate Run data: [33 0]
2021/02/07 03:16:19 [debug  ] gate Run data: [33 0]
2021/02/07 03:16:30 [debug  ] gate Run data: [33 0]
2021/02/07 03:16:33 [debug  ] Info, sort guild ,GuildRankTime:%!(EXTRA int64=12941019350000, string= rank num:, int32=21)
2021/02/07 03:16:33 [debug  ] Info, UpdateRank
2021/02/07 03:16:41 [debug  ] gate Run data: [33 0]
2021/02/07 03:16:52 [debug  ] gate Run data: [33 0]
2021/02/07 03:17:03 [debug  ] gate Run data: [33 0]
2021/02/07 03:17:14 [debug  ] gate Run data: [33 0]
2021/02/07 03:17:24 [debug  ] gate Run data: [33 0]
2021/02/07 03:17:35 [debug  ] gate Run data: [33 0]
2021/02/07 03:17:46 [debug  ] gate Run data: [33 0]
2021/02/07 03:17:57 [debug  ] gate Run data: [33 0]
2021/02/07 03:18:08 [debug  ] gate Run data: [33 0]
2021/02/07 03:18:19 [debug  ] gate Run data: [33 0]
2021/02/07 03:18:30 [debug  ] gate Run data: [33 0]
2021/02/07 03:18:41 [debug  ] gate Run data: [33 0]
2021/02/07 03:18:52 [debug  ] gate Run data: [33 0]
2021/02/07 03:19:03 [debug  ] gate Run data: [33 0]
2021/02/07 03:19:13 [debug  ] gate Run data: [33 0]
2021/02/07 03:19:24 [debug  ] gate Run data: [33 0]
2021/02/07 03:19:35 [debug  ] gate Run data: [33 0]
2021/02/07 03:19:46 [debug  ] gate Run data: [33 0]
2021/02/07 03:19:57 [debug  ] gate Run data: [33 0]
2021/02/07 03:20:08 [debug  ] gate Run data: [33 0]
2021/02/07 03:20:19 [debug  ] gate Run data: [33 0]
2021/02/07 03:20:30 [debug  ] gate Run data: [33 0]
2021/02/07 03:20:41 [debug  ] gate Run data: [33 0]
2021/02/07 03:20:52 [debug  ] gate Run data: [33 0]
2021/02/07 03:21:03 [debug  ] gate Run data: [33 0]
2021/02/07 03:21:14 [debug  ] gate Run data: [33 0]
2021/02/07 03:21:25 [debug  ] gate Run data: [33 0]
2021/02/07 03:21:33 [debug  ] Info, UpdateRank
2021/02/07 03:21:33 [debug  ] Info, sort guild ,GuildRankTime:%!(EXTRA int64=12941049350000, string= rank num:, int32=21)
2021/02/07 03:21:36 [debug  ] gate Run data: [33 0]
2021/02/07 03:21:47 [debug  ] gate Run data: [33 0]
2021/02/07 03:21:58 [debug  ] gate Run data: [33 0]
2021/02/07 03:22:09 [debug  ] gate Run data: [33 0]
2021/02/07 03:22:20 [debug  ] gate Run data: [33 0]
2021/02/07 03:22:31 [debug  ] gate Run data: [33 0]
2021/02/07 03:22:41 [debug  ] gate Run data: [33 0]
2021/02/07 03:22:52 [debug  ] gate Run data: [33 0]
2021/02/07 03:23:03 [debug  ] gate Run data: [33 0]
2021/02/07 03:23:14 [debug  ] gate Run data: [33 0]
2021/02/07 03:23:25 [debug  ] gate Run data: [33 0]
2021/02/07 03:23:36 [debug  ] gate Run data: [33 0]
2021/02/07 03:23:47 [debug  ] gate Run data: [33 0]
2021/02/07 03:23:58 [debug  ] gate Run data: [33 0]
2021/02/07 03:24:09 [debug  ] gate Run data: [33 0]
2021/02/07 03:24:20 [debug  ] gate Run data: [33 0]
2021/02/07 03:24:31 [debug  ] gate Run data: [33 0]
2021/02/07 03:24:42 [debug  ] gate Run data: [33 0]
2021/02/07 03:24:53 [debug  ] gate Run data: [33 0]
2021/02/07 03:25:04 [debug  ] gate Run data: [33 0]
2021/02/07 03:25:15 [debug  ] gate Run data: [33 0]
2021/02/07 03:25:26 [debug  ] gate Run data: [33 0]
2021/02/07 03:25:37 [debug  ] gate Run data: [33 0]
2021/02/07 03:25:48 [debug  ] gate Run data: [33 0]
2021/02/07 03:25:59 [debug  ] gate Run data: [33 0]
2021/02/07 03:26:10 [debug  ] gate Run data: [33 0]
2021/02/07 03:26:21 [debug  ] gate Run data: [33 0]
2021/02/07 03:26:32 [debug  ] gate Run data: [33 0]
2021/02/07 03:26:33 [debug  ] Info, UpdateRank
2021/02/07 03:26:33 [debug  ] Info, sort guild ,GuildRankTime:%!(EXTRA int64=12941079350000, string= rank num:, int32=21)
2021/02/07 03:26:43 [debug  ] gate Run data: [33 0]
2021/02/07 03:26:54 [debug  ] gate Run data: [33 0]
2021/02/07 03:27:05 [debug  ] gate Run data: [33 0]
2021/02/07 03:27:16 [debug  ] gate Run data: [33 0]
2021/02/07 03:27:27 [debug  ] gate Run data: [33 0]
2021/02/07 03:27:38 [debug  ] gate Run data: [33 0]
2021/02/07 03:27:49 [debug  ] gate Run data: [33 0]
2021/02/07 03:28:00 [debug  ] gate Run data: [33 0]
2021/02/07 03:28:11 [debug  ] gate Run data: [33 0]
2021/02/07 03:28:22 [debug  ] gate Run data: [33 0]
2021/02/07 03:28:33 [debug  ] gate Run data: [33 0]
2021/02/07 03:28:44 [debug  ] gate Run data: [33 0]
2021/02/07 03:28:55 [debug  ] gate Run data: [33 0]
2021/02/07 03:29:06 [debug  ] gate Run data: [33 0]
2021/02/07 03:29:17 [debug  ] gate Run data: [33 0]
2021/02/07 03:29:28 [debug  ] gate Run data: [33 0]
2021/02/07 03:29:39 [debug  ] gate Run data: [33 0]
2021/02/07 03:29:50 [debug  ] gate Run data: [33 0]
2021/02/07 03:30:01 [debug  ] gate Run data: [33 0]
2021/02/07 03:30:12 [debug  ] gate Run data: [33 0]
2021/02/07 03:30:23 [debug  ] gate Run data: [33 0]
2021/02/07 03:30:34 [debug  ] gate Run data: [33 0]
2021/02/07 03:30:45 [debug  ] gate Run data: [33 0]
2021/02/07 03:30:56 [debug  ] gate Run data: [33 0]
2021/02/07 03:31:07 [debug  ] gate Run data: [33 0]
2021/02/07 03:31:18 [debug  ] gate Run data: [33 0]
2021/02/07 03:31:29 [debug  ] gate Run data: [33 0]
2021/02/07 03:31:33 [debug  ] Info, UpdateRank
2021/02/07 03:31:33 [debug  ] Info, sort guild ,GuildRankTime:%!(EXTRA int64=12941109360000, string= rank num:, int32=21)
2021/02/07 03:31:40 [debug  ] gate Run data: [33 0]
2021/02/07 03:31:51 [debug  ] gate Run data: [33 0]
2021/02/07 03:32:02 [debug  ] gate Run data: [33 0]
2021/02/07 03:32:13 [debug  ] gate Run data: [33 0]
2021/02/07 03:32:24 [debug  ] gate Run data: [33 0]
2021/02/07 03:32:35 [debug  ] gate Run data: [33 0]
2021/02/07 03:32:46 [debug  ] gate Run data: [33 0]
2021/02/07 03:32:57 [debug  ] gate Run data: [33 0]
2021/02/07 03:33:08 [debug  ] gate Run data: [33 0]
2021/02/07 03:33:19 [debug  ] gate Run data: [33 0]
2021/02/07 03:33:30 [debug  ] gate Run data: [33 0]
2021/02/07 03:33:41 [debug  ] gate Run data: [33 0]
2021/02/07 03:33:52 [debug  ] gate Run data: [33 0]
2021/02/07 03:34:03 [debug  ] gate Run data: [33 0]
2021/02/07 03:34:14 [debug  ] gate Run data: [33 0]
2021/02/07 03:34:25 [debug  ] gate Run data: [33 0]
2021/02/07 03:34:36 [debug  ] gate Run data: [33 0]
2021/02/07 03:34:47 [debug  ] gate Run data: [33 0]
2021/02/07 03:34:58 [debug  ] gate Run data: [33 0]
2021/02/07 03:35:09 [debug  ] gate Run data: [33 0]
2021/02/07 03:35:20 [debug  ] gate Run data: [33 0]
2021/02/07 03:35:31 [debug  ] gate Run data: [33 0]
2021/02/07 03:35:42 [debug  ] gate Run data: [33 0]
2021/02/07 03:35:53 [debug  ] gate Run data: [33 0]
2021/02/07 03:36:04 [debug  ] gate Run data: [33 0]
2021/02/07 03:36:15 [debug  ] gate Run data: [33 0]
2021/02/07 03:36:26 [debug  ] gate Run data: [33 0]
2021/02/07 03:36:33 [debug  ] Info, sort guild ,GuildRankTime:%!(EXTRA int64=12941139360000, string= rank num:, int32=21)
2021/02/07 03:36:33 [debug  ] Info, UpdateRank
2021/02/07 03:36:37 [debug  ] gate Run data: [33 0]
2021/02/07 03:36:48 [debug  ] gate Run data: [33 0]
2021/02/07 03:36:59 [debug  ] gate Run data: [33 0]
2021/02/07 03:37:10 [debug  ] gate Run data: [33 0]
2021/02/07 03:37:21 [debug  ] gate Run data: [33 0]
2021/02/07 03:37:32 [debug  ] gate Run data: [33 0]
2021/02/07 03:37:43 [debug  ] gate Run data: [33 0]
2021/02/07 03:37:54 [debug  ] gate Run data: [33 0]
2021/02/07 03:38:05 [debug  ] gate Run data: [33 0]
2021/02/07 03:38:16 [debug  ] gate Run data: [33 0]
2021/02/07 03:38:27 [debug  ] gate Run data: [33 0]
2021/02/07 03:38:38 [debug  ] gate Run data: [33 0]
2021/02/07 03:38:49 [debug  ] gate Run data: [33 0]
2021/02/07 03:39:00 [debug  ] gate Run data: [33 0]
2021/02/07 03:39:11 [debug  ] gate Run data: [33 0]
2021/02/07 03:39:22 [debug  ] gate Run data: [33 0]
2021/02/07 03:39:33 [debug  ] gate Run data: [33 0]
2021/02/07 03:39:44 [debug  ] gate Run data: [33 0]
2021/02/07 03:39:55 [debug  ] gate Run data: [33 0]
2021/02/07 03:40:06 [debug  ] gate Run data: [33 0]
2021/02/07 03:40:17 [debug  ] gate Run data: [33 0]
2021/02/07 03:40:28 [debug  ] gate Run data: [33 0]
2021/02/07 03:40:39 [debug  ] gate Run data: [33 0]
2021/02/07 03:40:50 [debug  ] gate Run data: [33 0]
2021/02/07 03:41:01 [debug  ] gate Run data: [33 0]
2021/02/07 03:41:12 [debug  ] gate Run data: [33 0]
2021/02/07 03:41:23 [debug  ] gate Run data: [33 0]
2021/02/07 03:41:33 [debug  ] Info, sort guild ,GuildRankTime:%!(EXTRA int64=12941169360000, string= rank num:, int32=21)
2021/02/07 03:41:33 [debug  ] Info, UpdateRank
2021/02/07 03:41:34 [debug  ] gate Run data: [33 0]
2021/02/07 03:41:45 [debug  ] gate Run data: [33 0]
2021/02/07 03:41:56 [debug  ] gate Run data: [33 0]
2021/02/07 03:42:07 [debug  ] gate Run data: [33 0]
2021/02/07 03:42:18 [debug  ] gate Run data: [33 0]
2021/02/07 03:42:29 [debug  ] gate Run data: [33 0]
2021/02/07 03:42:40 [debug  ] gate Run data: [33 0]
2021/02/07 03:42:51 [debug  ] gate Run data: [33 0]
2021/02/07 03:43:02 [debug  ] gate Run data: [33 0]
2021/02/07 03:43:13 [debug  ] gate Run data: [33 0]
2021/02/07 03:43:24 [debug  ] gate Run data: [33 0]
2021/02/07 03:43:35 [debug  ] gate Run data: [33 0]
2021/02/07 03:43:46 [debug  ] gate Run data: [33 0]
2021/02/07 03:43:57 [debug  ] gate Run data: [33 0]
2021/02/07 03:44:08 [debug  ] gate Run data: [33 0]
2021/02/07 03:44:19 [debug  ] gate Run data: [33 0]
2021/02/07 03:44:22 [debug  ] rpcNewAgent
2021/02/07 03:44:30 [debug  ] gate Run data: [33 0]
2021/02/07 03:44:41 [debug  ] gate Run data: [33 0]
2021/02/07 03:44:52 [debug  ] gate Run data: [33 0]
2021/02/07 03:45:03 [debug  ] gate Run data: [33 0]
2021/02/07 03:45:14 [debug  ] gate Run data: [33 0]
2021/02/07 03:45:25 [debug  ] gate Run data: [33 0]
2021/02/07 03:45:35 [debug  ] gate Run data: [33 0]
2021/02/07 03:45:46 [debug  ] gate Run data: [33 0]
2021/02/07 03:45:57 [debug  ] gate Run data: [33 0]
2021/02/07 03:46:08 [debug  ] gate Run data: [33 0]
2021/02/07 03:46:19 [debug  ] gate Run data: [33 0]
2021/02/07 03:46:30 [debug  ] gate Run data: [33 0]
2021/02/07 03:46:33 [debug  ] Info, sort guild ,GuildRankTime:%!(EXTRA int64=12941199360000, string= rank num:, int32=21)
2021/02/07 03:46:33 [debug  ] Info, UpdateRank
2021/02/07 03:46:41 [debug  ] gate Run data: [33 0]
2021/02/07 03:46:52 [debug  ] gate Run data: [33 0]
2021/02/07 03:47:03 [debug  ] gate Run data: [33 0]
2021/02/07 03:47:14 [debug  ] gate Run data: [33 0]
2021/02/07 03:47:23 [debug  ] Close agent cause heartbeat timeout
2021/02/07 03:47:23 [debug  ] gate read message: read tcp [::1]:17183->[::1]:59533: use of closed network connection
2021/02/07 03:47:23 [debug  ] rpcCloseAgent
2021/02/07 03:47:25 [debug  ] gate Run data: [33 0]
2021/02/07 03:47:36 [debug  ] gate Run data: [33 0]
2021/02/07 03:47:47 [debug  ] gate Run data: [33 0]
2021/02/07 03:47:58 [debug  ] gate Run data: [33 0]
2021/02/07 03:48:09 [debug  ] gate Run data: [33 0]
2021/02/07 03:48:18 [debug  ] rpcNewAgent
2021/02/07 03:48:20 [debug  ] gate Run data: [33 0]
2021/02/07 03:48:31 [debug  ] gate Run data: [33 0]
2021/02/07 03:48:42 [debug  ] gate Run data: [33 0]
2021/02/07 03:48:53 [debug  ] gate Run data: [33 0]
2021/02/07 03:49:04 [debug  ] gate Run data: [33 0]
2021/02/07 03:49:15 [debug  ] gate Run data: [33 0]
2021/02/07 03:49:26 [debug  ] gate Run data: [33 0]
2021/02/07 03:49:37 [debug  ] gate Run data: [33 0]
2021/02/07 03:49:48 [debug  ] gate Run data: [33 0]
2021/02/07 03:49:59 [debug  ] gate Run data: [33 0]
2021/02/07 03:50:10 [debug  ] gate Run data: [33 0]
2021/02/07 03:50:21 [debug  ] gate Run data: [33 0]
2021/02/07 03:50:32 [debug  ] gate Run data: [33 0]
2021/02/07 03:50:42 [debug  ] gate Run data: [33 0]
2021/02/07 03:50:53 [debug  ] gate Run data: [33 0]
2021/02/07 03:51:04 [debug  ] gate Run data: [33 0]
2021/02/07 03:51:15 [debug  ] gate Run data: [33 0]
2021/02/07 03:51:20 [debug  ] Close agent cause heartbeat timeout
2021/02/07 03:51:20 [debug  ] gate read message: read tcp [::1]:17183->[::1]:59759: use of closed network connection
2021/02/07 03:51:20 [debug  ] rpcCloseAgent
2021/02/07 03:51:26 [debug  ] gate Run data: [33 0]
2021/02/07 03:51:33 [debug  ] Info, UpdateRank
2021/02/07 03:51:33 [debug  ] Info, sort guild ,GuildRankTime:%!(EXTRA int64=12941229360000, string= rank num:, int32=21)
2021/02/07 03:51:37 [debug  ] gate Run data: [33 0]
2021/02/07 03:51:48 [debug  ] gate Run data: [33 0]
2021/02/07 03:51:59 [debug  ] gate Run data: [33 0]
2021/02/07 03:52:10 [debug  ] gate Run data: [33 0]
2021/02/07 03:52:21 [debug  ] gate Run data: [33 0]
2021/02/07 03:52:31 [debug  ] gate Run data: [33 0]
2021/02/07 03:52:42 [debug  ] gate Run data: [33 0]
2021/02/07 03:52:53 [debug  ] gate Run data: [33 0]
2021/02/07 03:53:04 [debug  ] gate Run data: [33 0]
2021/02/07 03:53:15 [debug  ] gate Run data: [33 0]
2021/02/07 03:53:26 [debug  ] gate Run data: [33 0]
2021/02/07 03:53:37 [debug  ] gate Run data: [33 0]
2021/02/07 03:53:48 [debug  ] gate Run data: [33 0]
2021/02/07 03:53:59 [debug  ] gate Run data: [33 0]
2021/02/07 03:54:10 [debug  ] gate Run data: [33 0]
2021/02/07 03:54:21 [debug  ] gate Run data: [33 0]
2021/02/07 03:54:32 [debug  ] gate Run data: [33 0]
2021/02/07 03:54:43 [debug  ] gate Run data: [33 0]
2021/02/07 03:54:54 [debug  ] gate Run data: [33 0]
2021/02/07 03:55:05 [debug  ] gate Run data: [33 0]
2021/02/07 03:55:16 [debug  ] gate Run data: [33 0]
2021/02/07 03:55:27 [debug  ] gate Run data: [33 0]
2021/02/07 03:55:38 [debug  ] gate Run data: [33 0]
2021/02/07 03:55:49 [debug  ] gate Run data: [33 0]
2021/02/07 03:56:00 [debug  ] gate Run data: [33 0]
2021/02/07 03:56:11 [debug  ] gate Run data: [33 0]
2021/02/07 03:56:22 [debug  ] gate Run data: [33 0]
2021/02/07 03:56:33 [debug  ] Info, sort guild ,GuildRankTime:%!(EXTRA int64=12941259360000, string= rank num:, int32=21)
2021/02/07 03:56:33 [debug  ] Info, UpdateRank
2021/02/07 03:56:33 [debug  ] gate Run data: [33 0]
2021/02/07 03:56:44 [debug  ] gate Run data: [33 0]
2021/02/07 03:56:55 [debug  ] gate Run data: [33 0]
2021/02/07 03:57:06 [debug  ] gate Run data: [33 0]
2021/02/07 03:57:17 [debug  ] gate Run data: [33 0]
2021/02/07 03:57:28 [debug  ] gate Run data: [33 0]
2021/02/07 03:57:39 [debug  ] gate Run data: [33 0]
2021/02/07 03:57:50 [debug  ] gate Run data: [33 0]
2021/02/07 03:58:01 [debug  ] gate Run data: [33 0]
2021/02/07 03:58:12 [debug  ] gate Run data: [33 0]
2021/02/07 03:58:23 [debug  ] gate Run data: [33 0]
2021/02/07 03:58:34 [debug  ] gate Run data: [33 0]
2021/02/07 03:58:45 [debug  ] gate Run data: [33 0]
2021/02/07 03:58:56 [debug  ] gate Run data: [33 0]
2021/02/07 03:59:07 [debug  ] gate Run data: [33 0]
2021/02/07 03:59:18 [debug  ] gate Run data: [33 0]
2021/02/07 03:59:29 [debug  ] gate Run data: [33 0]
2021/02/07 03:59:40 [debug  ] gate Run data: [33 0]
2021/02/07 03:59:51 [debug  ] gate Run data: [33 0]
2021/02/07 04:00:02 [debug  ] gate Run data: [33 0]
2021/02/07 04:00:13 [debug  ] gate Run data: [33 0]
2021/02/07 04:00:24 [debug  ] gate Run data: [33 0]
2021/02/07 04:00:35 [debug  ] gate Run data: [33 0]
2021/02/07 04:00:46 [debug  ] gate Run data: [33 0]
2021/02/07 04:00:57 [debug  ] gate Run data: [33 0]
2021/02/07 04:01:08 [debug  ] gate Run data: [33 0]
2021/02/07 04:01:19 [debug  ] gate Run data: [33 0]
2021/02/07 04:01:30 [debug  ] gate Run data: [33 0]
2021/02/07 04:01:33 [debug  ] Info, UpdateRank
2021/02/07 04:01:33 [debug  ] Info, sort guild ,GuildRankTime:%!(EXTRA int64=12941289360000, string= rank num:, int32=21)
2021/02/07 04:01:41 [debug  ] gate Run data: [33 0]
2021/02/07 04:01:52 [debug  ] gate Run data: [33 0]
2021/02/07 04:02:03 [debug  ] gate Run data: [33 0]
2021/02/07 04:02:14 [debug  ] gate Run data: [33 0]
2021/02/07 04:02:25 [debug  ] gate Run data: [33 0]
2021/02/07 04:02:36 [debug  ] gate Run data: [33 0]
2021/02/07 04:02:47 [debug  ] gate Run data: [33 0]
2021/02/07 04:02:58 [debug  ] gate Run data: [33 0]
2021/02/07 04:03:09 [debug  ] gate Run data: [33 0]
2021/02/07 04:03:20 [debug  ] gate Run data: [33 0]
2021/02/07 04:03:31 [debug  ] gate Run data: [33 0]
2021/02/07 04:03:42 [debug  ] gate Run data: [33 0]
2021/02/07 04:03:53 [debug  ] gate Run data: [33 0]
2021/02/07 04:04:04 [debug  ] gate Run data: [33 0]
2021/02/07 04:04:15 [debug  ] gate Run data: [33 0]
2021/02/07 04:04:26 [debug  ] gate Run data: [33 0]
2021/02/07 04:04:37 [debug  ] gate Run data: [33 0]
2021/02/07 04:04:48 [debug  ] gate Run data: [33 0]
2021/02/07 04:04:59 [debug  ] gate Run data: [33 0]
2021/02/07 04:05:10 [debug  ] gate Run data: [33 0]
2021/02/07 04:05:21 [debug  ] gate Run data: [33 0]
2021/02/07 04:05:32 [debug  ] gate Run data: [33 0]
2021/02/07 04:05:43 [debug  ] gate Run data: [33 0]
2021/02/07 04:05:54 [debug  ] gate Run data: [33 0]
2021/02/07 04:06:05 [debug  ] gate Run data: [33 0]
2021/02/07 04:06:15 [debug  ] gate Run data: [33 0]
2021/02/07 04:06:26 [debug  ] gate Run data: [33 0]
2021/02/07 04:06:33 [debug  ] Info, sort guild ,GuildRankTime:%!(EXTRA int64=12941319360000, string= rank num:, int32=21)
2021/02/07 04:06:33 [debug  ] Info, UpdateRank
2021/02/07 04:06:37 [debug  ] gate Run data: [33 0]
2021/02/07 04:06:48 [debug  ] gate Run data: [33 0]
2021/02/07 04:06:59 [debug  ] gate Run data: [33 0]
2021/02/07 04:07:10 [debug  ] gate Run data: [33 0]
2021/02/07 04:07:21 [debug  ] gate Run data: [33 0]
2021/02/07 04:07:32 [debug  ] gate Run data: [33 0]
2021/02/07 04:07:43 [debug  ] gate Run data: [33 0]
2021/02/07 04:07:54 [debug  ] gate Run data: [33 0]
2021/02/07 04:08:05 [debug  ] gate Run data: [33 0]
2021/02/07 04:08:16 [debug  ] gate Run data: [33 0]
2021/02/07 04:08:27 [debug  ] gate Run data: [33 0]
2021/02/07 04:08:38 [debug  ] gate Run data: [33 0]
2021/02/07 04:08:49 [debug  ] gate Run data: [33 0]
2021/02/07 04:09:00 [debug  ] gate Run data: [33 0]
2021/02/07 04:09:11 [debug  ] gate Run data: [33 0]
2021/02/07 04:09:22 [debug  ] gate Run data: [33 0]
2021/02/07 04:09:33 [debug  ] gate Run data: [33 0]
2021/02/07 04:09:44 [debug  ] gate Run data: [33 0]
2021/02/07 04:09:55 [debug  ] gate Run data: [33 0]
2021/02/07 04:10:06 [debug  ] gate Run data: [33 0]
2021/02/07 04:10:17 [debug  ] gate Run data: [33 0]
2021/02/07 04:10:28 [debug  ] gate Run data: [33 0]
2021/02/07 04:10:39 [debug  ] gate Run data: [33 0]
2021/02/07 04:10:50 [debug  ] gate Run data: [33 0]
2021/02/07 04:11:01 [debug  ] gate Run data: [33 0]
2021/02/07 04:11:12 [debug  ] gate Run data: [33 0]
2021/02/07 04:11:23 [debug  ] gate Run data: [33 0]
2021/02/07 04:11:33 [debug  ] Info, UpdateRank
2021/02/07 04:11:33 [debug  ] Info, sort guild ,GuildRankTime:%!(EXTRA int64=12941349360000, string= rank num:, int32=21)
2021/02/07 04:11:34 [debug  ] gate Run data: [33 0]
2021/02/07 04:11:45 [debug  ] gate Run data: [33 0]
2021/02/07 04:11:56 [debug  ] gate Run data: [33 0]
2021/02/07 04:12:07 [debug  ] gate Run data: [33 0]
2021/02/07 04:12:18 [debug  ] gate Run data: [33 0]
2021/02/07 04:12:29 [debug  ] gate Run data: [33 0]
2021/02/07 04:12:40 [debug  ] gate Run data: [33 0]
2021/02/07 04:12:51 [debug  ] gate Run data: [33 0]
2021/02/07 04:13:02 [debug  ] gate Run data: [33 0]
2021/02/07 04:13:13 [debug  ] gate Run data: [33 0]
2021/02/07 04:13:24 [debug  ] gate Run data: [33 0]
2021/02/07 04:13:35 [debug  ] gate Run data: [33 0]
2021/02/07 04:13:46 [debug  ] gate Run data: [33 0]
2021/02/07 04:13:57 [debug  ] gate Run data: [33 0]
2021/02/07 04:14:08 [debug  ] gate Run data: [33 0]
2021/02/07 04:14:19 [debug  ] gate Run data: [33 0]
2021/02/07 04:14:30 [debug  ] gate Run data: [33 0]
2021/02/07 04:14:41 [debug  ] gate Run data: [33 0]
2021/02/07 04:14:52 [debug  ] gate Run data: [33 0]
2021/02/07 04:15:03 [debug  ] gate Run data: [33 0]
2021/02/07 04:15:14 [debug  ] gate Run data: [33 0]
2021/02/07 04:15:25 [debug  ] gate Run data: [33 0]
2021/02/07 04:15:36 [debug  ] gate Run data: [33 0]
2021/02/07 04:15:46 [debug  ] gate Run data: [33 0]
2021/02/07 04:15:57 [debug  ] gate Run data: [33 0]
2021/02/07 04:16:08 [debug  ] gate Run data: [33 0]
2021/02/07 04:16:19 [debug  ] gate Run data: [33 0]
2021/02/07 04:16:30 [debug  ] gate Run data: [33 0]
2021/02/07 04:16:33 [debug  ] Info, sort guild ,GuildRankTime:%!(EXTRA int64=12941379360000, string= rank num:, int32=21)
2021/02/07 04:16:33 [debug  ] Info, UpdateRank
2021/02/07 04:16:41 [debug  ] gate Run data: [33 0]
2021/02/07 04:16:52 [debug  ] gate Run data: [33 0]
2021/02/07 04:17:03 [debug  ] gate Run data: [33 0]
2021/02/07 04:17:14 [debug  ] gate Run data: [33 0]
2021/02/07 04:17:25 [debug  ] gate Run data: [33 0]
2021/02/07 04:17:36 [debug  ] gate Run data: [33 0]
2021/02/07 04:17:47 [debug  ] gate Run data: [33 0]
2021/02/07 04:17:58 [debug  ] gate Run data: [33 0]
2021/02/07 04:18:09 [debug  ] gate Run data: [33 0]
2021/02/07 04:18:20 [debug  ] gate Run data: [33 0]
2021/02/07 04:18:31 [debug  ] gate Run data: [33 0]
2021/02/07 04:18:42 [debug  ] gate Run data: [33 0]
2021/02/07 04:18:53 [debug  ] gate Run data: [33 0]
2021/02/07 04:19:04 [debug  ] gate Run data: [33 0]
2021/02/07 04:19:14 [debug  ] gate Run data: [33 0]
2021/02/07 04:19:25 [debug  ] gate Run data: [33 0]
2021/02/07 04:19:36 [debug  ] gate Run data: [33 0]
2021/02/07 04:19:47 [debug  ] gate Run data: [33 0]
2021/02/07 04:19:58 [debug  ] gate Run data: [33 0]
2021/02/07 04:20:09 [debug  ] gate Run data: [33 0]
2021/02/07 04:20:20 [debug  ] gate Run data: [33 0]
2021/02/07 04:20:31 [debug  ] gate Run data: [33 0]
2021/02/07 04:20:42 [debug  ] gate Run data: [33 0]
2021/02/07 04:20:53 [debug  ] gate Run data: [33 0]
2021/02/07 04:21:04 [debug  ] gate Run data: [33 0]
2021/02/07 04:21:15 [debug  ] gate Run data: [33 0]
2021/02/07 04:21:26 [debug  ] gate Run data: [33 0]
2021/02/07 04:21:33 [debug  ] Info, UpdateRank
2021/02/07 04:21:33 [debug  ] Info, sort guild ,GuildRankTime:%!(EXTRA int64=12941409360000, string= rank num:, int32=21)
2021/02/07 04:21:37 [debug  ] gate Run data: [33 0]
2021/02/07 04:21:48 [debug  ] gate Run data: [33 0]
2021/02/07 04:21:59 [debug  ] gate Run data: [33 0]
2021/02/07 04:22:10 [debug  ] gate Run data: [33 0]
2021/02/07 04:22:21 [debug  ] gate Run data: [33 0]
2021/02/07 04:22:32 [debug  ] gate Run data: [33 0]
2021/02/07 04:22:43 [debug  ] gate Run data: [33 0]
2021/02/07 04:22:54 [debug  ] gate Run data: [33 0]
2021/02/07 04:23:05 [debug  ] gate Run data: [33 0]
2021/02/07 04:23:16 [debug  ] gate Run data: [33 0]
2021/02/07 04:23:27 [debug  ] gate Run data: [33 0]
2021/02/07 04:23:38 [debug  ] gate Run data: [33 0]
2021/02/07 04:23:49 [debug  ] gate Run data: [33 0]
2021/02/07 04:24:00 [debug  ] gate Run data: [33 0]
2021/02/07 04:24:11 [debug  ] gate Run data: [33 0]
2021/02/07 04:24:22 [debug  ] gate Run data: [33 0]
2021/02/07 04:24:33 [debug  ] gate Run data: [33 0]
2021/02/07 04:24:44 [debug  ] gate Run data: [33 0]
2021/02/07 04:24:55 [debug  ] gate Run data: [33 0]
2021/02/07 04:25:06 [debug  ] gate Run data: [33 0]
2021/02/07 04:25:17 [debug  ] gate Run data: [33 0]
2021/02/07 04:25:28 [debug  ] gate Run data: [33 0]
2021/02/07 04:25:39 [debug  ] gate Run data: [33 0]
2021/02/07 04:25:50 [debug  ] gate Run data: [33 0]
2021/02/07 04:26:01 [debug  ] gate Run data: [33 0]
2021/02/07 04:26:12 [debug  ] gate Run data: [33 0]
2021/02/07 04:26:23 [debug  ] gate Run data: [33 0]
2021/02/07 04:26:33 [debug  ] Info, UpdateRank
2021/02/07 04:26:33 [debug  ] Info, sort guild ,GuildRankTime:%!(EXTRA int64=12941439360000, string= rank num:, int32=21)
2021/02/07 04:26:34 [debug  ] gate Run data: [33 0]
2021/02/07 04:26:45 [debug  ] gate Run data: [33 0]
2021/02/07 04:26:56 [debug  ] gate Run data: [33 0]
2021/02/07 04:27:07 [debug  ] gate Run data: [33 0]
2021/02/07 04:27:18 [debug  ] gate Run data: [33 0]
2021/02/07 04:27:29 [debug  ] gate Run data: [33 0]
2021/02/07 04:27:40 [debug  ] gate Run data: [33 0]
2021/02/07 04:27:51 [debug  ] gate Run data: [33 0]
2021/02/07 04:28:02 [debug  ] gate Run data: [33 0]
2021/02/07 04:28:13 [debug  ] gate Run data: [33 0]
2021/02/07 04:28:24 [debug  ] gate Run data: [33 0]
2021/02/07 04:28:35 [debug  ] gate Run data: [33 0]
2021/02/07 04:28:46 [debug  ] gate Run data: [33 0]
2021/02/07 04:28:57 [debug  ] gate Run data: [33 0]
2021/02/07 04:29:08 [debug  ] gate Run data: [33 0]
2021/02/07 04:29:19 [debug  ] gate Run data: [33 0]
2021/02/07 04:29:30 [debug  ] gate Run data: [33 0]
2021/02/07 04:29:41 [debug  ] gate Run data: [33 0]
2021/02/07 04:29:52 [debug  ] gate Run data: [33 0]
2021/02/07 04:30:03 [debug  ] gate Run data: [33 0]
2021/02/07 04:30:14 [debug  ] gate Run data: [33 0]
2021/02/07 04:30:25 [debug  ] gate Run data: [33 0]
2021/02/07 04:30:35 [debug  ] gate Run data: [33 0]
2021/02/07 04:30:46 [debug  ] gate Run data: [33 0]
2021/02/07 04:30:56 [debug  ] gate Run data: [33 0]
2021/02/07 04:31:07 [debug  ] gate Run data: [33 0]
2021/02/07 04:31:18 [debug  ] gate Run data: [33 0]
2021/02/07 04:31:29 [debug  ] gate Run data: [33 0]
2021/02/07 04:31:33 [debug  ] Info, sort guild ,GuildRankTime:%!(EXTRA int64=12941469360000, string= rank num:, int32=21)
2021/02/07 04:31:33 [debug  ] Info, UpdateRank
2021/02/07 04:31:40 [debug  ] gate Run data: [33 0]
2021/02/07 04:31:51 [debug  ] gate Run data: [33 0]
2021/02/07 04:32:02 [debug  ] gate Run data: [33 0]
2021/02/07 04:32:13 [debug  ] gate Run data: [33 0]
2021/02/07 04:32:24 [debug  ] gate Run data: [33 0]
2021/02/07 04:32:35 [debug  ] gate Run data: [33 0]
2021/02/07 04:32:46 [debug  ] gate Run data: [33 0]
2021/02/07 04:32:57 [debug  ] gate Run data: [33 0]
2021/02/07 04:33:08 [debug  ] gate Run data: [33 0]
2021/02/07 04:33:19 [debug  ] gate Run data: [33 0]
2021/02/07 04:33:30 [debug  ] gate Run data: [33 0]
2021/02/07 04:33:41 [debug  ] gate Run data: [33 0]
2021/02/07 04:33:52 [debug  ] gate Run data: [33 0]
2021/02/07 04:34:03 [debug  ] gate Run data: [33 0]
2021/02/07 04:34:14 [debug  ] gate Run data: [33 0]
2021/02/07 04:34:25 [debug  ] gate Run data: [33 0]
2021/02/07 04:34:36 [debug  ] gate Run data: [33 0]
2021/02/07 04:34:47 [debug  ] gate Run data: [33 0]
2021/02/07 04:34:58 [debug  ] gate Run data: [33 0]
2021/02/07 04:35:09 [debug  ] gate Run data: [33 0]
2021/02/07 04:35:20 [debug  ] gate Run data: [33 0]
2021/02/07 04:35:31 [debug  ] gate Run data: [33 0]
2021/02/07 04:35:42 [debug  ] gate Run data: [33 0]
2021/02/07 04:35:53 [debug  ] gate Run data: [33 0]
2021/02/07 04:36:04 [debug  ] gate Run data: [33 0]
2021/02/07 04:36:15 [debug  ] gate Run data: [33 0]
2021/02/07 04:36:26 [debug  ] gate Run data: [33 0]
2021/02/07 04:36:33 [debug  ] Info, UpdateRank
2021/02/07 04:36:33 [debug  ] Info, sort guild ,GuildRankTime:%!(EXTRA int64=12941499370000, string= rank num:, int32=21)
2021/02/07 04:36:37 [debug  ] gate Run data: [33 0]
2021/02/07 04:36:48 [debug  ] gate Run data: [33 0]
2021/02/07 04:36:59 [debug  ] gate Run data: [33 0]
2021/02/07 04:37:10 [debug  ] gate Run data: [33 0]
2021/02/07 04:37:21 [debug  ] gate Run data: [33 0]
2021/02/07 04:37:32 [debug  ] gate Run data: [33 0]
2021/02/07 04:37:43 [debug  ] gate Run data: [33 0]
2021/02/07 04:37:54 [debug  ] gate Run data: [33 0]
2021/02/07 04:38:05 [debug  ] gate Run data: [33 0]
2021/02/07 04:38:16 [debug  ] gate Run data: [33 0]
2021/02/07 04:38:27 [debug  ] gate Run data: [33 0]
2021/02/07 04:38:38 [debug  ] gate Run data: [33 0]
2021/02/07 04:38:49 [debug  ] gate Run data: [33 0]
2021/02/07 04:39:00 [debug  ] gate Run data: [33 0]
2021/02/07 04:39:11 [debug  ] gate Run data: [33 0]
2021/02/07 04:39:22 [debug  ] gate Run data: [33 0]
2021/02/07 04:39:33 [debug  ] gate Run data: [33 0]
2021/02/07 04:39:44 [debug  ] gate Run data: [33 0]
2021/02/07 04:39:55 [debug  ] gate Run data: [33 0]
2021/02/07 04:40:06 [debug  ] gate Run data: [33 0]
2021/02/07 04:40:17 [debug  ] gate Run data: [33 0]
2021/02/07 04:40:28 [debug  ] gate Run data: [33 0]
2021/02/07 04:40:39 [debug  ] gate Run data: [33 0]
2021/02/07 04:40:50 [debug  ] gate Run data: [33 0]
2021/02/07 04:41:01 [debug  ] gate Run data: [33 0]
2021/02/07 04:41:12 [debug  ] gate Run data: [33 0]
2021/02/07 04:41:23 [debug  ] gate Run data: [33 0]
2021/02/07 04:41:33 [debug  ] Info, UpdateRank
2021/02/07 04:41:33 [debug  ] Info, sort guild ,GuildRankTime:%!(EXTRA int64=12941529370000, string= rank num:, int32=21)
2021/02/07 04:41:34 [debug  ] gate Run data: [33 0]
2021/02/07 04:41:45 [debug  ] gate Run data: [33 0]
2021/02/07 04:41:56 [debug  ] gate Run data: [33 0]
2021/02/07 04:42:07 [debug  ] gate Run data: [33 0]
2021/02/07 04:42:18 [debug  ] gate Run data: [33 0]
2021/02/07 04:42:29 [debug  ] gate Run data: [33 0]
2021/02/07 04:42:40 [debug  ] gate Run data: [33 0]
2021/02/07 04:42:51 [debug  ] gate Run data: [33 0]
2021/02/07 04:43:02 [debug  ] gate Run data: [33 0]
2021/02/07 04:43:13 [debug  ] gate Run data: [33 0]
2021/02/07 04:43:24 [debug  ] gate Run data: [33 0]
2021/02/07 04:43:35 [debug  ] gate Run data: [33 0]
2021/02/07 04:43:46 [debug  ] gate Run data: [33 0]
2021/02/07 04:43:57 [debug  ] gate Run data: [33 0]
2021/02/07 04:44:08 [debug  ] gate Run data: [33 0]
2021/02/07 04:44:16 [debug  ] rpcNewAgent
2021/02/07 04:44:19 [debug  ] gate Run data: [33 0]
2021/02/07 04:44:30 [debug  ] gate Run data: [33 0]
2021/02/07 04:44:41 [debug  ] gate Run data: [33 0]
2021/02/07 04:44:52 [debug  ] gate Run data: [33 0]
2021/02/07 04:45:03 [debug  ] gate Run data: [33 0]
2021/02/07 04:45:14 [debug  ] gate Run data: [33 0]
2021/02/07 04:45:25 [debug  ] gate Run data: [33 0]
2021/02/07 04:45:36 [debug  ] gate Run data: [33 0]
2021/02/07 04:45:47 [debug  ] gate Run data: [33 0]
2021/02/07 04:45:58 [debug  ] gate Run data: [33 0]
2021/02/07 04:46:09 [debug  ] gate Run data: [33 0]
2021/02/07 04:46:20 [debug  ] gate Run data: [33 0]
2021/02/07 04:46:31 [debug  ] gate Run data: [33 0]
2021/02/07 04:46:33 [debug  ] Info, sort guild ,GuildRankTime:%!(EXTRA int64=12941559370000, string= rank num:, int32=21)
2021/02/07 04:46:33 [debug  ] Info, UpdateRank
2021/02/07 04:46:42 [debug  ] gate Run data: [33 0]
2021/02/07 04:46:53 [debug  ] gate Run data: [33 0]
2021/02/07 04:47:04 [debug  ] gate Run data: [33 0]
2021/02/07 04:47:15 [debug  ] gate Run data: [33 0]
2021/02/07 04:47:18 [debug  ] Close agent cause heartbeat timeout
2021/02/07 04:47:18 [debug  ] gate read message: read tcp [::1]:17183->[::1]:63066: use of closed network connection
2021/02/07 04:47:18 [debug  ] rpcCloseAgent
2021/02/07 04:47:26 [debug  ] gate Run data: [33 0]
2021/02/07 04:47:37 [debug  ] gate Run data: [33 0]
2021/02/07 04:47:48 [debug  ] gate Run data: [33 0]
2021/02/07 04:47:59 [debug  ] gate Run data: [33 0]
2021/02/07 04:48:10 [debug  ] gate Run data: [33 0]
2021/02/07 04:48:21 [debug  ] gate Run data: [33 0]
2021/02/07 04:48:32 [debug  ] gate Run data: [33 0]
2021/02/07 04:48:43 [debug  ] gate Run data: [33 0]
2021/02/07 04:48:54 [debug  ] gate Run data: [33 0]
2021/02/07 04:49:05 [debug  ] gate Run data: [33 0]
2021/02/07 04:49:16 [debug  ] gate Run data: [33 0]
2021/02/07 04:49:27 [debug  ] gate Run data: [33 0]
2021/02/07 04:49:38 [debug  ] gate Run data: [33 0]
2021/02/07 04:49:49 [debug  ] gate Run data: [33 0]
2021/02/07 04:50:00 [debug  ] gate Run data: [33 0]
2021/02/07 04:50:11 [debug  ] gate Run data: [33 0]
2021/02/07 04:50:22 [debug  ] gate Run data: [33 0]
2021/02/07 04:50:33 [debug  ] gate Run data: [33 0]
2021/02/07 04:50:44 [debug  ] gate Run data: [33 0]
2021/02/07 04:50:55 [debug  ] gate Run data: [33 0]
2021/02/07 04:51:06 [debug  ] gate Run data: [33 0]
2021/02/07 04:51:16 [debug  ] gate Run data: [33 0]
2021/02/07 04:51:27 [debug  ] gate Run data: [33 0]
2021/02/07 04:51:33 [debug  ] Info, UpdateRank
2021/02/07 04:51:33 [debug  ] Info, sort guild ,GuildRankTime:%!(EXTRA int64=12941589370000, string= rank num:, int32=21)
2021/02/07 04:51:38 [debug  ] gate Run data: [33 0]
2021/02/07 04:51:49 [debug  ] gate Run data: [33 0]
2021/02/07 04:52:00 [debug  ] gate Run data: [33 0]
2021/02/07 04:52:11 [debug  ] gate Run data: [33 0]
2021/02/07 04:52:22 [debug  ] gate Run data: [33 0]
2021/02/07 04:52:33 [debug  ] gate Run data: [33 0]
2021/02/07 04:52:44 [debug  ] gate Run data: [33 0]
2021/02/07 04:52:55 [debug  ] gate Run data: [33 0]
2021/02/07 04:53:06 [debug  ] gate Run data: [33 0]
2021/02/07 04:53:17 [debug  ] gate Run data: [33 0]
2021/02/07 04:53:28 [debug  ] gate Run data: [33 0]
2021/02/07 04:53:39 [debug  ] gate Run data: [33 0]
2021/02/07 04:53:50 [debug  ] gate Run data: [33 0]
2021/02/07 04:54:01 [debug  ] gate Run data: [33 0]
2021/02/07 04:54:12 [debug  ] gate Run data: [33 0]
2021/02/07 04:54:23 [debug  ] gate Run data: [33 0]
2021/02/07 04:54:34 [debug  ] gate Run data: [33 0]
2021/02/07 04:54:44 [debug  ] gate Run data: [33 0]
2021/02/07 04:54:55 [debug  ] gate Run data: [33 0]
2021/02/07 04:55:06 [debug  ] gate Run data: [33 0]
2021/02/07 04:55:17 [debug  ] gate Run data: [33 0]
2021/02/07 04:55:28 [debug  ] gate Run data: [33 0]
2021/02/07 04:55:39 [debug  ] gate Run data: [33 0]
2021/02/07 04:55:50 [debug  ] gate Run data: [33 0]
2021/02/07 04:56:01 [debug  ] gate Run data: [33 0]
2021/02/07 04:56:12 [debug  ] gate Run data: [33 0]
2021/02/07 04:56:23 [debug  ] gate Run data: [33 0]
2021/02/07 04:56:33 [debug  ] Info, UpdateRank
2021/02/07 04:56:33 [debug  ] Info, sort guild ,GuildRankTime:%!(EXTRA int64=12941619370000, string= rank num:, int32=21)
2021/02/07 04:56:34 [debug  ] gate Run data: [33 0]
2021/02/07 04:56:45 [debug  ] gate Run data: [33 0]
2021/02/07 04:56:56 [debug  ] gate Run data: [33 0]
2021/02/07 04:57:07 [debug  ] gate Run data: [33 0]
2021/02/07 04:57:18 [debug  ] gate Run data: [33 0]
2021/02/07 04:57:29 [debug  ] gate Run data: [33 0]
2021/02/07 04:57:40 [debug  ] gate Run data: [33 0]
2021/02/07 04:57:51 [debug  ] gate Run data: [33 0]
2021/02/07 04:58:02 [debug  ] gate Run data: [33 0]
2021/02/07 04:58:13 [debug  ] gate Run data: [33 0]
2021/02/07 04:58:24 [debug  ] gate Run data: [33 0]
2021/02/07 04:58:35 [debug  ] gate Run data: [33 0]
2021/02/07 04:58:46 [debug  ] gate Run data: [33 0]
2021/02/07 04:58:57 [debug  ] gate Run data: [33 0]
2021/02/07 04:59:08 [debug  ] gate Run data: [33 0]
2021/02/07 04:59:19 [debug  ] gate Run data: [33 0]
2021/02/07 04:59:30 [debug  ] gate Run data: [33 0]
2021/02/07 04:59:41 [debug  ] gate Run data: [33 0]
2021/02/07 04:59:52 [debug  ] gate Run data: [33 0]
2021/02/07 05:00:03 [debug  ] gate Run data: [33 0]
2021/02/07 05:00:14 [debug  ] gate Run data: [33 0]
2021/02/07 05:00:25 [debug  ] gate Run data: [33 0]
2021/02/07 05:00:36 [debug  ] gate Run data: [33 0]
2021/02/07 05:00:47 [debug  ] gate Run data: [33 0]
2021/02/07 05:00:58 [debug  ] gate Run data: [33 0]
2021/02/07 05:01:09 [debug  ] gate Run data: [33 0]
2021/02/07 05:01:19 [debug  ] gate Run data: [33 0]
2021/02/07 05:01:30 [debug  ] gate Run data: [33 0]
2021/02/07 05:01:33 [debug  ] Info, sort guild ,GuildRankTime:%!(EXTRA int64=12941649370000, string= rank num:, int32=21)
2021/02/07 05:01:33 [debug  ] Info, UpdateRank
2021/02/07 05:01:41 [debug  ] gate Run data: [33 0]
2021/02/07 05:01:52 [debug  ] gate Run data: [33 0]
2021/02/07 05:02:03 [debug  ] gate Run data: [33 0]
2021/02/07 05:02:14 [debug  ] gate Run data: [33 0]
2021/02/07 05:02:25 [debug  ] gate Run data: [33 0]
2021/02/07 05:02:36 [debug  ] gate Run data: [33 0]
2021/02/07 05:02:47 [debug  ] gate Run data: [33 0]
2021/02/07 05:02:58 [debug  ] gate Run data: [33 0]
2021/02/07 05:03:09 [debug  ] gate Run data: [33 0]
2021/02/07 05:03:20 [debug  ] gate Run data: [33 0]
2021/02/07 05:03:31 [debug  ] gate Run data: [33 0]
2021/02/07 05:03:42 [debug  ] gate Run data: [33 0]
2021/02/07 05:03:53 [debug  ] gate Run data: [33 0]
2021/02/07 05:04:04 [debug  ] gate Run data: [33 0]
2021/02/07 05:04:15 [debug  ] gate Run data: [33 0]
2021/02/07 05:04:26 [debug  ] gate Run data: [33 0]
2021/02/07 05:04:37 [debug  ] gate Run data: [33 0]
2021/02/07 05:04:48 [debug  ] gate Run data: [33 0]
2021/02/07 05:04:59 [debug  ] gate Run data: [33 0]
2021/02/07 05:05:10 [debug  ] gate Run data: [33 0]
2021/02/07 05:05:21 [debug  ] gate Run data: [33 0]
2021/02/07 05:05:32 [debug  ] gate Run data: [33 0]
2021/02/07 05:05:43 [debug  ] gate Run data: [33 0]
2021/02/07 05:05:54 [debug  ] gate Run data: [33 0]
2021/02/07 05:06:05 [debug  ] gate Run data: [33 0]
2021/02/07 05:06:16 [debug  ] gate Run data: [33 0]
2021/02/07 05:06:27 [debug  ] gate Run data: [33 0]
2021/02/07 05:06:33 [debug  ] Info, sort guild ,GuildRankTime:%!(EXTRA int64=12941679370000, string= rank num:, int32=21)
2021/02/07 05:06:33 [debug  ] Info, UpdateRank
2021/02/07 05:06:38 [debug  ] gate Run data: [33 0]
2021/02/07 05:06:49 [debug  ] gate Run data: [33 0]
2021/02/07 05:07:00 [debug  ] gate Run data: [33 0]
2021/02/07 05:07:11 [debug  ] gate Run data: [33 0]
2021/02/07 05:07:21 [debug  ] gate Run data: [33 0]
2021/02/07 05:07:32 [debug  ] gate Run data: [33 0]
2021/02/07 05:07:43 [debug  ] gate Run data: [33 0]
2021/02/07 05:07:54 [debug  ] gate Run data: [33 0]
2021/02/07 05:08:05 [debug  ] gate Run data: [33 0]
2021/02/07 05:08:16 [debug  ] gate Run data: [33 0]
2021/02/07 05:08:27 [debug  ] gate Run data: [33 0]
2021/02/07 05:08:38 [debug  ] gate Run data: [33 0]
2021/02/07 05:08:49 [debug  ] gate Run data: [33 0]
2021/02/07 05:09:00 [debug  ] gate Run data: [33 0]
2021/02/07 05:09:11 [debug  ] gate Run data: [33 0]
2021/02/07 05:09:22 [debug  ] gate Run data: [33 0]
2021/02/07 05:09:33 [debug  ] gate Run data: [33 0]
2021/02/07 05:09:44 [debug  ] gate Run data: [33 0]
2021/02/07 05:09:55 [debug  ] gate Run data: [33 0]
2021/02/07 05:10:06 [debug  ] gate Run data: [33 0]
2021/02/07 05:10:17 [debug  ] gate Run data: [33 0]
2021/02/07 05:10:28 [debug  ] gate Run data: [33 0]
2021/02/07 05:10:39 [debug  ] gate Run data: [33 0]
2021/02/07 05:10:50 [debug  ] gate Run data: [33 0]
2021/02/07 05:11:01 [debug  ] gate Run data: [33 0]
2021/02/07 05:11:12 [debug  ] gate Run data: [33 0]
2021/02/07 05:11:23 [debug  ] gate Run data: [33 0]
2021/02/07 05:11:33 [debug  ] Info, UpdateRank
2021/02/07 05:11:33 [debug  ] Info, sort guild ,GuildRankTime:%!(EXTRA int64=12941709370000, string= rank num:, int32=21)
2021/02/07 05:11:34 [debug  ] gate Run data: [33 0]
2021/02/07 05:11:45 [debug  ] gate Run data: [33 0]
2021/02/07 05:11:56 [debug  ] gate Run data: [33 0]
2021/02/07 05:12:07 [debug  ] gate Run data: [33 0]
2021/02/07 05:12:18 [debug  ] gate Run data: [33 0]
2021/02/07 05:12:28 [debug  ] gate Run data: [33 0]
2021/02/07 05:12:39 [debug  ] gate Run data: [33 0]
2021/02/07 05:12:50 [debug  ] gate Run data: [33 0]
2021/02/07 05:13:01 [debug  ] gate Run data: [33 0]
2021/02/07 05:13:12 [debug  ] gate Run data: [33 0]
2021/02/07 05:13:23 [debug  ] gate Run data: [33 0]
2021/02/07 05:13:34 [debug  ] gate Run data: [33 0]
2021/02/07 05:13:45 [debug  ] gate Run data: [33 0]
2021/02/07 05:13:56 [debug  ] gate Run data: [33 0]
2021/02/07 05:14:07 [debug  ] gate Run data: [33 0]
2021/02/07 05:14:17 [debug  ] gate Run data: [33 0]
2021/02/07 05:14:28 [debug  ] gate Run data: [33 0]
2021/02/07 05:14:38 [debug  ] gate Run data: [33 0]
2021/02/07 05:14:49 [debug  ] gate Run data: [33 0]
2021/02/07 05:15:00 [debug  ] gate Run data: [33 0]
2021/02/07 05:15:11 [debug  ] gate Run data: [33 0]
2021/02/07 05:15:22 [debug  ] gate Run data: [33 0]
2021/02/07 05:15:33 [debug  ] gate Run data: [33 0]
2021/02/07 05:15:44 [debug  ] gate Run data: [33 0]
2021/02/07 05:15:55 [debug  ] gate Run data: [33 0]
2021/02/07 05:16:06 [debug  ] gate Run data: [33 0]
2021/02/07 05:16:17 [debug  ] gate Run data: [33 0]
2021/02/07 05:16:28 [debug  ] gate Run data: [33 0]
2021/02/07 05:16:33 [debug  ] Info, sort guild ,GuildRankTime:%!(EXTRA int64=12941739370000, string= rank num:, int32=21)
2021/02/07 05:16:33 [debug  ] Info, UpdateRank
2021/02/07 05:16:39 [debug  ] gate Run data: [33 0]
2021/02/07 05:16:50 [debug  ] gate Run data: [33 0]
2021/02/07 05:17:01 [debug  ] gate Run data: [33 0]
2021/02/07 05:17:12 [debug  ] gate Run data: [33 0]
2021/02/07 05:17:23 [debug  ] gate Run data: [33 0]
2021/02/07 05:17:34 [debug  ] gate Run data: [33 0]
2021/02/07 05:17:45 [debug  ] gate Run data: [33 0]
2021/02/07 05:17:56 [debug  ] gate Run data: [33 0]
2021/02/07 05:18:06 [debug  ] gate Run data: [33 0]
2021/02/07 05:18:17 [debug  ] gate Run data: [33 0]
2021/02/07 05:18:28 [debug  ] gate Run data: [33 0]
2021/02/07 05:18:39 [debug  ] gate Run data: [33 0]
2021/02/07 05:18:50 [debug  ] gate Run data: [33 0]
2021/02/07 05:19:01 [debug  ] gate Run data: [33 0]
2021/02/07 05:19:12 [debug  ] gate Run data: [33 0]
2021/02/07 05:19:23 [debug  ] gate Run data: [33 0]
2021/02/07 05:19:34 [debug  ] gate Run data: [33 0]
2021/02/07 05:19:45 [debug  ] gate Run data: [33 0]
2021/02/07 05:19:56 [debug  ] gate Run data: [33 0]
2021/02/07 05:20:07 [debug  ] gate Run data: [33 0]
2021/02/07 05:20:18 [debug  ] gate Run data: [33 0]
2021/02/07 05:20:29 [debug  ] gate Run data: [33 0]
2021/02/07 05:20:40 [debug  ] gate Run data: [33 0]
2021/02/07 05:20:51 [debug  ] gate Run data: [33 0]
2021/02/07 05:21:02 [debug  ] gate Run data: [33 0]
2021/02/07 05:21:13 [debug  ] gate Run data: [33 0]
2021/02/07 05:21:24 [debug  ] gate Run data: [33 0]
2021/02/07 05:21:33 [debug  ] Info, UpdateRank
2021/02/07 05:21:33 [debug  ] Info, sort guild ,GuildRankTime:%!(EXTRA int64=12941769370000, string= rank num:, int32=21)
2021/02/07 05:21:34 [debug  ] gate Run data: [33 0]
2021/02/07 05:21:45 [debug  ] gate Run data: [33 0]
2021/02/07 05:21:56 [debug  ] gate Run data: [33 0]
2021/02/07 05:22:07 [debug  ] gate Run data: [33 0]
2021/02/07 05:22:18 [debug  ] gate Run data: [33 0]
2021/02/07 05:22:29 [debug  ] gate Run data: [33 0]
2021/02/07 05:22:40 [debug  ] gate Run data: [33 0]
2021/02/07 05:22:51 [debug  ] gate Run data: [33 0]
2021/02/07 05:23:02 [debug  ] gate Run data: [33 0]
2021/02/07 05:23:13 [debug  ] gate Run data: [33 0]
2021/02/07 05:23:24 [debug  ] gate Run data: [33 0]
2021/02/07 05:23:35 [debug  ] gate Run data: [33 0]
2021/02/07 05:23:46 [debug  ] gate Run data: [33 0]
2021/02/07 05:23:57 [debug  ] gate Run data: [33 0]
2021/02/07 05:24:08 [debug  ] gate Run data: [33 0]
2021/02/07 05:24:19 [debug  ] gate Run data: [33 0]
2021/02/07 05:24:30 [debug  ] gate Run data: [33 0]
2021/02/07 05:24:41 [debug  ] gate Run data: [33 0]
2021/02/07 05:24:52 [debug  ] gate Run data: [33 0]
2021/02/07 05:25:03 [debug  ] gate Run data: [33 0]
2021/02/07 05:25:14 [debug  ] gate Run data: [33 0]
2021/02/07 05:25:25 [debug  ] gate Run data: [33 0]
2021/02/07 05:25:36 [debug  ] gate Run data: [33 0]
2021/02/07 05:25:47 [debug  ] gate Run data: [33 0]
2021/02/07 05:25:58 [debug  ] gate Run data: [33 0]
2021/02/07 05:26:09 [debug  ] gate Run data: [33 0]
2021/02/07 05:26:20 [debug  ] gate Run data: [33 0]
2021/02/07 05:26:31 [debug  ] gate Run data: [33 0]
2021/02/07 05:26:33 [debug  ] Info, sort guild ,GuildRankTime:%!(EXTRA int64=12941799370000, string= rank num:, int32=21)
2021/02/07 05:26:33 [debug  ] Info, UpdateRank
2021/02/07 05:26:42 [debug  ] gate Run data: [33 0]
2021/02/07 05:26:53 [debug  ] gate Run data: [33 0]
2021/02/07 05:27:04 [debug  ] gate Run data: [33 0]
2021/02/07 05:27:15 [debug  ] gate Run data: [33 0]
2021/02/07 05:27:26 [debug  ] gate Run data: [33 0]
2021/02/07 05:27:37 [debug  ] gate Run data: [33 0]
2021/02/07 05:27:48 [debug  ] gate Run data: [33 0]
2021/02/07 05:27:59 [debug  ] gate Run data: [33 0]
2021/02/07 05:28:10 [debug  ] gate Run data: [33 0]
2021/02/07 05:28:21 [debug  ] gate Run data: [33 0]
2021/02/07 05:28:32 [debug  ] gate Run data: [33 0]
2021/02/07 05:28:43 [debug  ] gate Run data: [33 0]
2021/02/07 05:28:54 [debug  ] gate Run data: [33 0]
2021/02/07 05:29:05 [debug  ] gate Run data: [33 0]
2021/02/07 05:29:16 [debug  ] gate Run data: [33 0]
2021/02/07 05:29:27 [debug  ] gate Run data: [33 0]
2021/02/07 05:29:38 [debug  ] gate Run data: [33 0]
2021/02/07 05:29:49 [debug  ] gate Run data: [33 0]
2021/02/07 05:30:00 [debug  ] gate Run data: [33 0]
2021/02/07 05:30:11 [debug  ] gate Run data: [33 0]
2021/02/07 05:30:22 [debug  ] gate Run data: [33 0]
2021/02/07 05:30:33 [debug  ] gate Run data: [33 0]
2021/02/07 05:30:44 [debug  ] gate Run data: [33 0]
2021/02/07 05:30:55 [debug  ] gate Run data: [33 0]
2021/02/07 05:31:06 [debug  ] gate Run data: [33 0]
2021/02/07 05:31:17 [debug  ] gate Run data: [33 0]
2021/02/07 05:31:28 [debug  ] gate Run data: [33 0]
2021/02/07 05:31:33 [debug  ] Info, UpdateRank
2021/02/07 05:31:33 [debug  ] Info, sort guild ,GuildRankTime:%!(EXTRA int64=12941829370000, string= rank num:, int32=21)
2021/02/07 05:31:39 [debug  ] gate Run data: [33 0]
2021/02/07 05:31:50 [debug  ] gate Run data: [33 0]
2021/02/07 05:32:01 [debug  ] gate Run data: [33 0]
2021/02/07 05:32:12 [debug  ] gate Run data: [33 0]
2021/02/07 05:32:23 [debug  ] gate Run data: [33 0]
2021/02/07 05:32:34 [debug  ] gate Run data: [33 0]
2021/02/07 05:32:45 [debug  ] gate Run data: [33 0]
2021/02/07 05:32:56 [debug  ] gate Run data: [33 0]
2021/02/07 05:33:07 [debug  ] gate Run data: [33 0]
2021/02/07 05:33:18 [debug  ] gate Run data: [33 0]
2021/02/07 05:33:29 [debug  ] gate Run data: [33 0]
2021/02/07 05:33:40 [debug  ] gate Run data: [33 0]
2021/02/07 05:33:51 [debug  ] gate Run data: [33 0]
2021/02/07 05:34:02 [debug  ] gate Run data: [33 0]
2021/02/07 05:34:13 [debug  ] gate Run data: [33 0]
2021/02/07 05:34:24 [debug  ] gate Run data: [33 0]
2021/02/07 05:34:34 [debug  ] gate Run data: [33 0]
2021/02/07 05:34:45 [debug  ] gate Run data: [33 0]
2021/02/07 05:34:56 [debug  ] gate Run data: [33 0]
2021/02/07 05:35:07 [debug  ] gate Run data: [33 0]
2021/02/07 05:35:18 [debug  ] gate Run data: [33 0]
2021/02/07 05:35:29 [debug  ] gate Run data: [33 0]
2021/02/07 05:35:40 [debug  ] gate Run data: [33 0]
2021/02/07 05:35:51 [debug  ] gate Run data: [33 0]
2021/02/07 05:36:02 [debug  ] gate Run data: [33 0]
2021/02/07 05:36:13 [debug  ] gate Run data: [33 0]
2021/02/07 05:36:23 [debug  ] gate Run data: [33 0]
2021/02/07 05:36:33 [debug  ] Info, UpdateRank
2021/02/07 05:36:33 [debug  ] Info, sort guild ,GuildRankTime:%!(EXTRA int64=12941859370000, string= rank num:, int32=21)
2021/02/07 05:36:34 [debug  ] gate Run data: [33 0]
2021/02/07 05:36:44 [debug  ] gate Run data: [33 0]
2021/02/07 05:36:55 [debug  ] gate Run data: [33 0]
2021/02/07 05:37:06 [debug  ] gate Run data: [33 0]
2021/02/07 05:37:17 [debug  ] gate Run data: [33 0]
2021/02/07 05:37:28 [debug  ] gate Run data: [33 0]
2021/02/07 05:37:39 [debug  ] gate Run data: [33 0]
2021/02/07 05:37:50 [debug  ] gate Run data: [33 0]
2021/02/07 05:38:01 [debug  ] gate Run data: [33 0]
2021/02/07 05:38:12 [debug  ] gate Run data: [33 0]
2021/02/07 05:38:23 [debug  ] gate Run data: [33 0]
2021/02/07 05:38:34 [debug  ] gate Run data: [33 0]
2021/02/07 05:38:45 [debug  ] gate Run data: [33 0]
2021/02/07 05:38:56 [debug  ] gate Run data: [33 0]
2021/02/07 05:39:07 [debug  ] gate Run data: [33 0]
2021/02/07 05:39:18 [debug  ] gate Run data: [33 0]
2021/02/07 05:39:29 [debug  ] gate Run data: [33 0]
2021/02/07 05:39:40 [debug  ] gate Run data: [33 0]
2021/02/07 05:39:51 [debug  ] gate Run data: [33 0]
2021/02/07 05:40:02 [debug  ] gate Run data: [33 0]
2021/02/07 05:40:13 [debug  ] gate Run data: [33 0]
2021/02/07 05:40:24 [debug  ] gate Run data: [33 0]
2021/02/07 05:40:35 [debug  ] gate Run data: [33 0]
2021/02/07 05:40:46 [debug  ] gate Run data: [33 0]
2021/02/07 05:40:57 [debug  ] gate Run data: [33 0]
2021/02/07 05:41:08 [debug  ] gate Run data: [33 0]
2021/02/07 05:41:19 [debug  ] gate Run data: [33 0]
2021/02/07 05:41:30 [debug  ] gate Run data: [33 0]
2021/02/07 05:41:33 [debug  ] Info, UpdateRank
2021/02/07 05:41:33 [debug  ] Info, sort guild ,GuildRankTime:%!(EXTRA int64=12941889370000, string= rank num:, int32=21)
2021/02/07 05:41:41 [debug  ] gate Run data: [33 0]
2021/02/07 05:41:52 [debug  ] gate Run data: [33 0]
2021/02/07 05:42:03 [debug  ] gate Run data: [33 0]
2021/02/07 05:42:14 [debug  ] gate Run data: [33 0]
2021/02/07 05:42:25 [debug  ] gate Run data: [33 0]
2021/02/07 05:42:36 [debug  ] gate Run data: [33 0]
2021/02/07 05:42:46 [debug  ] gate Run data: [33 0]
2021/02/07 05:42:57 [debug  ] gate Run data: [33 0]
2021/02/07 05:43:08 [debug  ] gate Run data: [33 0]
2021/02/07 05:43:19 [debug  ] gate Run data: [33 0]
2021/02/07 05:43:30 [debug  ] gate Run data: [33 0]
2021/02/07 05:43:41 [debug  ] gate Run data: [33 0]
2021/02/07 05:43:52 [debug  ] gate Run data: [33 0]
2021/02/07 05:44:03 [debug  ] gate Run data: [33 0]
2021/02/07 05:44:14 [debug  ] gate Run data: [33 0]
2021/02/07 05:44:25 [debug  ] gate Run data: [33 0]
2021/02/07 05:44:36 [debug  ] gate Run data: [33 0]
2021/02/07 05:44:47 [debug  ] gate Run data: [33 0]
2021/02/07 05:44:58 [debug  ] gate Run data: [33 0]
2021/02/07 05:45:09 [debug  ] gate Run data: [33 0]
2021/02/07 05:45:20 [debug  ] gate Run data: [33 0]
2021/02/07 05:45:31 [debug  ] gate Run data: [33 0]
2021/02/07 05:45:42 [debug  ] gate Run data: [33 0]
2021/02/07 05:45:53 [debug  ] gate Run data: [33 0]
2021/02/07 05:46:04 [debug  ] gate Run data: [33 0]
2021/02/07 05:46:14 [debug  ] gate Run data: [33 0]
2021/02/07 05:46:25 [debug  ] gate Run data: [33 0]
2021/02/07 05:46:33 [debug  ] Info, UpdateRank
2021/02/07 05:46:33 [debug  ] Info, sort guild ,GuildRankTime:%!(EXTRA int64=12941919370000, string= rank num:, int32=21)
2021/02/07 05:46:36 [debug  ] gate Run data: [33 0]
2021/02/07 05:46:47 [debug  ] gate Run data: [33 0]
2021/02/07 05:46:58 [debug  ] gate Run data: [33 0]
2021/02/07 05:47:09 [debug  ] gate Run data: [33 0]
2021/02/07 05:47:20 [debug  ] gate Run data: [33 0]
2021/02/07 05:47:31 [debug  ] gate Run data: [33 0]
2021/02/07 05:47:42 [debug  ] gate Run data: [33 0]
2021/02/07 05:47:53 [debug  ] gate Run data: [33 0]
2021/02/07 05:48:04 [debug  ] gate Run data: [33 0]
2021/02/07 05:48:15 [debug  ] gate Run data: [33 0]
2021/02/07 05:48:26 [debug  ] gate Run data: [33 0]
2021/02/07 05:48:37 [debug  ] gate Run data: [33 0]
2021/02/07 05:48:48 [debug  ] gate Run data: [33 0]
2021/02/07 05:48:59 [debug  ] gate Run data: [33 0]
2021/02/07 05:49:10 [debug  ] gate Run data: [33 0]
2021/02/07 05:49:21 [debug  ] gate Run data: [33 0]
2021/02/07 05:49:32 [debug  ] gate Run data: [33 0]
2021/02/07 05:49:42 [debug  ] gate Run data: [33 0]
2021/02/07 05:49:53 [debug  ] gate Run data: [33 0]
2021/02/07 05:50:04 [debug  ] gate Run data: [33 0]
2021/02/07 05:50:15 [debug  ] gate Run data: [33 0]
2021/02/07 05:50:26 [debug  ] gate Run data: [33 0]
2021/02/07 05:50:37 [debug  ] gate Run data: [33 0]
2021/02/07 05:50:48 [debug  ] gate Run data: [33 0]
2021/02/07 05:50:59 [debug  ] gate Run data: [33 0]
2021/02/07 05:51:10 [debug  ] gate Run data: [33 0]
2021/02/07 05:51:21 [debug  ] gate Run data: [33 0]
2021/02/07 05:51:32 [debug  ] gate Run data: [33 0]
2021/02/07 05:51:33 [debug  ] Info, UpdateRank
2021/02/07 05:51:33 [debug  ] Info, sort guild ,GuildRankTime:%!(EXTRA int64=12941949370000, string= rank num:, int32=21)
2021/02/07 05:51:43 [debug  ] gate Run data: [33 0]
2021/02/07 05:51:54 [debug  ] gate Run data: [33 0]
2021/02/07 05:52:05 [debug  ] gate Run data: [33 0]
2021/02/07 05:52:16 [debug  ] gate Run data: [33 0]
2021/02/07 05:52:27 [debug  ] gate Run data: [33 0]
2021/02/07 05:52:38 [debug  ] gate Run data: [33 0]
2021/02/07 05:52:49 [debug  ] gate Run data: [33 0]
2021/02/07 05:53:00 [debug  ] gate Run data: [33 0]
2021/02/07 05:53:10 [debug  ] gate Run data: [33 0]
2021/02/07 05:53:21 [debug  ] gate Run data: [33 0]
2021/02/07 05:53:32 [debug  ] gate Run data: [33 0]
2021/02/07 05:53:43 [debug  ] gate Run data: [33 0]
2021/02/07 05:53:54 [debug  ] gate Run data: [33 0]
2021/02/07 05:54:05 [debug  ] gate Run data: [33 0]
2021/02/07 05:54:16 [debug  ] gate Run data: [33 0]
2021/02/07 05:54:27 [debug  ] gate Run data: [33 0]
2021/02/07 05:54:38 [debug  ] gate Run data: [33 0]
2021/02/07 05:54:49 [debug  ] gate Run data: [33 0]
2021/02/07 05:55:00 [debug  ] gate Run data: [33 0]
2021/02/07 05:55:11 [debug  ] gate Run data: [33 0]
2021/02/07 05:55:22 [debug  ] gate Run data: [33 0]
2021/02/07 05:55:33 [debug  ] gate Run data: [33 0]
2021/02/07 05:55:44 [debug  ] gate Run data: [33 0]
2021/02/07 05:55:55 [debug  ] gate Run data: [33 0]
2021/02/07 05:56:06 [debug  ] gate Run data: [33 0]
2021/02/07 05:56:17 [debug  ] gate Run data: [33 0]
2021/02/07 05:56:28 [debug  ] gate Run data: [33 0]
2021/02/07 05:56:33 [debug  ] Info, UpdateRank
2021/02/07 05:56:33 [debug  ] Info, sort guild ,GuildRankTime:%!(EXTRA int64=12941979370000, string= rank num:, int32=21)
2021/02/07 05:56:39 [debug  ] gate Run data: [33 0]
2021/02/07 05:56:50 [debug  ] gate Run data: [33 0]
2021/02/07 05:57:01 [debug  ] gate Run data: [33 0]
2021/02/07 05:57:12 [debug  ] gate Run data: [33 0]
2021/02/07 05:57:23 [debug  ] gate Run data: [33 0]
2021/02/07 05:57:34 [debug  ] gate Run data: [33 0]
2021/02/07 05:57:45 [debug  ] gate Run data: [33 0]
2021/02/07 05:57:56 [debug  ] gate Run data: [33 0]
2021/02/07 05:58:07 [debug  ] gate Run data: [33 0]
2021/02/07 05:58:18 [debug  ] gate Run data: [33 0]
2021/02/07 05:58:29 [debug  ] gate Run data: [33 0]
2021/02/07 05:58:40 [debug  ] gate Run data: [33 0]
2021/02/07 05:58:51 [debug  ] gate Run data: [33 0]
2021/02/07 05:59:02 [debug  ] gate Run data: [33 0]
2021/02/07 05:59:13 [debug  ] gate Run data: [33 0]
2021/02/07 05:59:24 [debug  ] gate Run data: [33 0]
2021/02/07 05:59:35 [debug  ] gate Run data: [33 0]
2021/02/07 05:59:46 [debug  ] gate Run data: [33 0]
2021/02/07 05:59:57 [debug  ] gate Run data: [33 0]
2021/02/07 06:00:08 [debug  ] gate Run data: [33 0]
2021/02/07 06:00:19 [debug  ] gate Run data: [33 0]
2021/02/07 06:00:30 [debug  ] gate Run data: [33 0]
2021/02/07 06:00:41 [debug  ] gate Run data: [33 0]
2021/02/07 06:00:43 [debug  ] rpcNewAgent
2021/02/07 06:00:52 [debug  ] gate Run data: [33 0]
2021/02/07 06:01:03 [debug  ] gate Run data: [33 0]
2021/02/07 06:01:14 [debug  ] gate Run data: [33 0]
2021/02/07 06:01:25 [debug  ] gate Run data: [33 0]
2021/02/07 06:01:33 [debug  ] Info, UpdateRank
2021/02/07 06:01:33 [debug  ] Info, sort guild ,GuildRankTime:%!(EXTRA int64=12942009370000, string= rank num:, int32=21)
2021/02/07 06:01:36 [debug  ] gate Run data: [33 0]
2021/02/07 06:01:47 [debug  ] gate Run data: [33 0]
2021/02/07 06:01:58 [debug  ] gate Run data: [33 0]
2021/02/07 06:02:09 [debug  ] gate Run data: [33 0]
2021/02/07 06:02:20 [debug  ] gate Run data: [33 0]
2021/02/07 06:02:31 [debug  ] gate Run data: [33 0]
2021/02/07 06:02:42 [debug  ] gate Run data: [33 0]
2021/02/07 06:02:53 [debug  ] gate Run data: [33 0]
2021/02/07 06:03:04 [debug  ] gate Run data: [33 0]
2021/02/07 06:03:15 [debug  ] gate Run data: [33 0]
2021/02/07 06:03:26 [debug  ] gate Run data: [33 0]
2021/02/07 06:03:37 [debug  ] gate Run data: [33 0]
2021/02/07 06:03:45 [debug  ] Close agent cause heartbeat timeout
2021/02/07 06:03:45 [debug  ] gate read message: read tcp [::1]:17183->[::1]:51228: use of closed network connection
2021/02/07 06:03:45 [debug  ] rpcCloseAgent
2021/02/07 06:03:48 [debug  ] gate Run data: [33 0]
2021/02/07 06:03:59 [debug  ] gate Run data: [33 0]
2021/02/07 06:04:10 [debug  ] gate Run data: [33 0]
2021/02/07 06:04:21 [debug  ] gate Run data: [33 0]
2021/02/07 06:04:32 [debug  ] gate Run data: [33 0]
2021/02/07 06:04:40 [debug  ] rpcNewAgent
2021/02/07 06:04:43 [debug  ] gate Run data: [33 0]
2021/02/07 06:04:54 [debug  ] gate Run data: [33 0]
2021/02/07 06:05:05 [debug  ] gate Run data: [33 0]
2021/02/07 06:05:16 [debug  ] gate Run data: [33 0]
2021/02/07 06:05:27 [debug  ] gate Run data: [33 0]
2021/02/07 06:05:38 [debug  ] gate Run data: [33 0]
2021/02/07 06:05:49 [debug  ] gate Run data: [33 0]
2021/02/07 06:06:00 [debug  ] gate Run data: [33 0]
2021/02/07 06:06:11 [debug  ] gate Run data: [33 0]
2021/02/07 06:06:22 [debug  ] gate Run data: [33 0]
2021/02/07 06:06:33 [debug  ] Info, sort guild ,GuildRankTime:%!(EXTRA int64=12942039370000, string= rank num:, int32=21)
2021/02/07 06:06:33 [debug  ] Info, UpdateRank
2021/02/07 06:06:33 [debug  ] gate Run data: [33 0]
2021/02/07 06:06:44 [debug  ] gate Run data: [33 0]
2021/02/07 06:06:55 [debug  ] gate Run data: [33 0]
2021/02/07 06:07:06 [debug  ] gate Run data: [33 0]
2021/02/07 06:07:17 [debug  ] gate Run data: [33 0]
2021/02/07 06:07:28 [debug  ] gate Run data: [33 0]
2021/02/07 06:07:39 [debug  ] gate Run data: [33 0]
2021/02/07 06:07:42 [debug  ] Close agent cause heartbeat timeout
2021/02/07 06:07:42 [debug  ] gate read message: read tcp [::1]:17183->[::1]:51454: use of closed network connection
2021/02/07 06:07:42 [debug  ] rpcCloseAgent
2021/02/07 06:07:50 [debug  ] gate Run data: [33 0]
2021/02/07 06:08:01 [debug  ] gate Run data: [33 0]
2021/02/07 06:08:12 [debug  ] gate Run data: [33 0]
2021/02/07 06:08:23 [debug  ] gate Run data: [33 0]
2021/02/07 06:08:34 [debug  ] gate Run data: [33 0]
2021/02/07 06:08:45 [debug  ] gate Run data: [33 0]
2021/02/07 06:08:56 [debug  ] gate Run data: [33 0]
2021/02/07 06:09:07 [debug  ] gate Run data: [33 0]
2021/02/07 06:09:18 [debug  ] gate Run data: [33 0]
2021/02/07 06:09:29 [debug  ] gate Run data: [33 0]
2021/02/07 06:09:40 [debug  ] gate Run data: [33 0]
2021/02/07 06:09:51 [debug  ] gate Run data: [33 0]
2021/02/07 06:10:02 [debug  ] gate Run data: [33 0]
2021/02/07 06:10:13 [debug  ] gate Run data: [33 0]
2021/02/07 06:10:24 [debug  ] gate Run data: [33 0]
2021/02/07 06:10:35 [debug  ] gate Run data: [33 0]
2021/02/07 06:10:46 [debug  ] gate Run data: [33 0]
2021/02/07 06:10:56 [debug  ] gate Run data: [33 0]
2021/02/07 06:11:07 [debug  ] gate Run data: [33 0]
2021/02/07 06:11:18 [debug  ] gate Run data: [33 0]
2021/02/07 06:11:29 [debug  ] gate Run data: [33 0]
2021/02/07 06:11:33 [debug  ] Info, UpdateRank
2021/02/07 06:11:33 [debug  ] Info, sort guild ,GuildRankTime:%!(EXTRA int64=12942069370000, string= rank num:, int32=21)
2021/02/07 06:11:40 [debug  ] gate Run data: [33 0]
2021/02/07 06:11:51 [debug  ] gate Run data: [33 0]
2021/02/07 06:12:02 [debug  ] gate Run data: [33 0]
2021/02/07 06:12:13 [debug  ] gate Run data: [33 0]
2021/02/07 06:12:24 [debug  ] gate Run data: [33 0]
2021/02/07 06:12:35 [debug  ] gate Run data: [33 0]
2021/02/07 06:12:45 [debug  ] gate Run data: [33 0]
2021/02/07 06:12:56 [debug  ] gate Run data: [33 0]
2021/02/07 06:13:06 [debug  ] gate Run data: [33 0]
2021/02/07 06:13:17 [debug  ] gate Run data: [33 0]
2021/02/07 06:13:28 [debug  ] gate Run data: [33 0]
2021/02/07 06:13:39 [debug  ] gate Run data: [33 0]
2021/02/07 06:13:50 [debug  ] gate Run data: [33 0]
2021/02/07 06:14:01 [debug  ] gate Run data: [33 0]
2021/02/07 06:14:12 [debug  ] gate Run data: [33 0]
2021/02/07 06:14:23 [debug  ] gate Run data: [33 0]
2021/02/07 06:14:34 [debug  ] gate Run data: [33 0]
2021/02/07 06:14:45 [debug  ] gate Run data: [33 0]
2021/02/07 06:14:56 [debug  ] gate Run data: [33 0]
2021/02/07 06:15:07 [debug  ] gate Run data: [33 0]
2021/02/07 06:15:18 [debug  ] gate Run data: [33 0]
2021/02/07 06:15:29 [debug  ] gate Run data: [33 0]
2021/02/07 06:15:40 [debug  ] gate Run data: [33 0]
2021/02/07 06:15:51 [debug  ] gate Run data: [33 0]
2021/02/07 06:16:02 [debug  ] gate Run data: [33 0]
2021/02/07 06:16:13 [debug  ] gate Run data: [33 0]
2021/02/07 06:16:24 [debug  ] gate Run data: [33 0]
2021/02/07 06:16:33 [debug  ] Info, sort guild ,GuildRankTime:%!(EXTRA int64=12942099380000, string= rank num:, int32=21)
2021/02/07 06:16:33 [debug  ] Info, UpdateRank
2021/02/07 06:16:34 [debug  ] gate Run data: [33 0]
2021/02/07 06:16:45 [debug  ] gate Run data: [33 0]
2021/02/07 06:16:56 [debug  ] gate Run data: [33 0]
2021/02/07 06:17:07 [debug  ] gate Run data: [33 0]
2021/02/07 06:17:18 [debug  ] gate Run data: [33 0]
2021/02/07 06:17:29 [debug  ] gate Run data: [33 0]
2021/02/07 06:17:40 [debug  ] gate Run data: [33 0]
2021/02/07 06:17:51 [debug  ] gate Run data: [33 0]
2021/02/07 06:18:02 [debug  ] gate Run data: [33 0]
2021/02/07 06:18:13 [debug  ] gate Run data: [33 0]
2021/02/07 06:18:24 [debug  ] gate Run data: [33 0]
2021/02/07 06:18:35 [debug  ] gate Run data: [33 0]
2021/02/07 06:18:46 [debug  ] gate Run data: [33 0]
2021/02/07 06:18:57 [debug  ] gate Run data: [33 0]
2021/02/07 06:19:08 [debug  ] gate Run data: [33 0]
2021/02/07 06:19:19 [debug  ] gate Run data: [33 0]
2021/02/07 06:19:30 [debug  ] gate Run data: [33 0]
2021/02/07 06:19:41 [debug  ] gate Run data: [33 0]
2021/02/07 06:19:52 [debug  ] gate Run data: [33 0]
2021/02/07 06:20:03 [debug  ] gate Run data: [33 0]
2021/02/07 06:20:14 [debug  ] gate Run data: [33 0]
2021/02/07 06:20:25 [debug  ] gate Run data: [33 0]
2021/02/07 06:20:36 [debug  ] gate Run data: [33 0]
2021/02/07 06:20:47 [debug  ] gate Run data: [33 0]
2021/02/07 06:20:58 [debug  ] gate Run data: [33 0]
2021/02/07 06:21:09 [debug  ] gate Run data: [33 0]
2021/02/07 06:21:20 [debug  ] gate Run data: [33 0]
2021/02/07 06:21:31 [debug  ] gate Run data: [33 0]
2021/02/07 06:21:33 [debug  ] Info, UpdateRank
2021/02/07 06:21:33 [debug  ] Info, sort guild ,GuildRankTime:%!(EXTRA int64=12942129380000, string= rank num:, int32=21)
2021/02/07 06:21:42 [debug  ] gate Run data: [33 0]
2021/02/07 06:21:53 [debug  ] gate Run data: [33 0]
2021/02/07 06:22:04 [debug  ] gate Run data: [33 0]
2021/02/07 06:22:15 [debug  ] gate Run data: [33 0]
2021/02/07 06:22:26 [debug  ] gate Run data: [33 0]
2021/02/07 06:22:37 [debug  ] gate Run data: [33 0]
2021/02/07 06:22:48 [debug  ] gate Run data: [33 0]
2021/02/07 06:22:59 [debug  ] gate Run data: [33 0]
2021/02/07 06:23:09 [debug  ] gate Run data: [33 0]
2021/02/07 06:23:20 [debug  ] gate Run data: [33 0]
2021/02/07 06:23:31 [debug  ] gate Run data: [33 0]
2021/02/07 06:23:42 [debug  ] gate Run data: [33 0]
2021/02/07 06:23:53 [debug  ] gate Run data: [33 0]
2021/02/07 06:24:04 [debug  ] gate Run data: [33 0]
2021/02/07 06:24:15 [debug  ] gate Run data: [33 0]
2021/02/07 06:24:26 [debug  ] gate Run data: [33 0]
2021/02/07 06:24:37 [debug  ] gate Run data: [33 0]
2021/02/07 06:24:48 [debug  ] gate Run data: [33 0]
2021/02/07 06:24:59 [debug  ] gate Run data: [33 0]
2021/02/07 06:25:10 [debug  ] gate Run data: [33 0]
2021/02/07 06:25:21 [debug  ] gate Run data: [33 0]
2021/02/07 06:25:32 [debug  ] gate Run data: [33 0]
2021/02/07 06:25:43 [debug  ] gate Run data: [33 0]
2021/02/07 06:25:54 [debug  ] gate Run data: [33 0]
2021/02/07 06:26:05 [debug  ] gate Run data: [33 0]
2021/02/07 06:26:16 [debug  ] gate Run data: [33 0]
2021/02/07 06:26:27 [debug  ] gate Run data: [33 0]
2021/02/07 06:26:33 [debug  ] Info, UpdateRank
2021/02/07 06:26:33 [debug  ] Info, sort guild ,GuildRankTime:%!(EXTRA int64=12942159380000, string= rank num:, int32=21)
2021/02/07 06:26:38 [debug  ] gate Run data: [33 0]
2021/02/07 06:26:49 [debug  ] gate Run data: [33 0]
2021/02/07 06:27:00 [debug  ] gate Run data: [33 0]
2021/02/07 06:27:11 [debug  ] gate Run data: [33 0]
2021/02/07 06:27:22 [debug  ] gate Run data: [33 0]
2021/02/07 06:27:33 [debug  ] gate Run data: [33 0]
2021/02/07 06:27:44 [debug  ] gate Run data: [33 0]
2021/02/07 06:27:55 [debug  ] gate Run data: [33 0]
2021/02/07 06:28:06 [debug  ] gate Run data: [33 0]
2021/02/07 06:28:16 [debug  ] gate Run data: [33 0]
2021/02/07 06:28:27 [debug  ] gate Run data: [33 0]
2021/02/07 06:28:38 [debug  ] gate Run data: [33 0]
2021/02/07 06:28:49 [debug  ] gate Run data: [33 0]
2021/02/07 06:29:00 [debug  ] gate Run data: [33 0]
2021/02/07 06:29:11 [debug  ] gate Run data: [33 0]
2021/02/07 06:29:22 [debug  ] gate Run data: [33 0]
2021/02/07 06:29:33 [debug  ] gate Run data: [33 0]
2021/02/07 06:29:44 [debug  ] gate Run data: [33 0]
2021/02/07 06:29:55 [debug  ] gate Run data: [33 0]
2021/02/07 06:30:06 [debug  ] gate Run data: [33 0]
2021/02/07 06:30:17 [debug  ] gate Run data: [33 0]
2021/02/07 06:30:28 [debug  ] gate Run data: [33 0]
2021/02/07 06:30:39 [debug  ] gate Run data: [33 0]
2021/02/07 06:30:50 [debug  ] gate Run data: [33 0]
2021/02/07 06:31:01 [debug  ] gate Run data: [33 0]
2021/02/07 06:31:12 [debug  ] gate Run data: [33 0]
2021/02/07 06:31:23 [debug  ] gate Run data: [33 0]
2021/02/07 06:31:33 [debug  ] Info, sort guild ,GuildRankTime:%!(EXTRA int64=12942189380000, string= rank num:, int32=21)
2021/02/07 06:31:33 [debug  ] Info, UpdateRank
2021/02/07 06:31:34 [debug  ] gate Run data: [33 0]
2021/02/07 06:31:45 [debug  ] gate Run data: [33 0]
2021/02/07 06:31:56 [debug  ] gate Run data: [33 0]
2021/02/07 06:32:07 [debug  ] gate Run data: [33 0]
2021/02/07 06:32:18 [debug  ] gate Run data: [33 0]
2021/02/07 06:32:29 [debug  ] gate Run data: [33 0]
2021/02/07 06:32:40 [debug  ] gate Run data: [33 0]
2021/02/07 06:32:51 [debug  ] gate Run data: [33 0]
2021/02/07 06:33:02 [debug  ] gate Run data: [33 0]
2021/02/07 06:33:13 [debug  ] gate Run data: [33 0]
2021/02/07 06:33:24 [debug  ] gate Run data: [33 0]
2021/02/07 06:33:35 [debug  ] gate Run data: [33 0]
2021/02/07 06:33:46 [debug  ] gate Run data: [33 0]
2021/02/07 06:33:57 [debug  ] gate Run data: [33 0]
2021/02/07 06:34:08 [debug  ] gate Run data: [33 0]
2021/02/07 06:34:19 [debug  ] gate Run data: [33 0]
2021/02/07 06:34:30 [debug  ] gate Run data: [33 0]
2021/02/07 06:34:41 [debug  ] gate Run data: [33 0]
2021/02/07 06:34:52 [debug  ] gate Run data: [33 0]
2021/02/07 06:35:03 [debug  ] gate Run data: [33 0]
2021/02/07 06:35:14 [debug  ] gate Run data: [33 0]
2021/02/07 06:35:25 [debug  ] gate Run data: [33 0]
2021/02/07 06:35:36 [debug  ] gate Run data: [33 0]
2021/02/07 06:35:47 [debug  ] gate Run data: [33 0]
2021/02/07 06:35:58 [debug  ] gate Run data: [33 0]
2021/02/07 06:36:09 [debug  ] gate Run data: [33 0]
2021/02/07 06:36:20 [debug  ] gate Run data: [33 0]
2021/02/07 06:36:31 [debug  ] gate Run data: [33 0]
2021/02/07 06:36:33 [debug  ] Info, UpdateRank
2021/02/07 06:36:33 [debug  ] Info, sort guild ,GuildRankTime:%!(EXTRA int64=12942219380000, string= rank num:, int32=21)
2021/02/07 06:36:42 [debug  ] gate Run data: [33 0]
2021/02/07 06:36:53 [debug  ] gate Run data: [33 0]
2021/02/07 06:37:04 [debug  ] gate Run data: [33 0]
2021/02/07 06:37:15 [debug  ] gate Run data: [33 0]
2021/02/07 06:37:26 [debug  ] gate Run data: [33 0]
2021/02/07 06:37:37 [debug  ] gate Run data: [33 0]
2021/02/07 06:37:48 [debug  ] gate Run data: [33 0]
2021/02/07 06:37:59 [debug  ] gate Run data: [33 0]
2021/02/07 06:38:10 [debug  ] gate Run data: [33 0]
2021/02/07 06:38:21 [debug  ] gate Run data: [33 0]
2021/02/07 06:38:32 [debug  ] gate Run data: [33 0]
2021/02/07 06:38:43 [debug  ] gate Run data: [33 0]
2021/02/07 06:38:54 [debug  ] gate Run data: [33 0]
2021/02/07 06:39:04 [debug  ] gate Run data: [33 0]
2021/02/07 06:39:15 [debug  ] gate Run data: [33 0]
2021/02/07 06:39:26 [debug  ] gate Run data: [33 0]
2021/02/07 06:39:37 [debug  ] gate Run data: [33 0]
2021/02/07 06:39:48 [debug  ] gate Run data: [33 0]
2021/02/07 06:39:59 [debug  ] gate Run data: [33 0]
2021/02/07 06:40:10 [debug  ] gate Run data: [33 0]
2021/02/07 06:40:21 [debug  ] gate Run data: [33 0]
2021/02/07 06:40:32 [debug  ] gate Run data: [33 0]
2021/02/07 06:40:43 [debug  ] gate Run data: [33 0]
2021/02/07 06:40:54 [debug  ] gate Run data: [33 0]
2021/02/07 06:41:05 [debug  ] gate Run data: [33 0]
2021/02/07 06:41:16 [debug  ] gate Run data: [33 0]
2021/02/07 06:41:27 [debug  ] gate Run data: [33 0]
2021/02/07 06:41:33 [debug  ] Info, UpdateRank
2021/02/07 06:41:33 [debug  ] Info, sort guild ,GuildRankTime:%!(EXTRA int64=12942249380000, string= rank num:, int32=21)
2021/02/07 06:41:38 [debug  ] gate Run data: [33 0]
2021/02/07 06:41:49 [debug  ] gate Run data: [33 0]
2021/02/07 06:42:00 [debug  ] gate Run data: [33 0]
2021/02/07 06:42:11 [debug  ] gate Run data: [33 0]
2021/02/07 06:42:22 [debug  ] gate Run data: [33 0]
2021/02/07 06:42:33 [debug  ] gate Run data: [33 0]
2021/02/07 06:42:44 [debug  ] gate Run data: [33 0]
2021/02/07 06:42:55 [debug  ] gate Run data: [33 0]
2021/02/07 06:43:06 [debug  ] gate Run data: [33 0]
2021/02/07 06:43:17 [debug  ] gate Run data: [33 0]
2021/02/07 06:43:28 [debug  ] gate Run data: [33 0]
2021/02/07 06:43:39 [debug  ] gate Run data: [33 0]
2021/02/07 06:43:50 [debug  ] gate Run data: [33 0]
2021/02/07 06:44:01 [debug  ] gate Run data: [33 0]
2021/02/07 06:44:12 [debug  ] gate Run data: [33 0]
2021/02/07 06:44:23 [debug  ] gate Run data: [33 0]
2021/02/07 06:44:34 [debug  ] gate Run data: [33 0]
2021/02/07 06:44:45 [debug  ] gate Run data: [33 0]
2021/02/07 06:44:56 [debug  ] gate Run data: [33 0]
2021/02/07 06:45:07 [debug  ] gate Run data: [33 0]
2021/02/07 06:45:18 [debug  ] gate Run data: [33 0]
2021/02/07 06:45:29 [debug  ] gate Run data: [33 0]
2021/02/07 06:45:40 [debug  ] gate Run data: [33 0]
2021/02/07 06:45:51 [debug  ] gate Run data: [33 0]
2021/02/07 06:46:02 [debug  ] gate Run data: [33 0]
2021/02/07 06:46:13 [debug  ] gate Run data: [33 0]
2021/02/07 06:46:24 [debug  ] gate Run data: [33 0]
2021/02/07 06:46:33 [debug  ] Info, UpdateRank
2021/02/07 06:46:33 [debug  ] Info, sort guild ,GuildRankTime:%!(EXTRA int64=12942279380000, string= rank num:, int32=21)
2021/02/07 06:46:35 [debug  ] gate Run data: [33 0]
2021/02/07 06:46:46 [debug  ] gate Run data: [33 0]
2021/02/07 06:46:57 [debug  ] gate Run data: [33 0]
2021/02/07 06:47:08 [debug  ] gate Run data: [33 0]
2021/02/07 06:47:19 [debug  ] gate Run data: [33 0]
2021/02/07 06:47:30 [debug  ] gate Run data: [33 0]
2021/02/07 06:47:41 [debug  ] gate Run data: [33 0]
2021/02/07 06:47:52 [debug  ] gate Run data: [33 0]
2021/02/07 06:48:03 [debug  ] gate Run data: [33 0]
2021/02/07 06:48:14 [debug  ] gate Run data: [33 0]
2021/02/07 06:48:25 [debug  ] gate Run data: [33 0]
2021/02/07 06:48:36 [debug  ] gate Run data: [33 0]
2021/02/07 06:48:47 [debug  ] gate Run data: [33 0]
2021/02/07 06:48:57 [debug  ] gate Run data: [33 0]
2021/02/07 06:49:08 [debug  ] gate Run data: [33 0]
2021/02/07 06:49:19 [debug  ] gate Run data: [33 0]
2021/02/07 06:49:30 [debug  ] gate Run data: [33 0]
2021/02/07 06:49:41 [debug  ] gate Run data: [33 0]
2021/02/07 06:49:52 [debug  ] gate Run data: [33 0]
2021/02/07 06:50:03 [debug  ] gate Run data: [33 0]
2021/02/07 06:50:14 [debug  ] gate Run data: [33 0]
2021/02/07 06:50:25 [debug  ] gate Run data: [33 0]
2021/02/07 06:50:36 [debug  ] gate Run data: [33 0]
2021/02/07 06:50:47 [debug  ] gate Run data: [33 0]
2021/02/07 06:50:58 [debug  ] gate Run data: [33 0]
2021/02/07 06:51:09 [debug  ] gate Run data: [33 0]
2021/02/07 06:51:20 [debug  ] gate Run data: [33 0]
2021/02/07 06:51:31 [debug  ] gate Run data: [33 0]
2021/02/07 06:51:33 [debug  ] Info, UpdateRank
2021/02/07 06:51:33 [debug  ] Info, sort guild ,GuildRankTime:%!(EXTRA int64=12942309380000, string= rank num:, int32=21)
2021/02/07 06:51:42 [debug  ] gate Run data: [33 0]
2021/02/07 06:51:53 [debug  ] gate Run data: [33 0]
2021/02/07 06:52:04 [debug  ] gate Run data: [33 0]
2021/02/07 06:52:15 [debug  ] gate Run data: [33 0]
2021/02/07 06:52:26 [debug  ] gate Run data: [33 0]
2021/02/07 06:52:37 [debug  ] gate Run data: [33 0]
2021/02/07 06:52:48 [debug  ] gate Run data: [33 0]
2021/02/07 06:52:59 [debug  ] gate Run data: [33 0]
2021/02/07 06:53:10 [debug  ] gate Run data: [33 0]
2021/02/07 06:53:21 [debug  ] gate Run data: [33 0]
2021/02/07 06:53:32 [debug  ] gate Run data: [33 0]
2021/02/07 06:53:42 [debug  ] gate Run data: [33 0]
2021/02/07 06:53:53 [debug  ] gate Run data: [33 0]
2021/02/07 06:54:04 [debug  ] gate Run data: [33 0]
2021/02/07 06:54:15 [debug  ] gate Run data: [33 0]
2021/02/07 06:54:26 [debug  ] gate Run data: [33 0]
2021/02/07 06:54:37 [debug  ] gate Run data: [33 0]
2021/02/07 06:54:48 [debug  ] gate Run data: [33 0]
2021/02/07 06:54:59 [debug  ] gate Run data: [33 0]
2021/02/07 06:55:10 [debug  ] gate Run data: [33 0]
2021/02/07 06:55:21 [debug  ] gate Run data: [33 0]
2021/02/07 06:55:31 [debug  ] gate Run data: [33 0]
2021/02/07 06:55:42 [debug  ] gate Run data: [33 0]
2021/02/07 06:55:52 [debug  ] gate Run data: [33 0]
2021/02/07 06:56:03 [debug  ] gate Run data: [33 0]
2021/02/07 06:56:14 [debug  ] gate Run data: [33 0]
2021/02/07 06:56:25 [debug  ] gate Run data: [33 0]
2021/02/07 06:56:33 [debug  ] Info, UpdateRank
2021/02/07 06:56:33 [debug  ] Info, sort guild ,GuildRankTime:%!(EXTRA int64=12942339380000, string= rank num:, int32=21)
2021/02/07 06:56:36 [debug  ] gate Run data: [33 0]
2021/02/07 06:56:47 [debug  ] gate Run data: [33 0]
2021/02/07 06:56:58 [debug  ] gate Run data: [33 0]
2021/02/07 06:57:09 [debug  ] gate Run data: [33 0]
2021/02/07 06:57:20 [debug  ] gate Run data: [33 0]
2021/02/07 06:57:31 [debug  ] gate Run data: [33 0]
2021/02/07 06:57:42 [debug  ] gate Run data: [33 0]
2021/02/07 06:57:53 [debug  ] gate Run data: [33 0]
2021/02/07 06:58:04 [debug  ] gate Run data: [33 0]
2021/02/07 06:58:15 [debug  ] gate Run data: [33 0]
2021/02/07 06:58:26 [debug  ] gate Run data: [33 0]
2021/02/07 06:58:37 [debug  ] gate Run data: [33 0]
2021/02/07 06:58:48 [debug  ] gate Run data: [33 0]
2021/02/07 06:58:59 [debug  ] gate Run data: [33 0]
2021/02/07 06:59:10 [debug  ] gate Run data: [33 0]
2021/02/07 06:59:21 [debug  ] gate Run data: [33 0]
2021/02/07 06:59:32 [debug  ] gate Run data: [33 0]
2021/02/07 06:59:43 [debug  ] gate Run data: [33 0]
2021/02/07 06:59:54 [debug  ] gate Run data: [33 0]
2021/02/07 07:00:05 [debug  ] gate Run data: [33 0]
2021/02/07 07:00:16 [debug  ] gate Run data: [33 0]
2021/02/07 07:00:27 [debug  ] gate Run data: [33 0]
2021/02/07 07:00:38 [debug  ] gate Run data: [33 0]
2021/02/07 07:00:38 [debug  ] rpcNewAgent
2021/02/07 07:00:49 [debug  ] gate Run data: [33 0]
2021/02/07 07:01:00 [debug  ] gate Run data: [33 0]
2021/02/07 07:01:11 [debug  ] gate Run data: [33 0]
2021/02/07 07:01:22 [debug  ] gate Run data: [33 0]
2021/02/07 07:01:33 [debug  ] Info, sort guild ,GuildRankTime:%!(EXTRA int64=12942369380000, string= rank num:, int32=21)
2021/02/07 07:01:33 [debug  ] Info, UpdateRank
2021/02/07 07:01:33 [debug  ] gate Run data: [33 0]
2021/02/07 07:01:44 [debug  ] gate Run data: [33 0]
2021/02/07 07:01:55 [debug  ] gate Run data: [33 0]
2021/02/07 07:02:06 [debug  ] gate Run data: [33 0]
2021/02/07 07:02:17 [debug  ] gate Run data: [33 0]
2021/02/07 07:02:28 [debug  ] gate Run data: [33 0]
2021/02/07 07:02:39 [debug  ] gate Run data: [33 0]
2021/02/07 07:02:50 [debug  ] gate Run data: [33 0]
2021/02/07 07:03:01 [debug  ] gate Run data: [33 0]
2021/02/07 07:03:12 [debug  ] gate Run data: [33 0]
2021/02/07 07:03:23 [debug  ] gate Run data: [33 0]
2021/02/07 07:03:34 [debug  ] gate Run data: [33 0]
2021/02/07 07:03:40 [debug  ] Close agent cause heartbeat timeout
2021/02/07 07:03:40 [debug  ] gate read message: read tcp [::1]:17183->[::1]:54764: use of closed network connection
2021/02/07 07:03:40 [debug  ] rpcCloseAgent
2021/02/07 07:03:45 [debug  ] gate Run data: [33 0]
2021/02/07 07:03:56 [debug  ] gate Run data: [33 0]
2021/02/07 07:04:07 [debug  ] gate Run data: [33 0]
2021/02/07 07:04:18 [debug  ] gate Run data: [33 0]
2021/02/07 07:04:29 [debug  ] gate Run data: [33 0]
2021/02/07 07:04:40 [debug  ] gate Run data: [33 0]
2021/02/07 07:04:51 [debug  ] gate Run data: [33 0]
2021/02/07 07:05:02 [debug  ] gate Run data: [33 0]
2021/02/07 07:05:13 [debug  ] gate Run data: [33 0]
2021/02/07 07:05:24 [debug  ] gate Run data: [33 0]
2021/02/07 07:05:35 [debug  ] gate Run data: [33 0]
2021/02/07 07:05:46 [debug  ] gate Run data: [33 0]
2021/02/07 07:05:57 [debug  ] gate Run data: [33 0]
2021/02/07 07:06:08 [debug  ] gate Run data: [33 0]
2021/02/07 07:06:19 [debug  ] gate Run data: [33 0]
2021/02/07 07:06:30 [debug  ] gate Run data: [33 0]
2021/02/07 07:06:33 [debug  ] Info, UpdateRank
2021/02/07 07:06:33 [debug  ] Info, sort guild ,GuildRankTime:%!(EXTRA int64=12942399380000, string= rank num:, int32=21)
2021/02/07 07:06:41 [debug  ] gate Run data: [33 0]
2021/02/07 07:06:52 [debug  ] gate Run data: [33 0]
2021/02/07 07:07:03 [debug  ] gate Run data: [33 0]
2021/02/07 07:07:14 [debug  ] gate Run data: [33 0]
2021/02/07 07:07:25 [debug  ] gate Run data: [33 0]
2021/02/07 07:07:36 [debug  ] gate Run data: [33 0]
2021/02/07 07:07:47 [debug  ] gate Run data: [33 0]
2021/02/07 07:07:58 [debug  ] gate Run data: [33 0]
2021/02/07 07:08:09 [debug  ] gate Run data: [33 0]
2021/02/07 07:08:20 [debug  ] gate Run data: [33 0]
2021/02/07 07:08:31 [debug  ] gate Run data: [33 0]
2021/02/07 07:08:42 [debug  ] gate Run data: [33 0]
2021/02/07 07:08:53 [debug  ] gate Run data: [33 0]
2021/02/07 07:09:04 [debug  ] gate Run data: [33 0]
2021/02/07 07:09:15 [debug  ] gate Run data: [33 0]
2021/02/07 07:09:26 [debug  ] gate Run data: [33 0]
2021/02/07 07:09:37 [debug  ] gate Run data: [33 0]
2021/02/07 07:09:48 [debug  ] gate Run data: [33 0]
2021/02/07 07:09:59 [debug  ] gate Run data: [33 0]
2021/02/07 07:10:09 [debug  ] gate Run data: [33 0]
2021/02/07 07:10:20 [debug  ] gate Run data: [33 0]
2021/02/07 07:10:31 [debug  ] gate Run data: [33 0]
2021/02/07 07:10:42 [debug  ] gate Run data: [33 0]
2021/02/07 07:10:53 [debug  ] gate Run data: [33 0]
2021/02/07 07:11:04 [debug  ] gate Run data: [33 0]
2021/02/07 07:11:15 [debug  ] gate Run data: [33 0]
2021/02/07 07:11:26 [debug  ] gate Run data: [33 0]
2021/02/07 07:11:33 [debug  ] Info, UpdateRank
2021/02/07 07:11:33 [debug  ] Info, sort guild ,GuildRankTime:%!(EXTRA int64=12942429380000, string= rank num:, int32=21)
2021/02/07 07:11:37 [debug  ] gate Run data: [33 0]
2021/02/07 07:11:48 [debug  ] gate Run data: [33 0]
2021/02/07 07:11:59 [debug  ] gate Run data: [33 0]
2021/02/07 07:12:10 [debug  ] gate Run data: [33 0]
2021/02/07 07:12:21 [debug  ] gate Run data: [33 0]
2021/02/07 07:12:32 [debug  ] gate Run data: [33 0]
2021/02/07 07:12:43 [debug  ] gate Run data: [33 0]
2021/02/07 07:12:54 [debug  ] gate Run data: [33 0]
2021/02/07 07:13:05 [debug  ] gate Run data: [33 0]
2021/02/07 07:13:16 [debug  ] gate Run data: [33 0]
2021/02/07 07:13:27 [debug  ] gate Run data: [33 0]
2021/02/07 07:13:38 [debug  ] gate Run data: [33 0]
2021/02/07 07:13:49 [debug  ] gate Run data: [33 0]
2021/02/07 07:14:00 [debug  ] gate Run data: [33 0]
2021/02/07 07:14:11 [debug  ] gate Run data: [33 0]
2021/02/07 07:14:22 [debug  ] gate Run data: [33 0]
2021/02/07 07:14:33 [debug  ] gate Run data: [33 0]
2021/02/07 07:14:44 [debug  ] gate Run data: [33 0]
2021/02/07 07:14:55 [debug  ] gate Run data: [33 0]
2021/02/07 07:15:06 [debug  ] gate Run data: [33 0]
2021/02/07 07:15:17 [debug  ] gate Run data: [33 0]
2021/02/07 07:15:28 [debug  ] gate Run data: [33 0]
2021/02/07 07:15:39 [debug  ] gate Run data: [33 0]
2021/02/07 07:15:50 [debug  ] gate Run data: [33 0]
2021/02/07 07:16:01 [debug  ] gate Run data: [33 0]
2021/02/07 07:16:12 [debug  ] gate Run data: [33 0]
2021/02/07 07:16:23 [debug  ] gate Run data: [33 0]
2021/02/07 07:16:33 [debug  ] Info, UpdateRank
2021/02/07 07:16:33 [debug  ] Info, sort guild ,GuildRankTime:%!(EXTRA int64=12942459380000, string= rank num:, int32=21)
2021/02/07 07:16:34 [debug  ] gate Run data: [33 0]
2021/02/07 07:16:45 [debug  ] gate Run data: [33 0]
2021/02/07 07:16:56 [debug  ] gate Run data: [33 0]
2021/02/07 07:17:07 [debug  ] gate Run data: [33 0]
2021/02/07 07:17:18 [debug  ] gate Run data: [33 0]
2021/02/07 07:17:29 [debug  ] gate Run data: [33 0]
2021/02/07 07:17:40 [debug  ] gate Run data: [33 0]
2021/02/07 07:17:51 [debug  ] gate Run data: [33 0]
2021/02/07 07:18:02 [debug  ] gate Run data: [33 0]
2021/02/07 07:18:13 [debug  ] gate Run data: [33 0]
2021/02/07 07:18:24 [debug  ] gate Run data: [33 0]
2021/02/07 07:18:35 [debug  ] gate Run data: [33 0]
2021/02/07 07:18:46 [debug  ] gate Run data: [33 0]
2021/02/07 07:18:57 [debug  ] gate Run data: [33 0]
2021/02/07 07:19:08 [debug  ] gate Run data: [33 0]
2021/02/07 07:19:19 [debug  ] gate Run data: [33 0]
2021/02/07 07:19:30 [debug  ] gate Run data: [33 0]
2021/02/07 07:19:41 [debug  ] gate Run data: [33 0]
2021/02/07 07:19:52 [debug  ] gate Run data: [33 0]
2021/02/07 07:20:03 [debug  ] gate Run data: [33 0]
2021/02/07 07:20:14 [debug  ] gate Run data: [33 0]
2021/02/07 07:20:25 [debug  ] gate Run data: [33 0]
2021/02/07 07:20:35 [debug  ] gate Run data: [33 0]
2021/02/07 07:20:46 [debug  ] gate Run data: [33 0]
2021/02/07 07:20:56 [debug  ] gate Run data: [33 0]
2021/02/07 07:21:07 [debug  ] gate Run data: [33 0]
2021/02/07 07:21:18 [debug  ] gate Run data: [33 0]
2021/02/07 07:21:29 [debug  ] gate Run data: [33 0]
2021/02/07 07:21:33 [debug  ] Info, UpdateRank
2021/02/07 07:21:33 [debug  ] Info, sort guild ,GuildRankTime:%!(EXTRA int64=12942489390000, string= rank num:, int32=21)
2021/02/07 07:21:40 [debug  ] gate Run data: [33 0]
2021/02/07 07:21:51 [debug  ] gate Run data: [33 0]
2021/02/07 07:22:02 [debug  ] gate Run data: [33 0]
2021/02/07 07:22:13 [debug  ] gate Run data: [33 0]
2021/02/07 07:22:24 [debug  ] gate Run data: [33 0]
2021/02/07 07:22:35 [debug  ] gate Run data: [33 0]
2021/02/07 07:22:46 [debug  ] gate Run data: [33 0]
2021/02/07 07:22:57 [debug  ] gate Run data: [33 0]
2021/02/07 07:23:08 [debug  ] gate Run data: [33 0]
2021/02/07 07:23:19 [debug  ] gate Run data: [33 0]
2021/02/07 07:23:30 [debug  ] gate Run data: [33 0]
2021/02/07 07:23:41 [debug  ] gate Run data: [33 0]
2021/02/07 07:23:52 [debug  ] gate Run data: [33 0]
2021/02/07 07:24:03 [debug  ] gate Run data: [33 0]
2021/02/07 07:24:14 [debug  ] gate Run data: [33 0]
2021/02/07 07:24:25 [debug  ] gate Run data: [33 0]
2021/02/07 07:24:36 [debug  ] gate Run data: [33 0]
2021/02/07 07:24:47 [debug  ] gate Run data: [33 0]
2021/02/07 07:24:58 [debug  ] gate Run data: [33 0]
2021/02/07 07:25:09 [debug  ] gate Run data: [33 0]
2021/02/07 07:25:19 [debug  ] gate Run data: [33 0]
2021/02/07 07:25:30 [debug  ] gate Run data: [33 0]
2021/02/07 07:25:40 [debug  ] gate Run data: [33 0]
2021/02/07 07:25:51 [debug  ] gate Run data: [33 0]
2021/02/07 07:26:02 [debug  ] gate Run data: [33 0]
2021/02/07 07:26:13 [debug  ] gate Run data: [33 0]
2021/02/07 07:26:24 [debug  ] gate Run data: [33 0]
2021/02/07 07:26:33 [debug  ] Info, sort guild ,GuildRankTime:%!(EXTRA int64=12942519390000, string= rank num:, int32=21)
2021/02/07 07:26:33 [debug  ] Info, UpdateRank
2021/02/07 07:26:35 [debug  ] gate Run data: [33 0]
2021/02/07 07:26:46 [debug  ] gate Run data: [33 0]
2021/02/07 07:26:57 [debug  ] gate Run data: [33 0]
2021/02/07 07:27:08 [debug  ] gate Run data: [33 0]
2021/02/07 07:27:19 [debug  ] gate Run data: [33 0]
2021/02/07 07:27:30 [debug  ] gate Run data: [33 0]
2021/02/07 07:27:41 [debug  ] gate Run data: [33 0]
2021/02/07 07:27:52 [debug  ] gate Run data: [33 0]
2021/02/07 07:28:03 [debug  ] gate Run data: [33 0]
2021/02/07 07:28:14 [debug  ] gate Run data: [33 0]
2021/02/07 07:28:25 [debug  ] gate Run data: [33 0]
2021/02/07 07:28:36 [debug  ] gate Run data: [33 0]
2021/02/07 07:28:47 [debug  ] gate Run data: [33 0]
2021/02/07 07:28:58 [debug  ] gate Run data: [33 0]
2021/02/07 07:29:09 [debug  ] gate Run data: [33 0]
2021/02/07 07:29:20 [debug  ] gate Run data: [33 0]
2021/02/07 07:29:31 [debug  ] gate Run data: [33 0]
2021/02/07 07:29:42 [debug  ] gate Run data: [33 0]
2021/02/07 07:29:53 [debug  ] gate Run data: [33 0]
2021/02/07 07:30:04 [debug  ] gate Run data: [33 0]
2021/02/07 07:30:15 [debug  ] gate Run data: [33 0]
2021/02/07 07:30:26 [debug  ] gate Run data: [33 0]
2021/02/07 07:30:37 [debug  ] gate Run data: [33 0]
2021/02/07 07:30:48 [debug  ] gate Run data: [33 0]
2021/02/07 07:30:59 [debug  ] gate Run data: [33 0]
2021/02/07 07:31:10 [debug  ] gate Run data: [33 0]
2021/02/07 07:31:21 [debug  ] gate Run data: [33 0]
2021/02/07 07:31:32 [debug  ] gate Run data: [33 0]
2021/02/07 07:31:33 [debug  ] Info, UpdateRank
2021/02/07 07:31:33 [debug  ] Info, sort guild ,GuildRankTime:%!(EXTRA int64=12942549390000, string= rank num:, int32=21)
2021/02/07 07:31:43 [debug  ] gate Run data: [33 0]
2021/02/07 07:31:54 [debug  ] gate Run data: [33 0]
2021/02/07 07:32:05 [debug  ] gate Run data: [33 0]
2021/02/07 07:32:16 [debug  ] gate Run data: [33 0]
2021/02/07 07:32:27 [debug  ] gate Run data: [33 0]
2021/02/07 07:32:38 [debug  ] gate Run data: [33 0]
2021/02/07 07:32:49 [debug  ] gate Run data: [33 0]
2021/02/07 07:33:00 [debug  ] gate Run data: [33 0]
2021/02/07 07:33:11 [debug  ] gate Run data: [33 0]
2021/02/07 07:33:22 [debug  ] gate Run data: [33 0]
2021/02/07 07:33:33 [debug  ] gate Run data: [33 0]
2021/02/07 07:33:44 [debug  ] gate Run data: [33 0]
2021/02/07 07:33:55 [debug  ] gate Run data: [33 0]
2021/02/07 07:34:06 [debug  ] gate Run data: [33 0]
2021/02/07 07:34:17 [debug  ] gate Run data: [33 0]
2021/02/07 07:34:28 [debug  ] gate Run data: [33 0]
2021/02/07 07:34:39 [debug  ] gate Run data: [33 0]
2021/02/07 07:34:50 [debug  ] gate Run data: [33 0]
2021/02/07 07:35:01 [debug  ] gate Run data: [33 0]
2021/02/07 07:35:12 [debug  ] gate Run data: [33 0]
2021/02/07 07:35:23 [debug  ] gate Run data: [33 0]
2021/02/07 07:35:34 [debug  ] gate Run data: [33 0]
2021/02/07 07:35:45 [debug  ] gate Run data: [33 0]
2021/02/07 07:35:56 [debug  ] gate Run data: [33 0]
2021/02/07 07:36:07 [debug  ] gate Run data: [33 0]
2021/02/07 07:36:18 [debug  ] gate Run data: [33 0]
2021/02/07 07:36:29 [debug  ] gate Run data: [33 0]
2021/02/07 07:36:33 [debug  ] Info, sort guild ,GuildRankTime:%!(EXTRA int64=12942579390000, string= rank num:, int32=21)
2021/02/07 07:36:33 [debug  ] Info, UpdateRank
2021/02/07 07:36:40 [debug  ] gate Run data: [33 0]
2021/02/07 07:36:51 [debug  ] gate Run data: [33 0]
2021/02/07 07:37:02 [debug  ] gate Run data: [33 0]
2021/02/07 07:37:13 [debug  ] gate Run data: [33 0]
2021/02/07 07:37:23 [debug  ] gate Run data: [33 0]
2021/02/07 07:37:34 [debug  ] gate Run data: [33 0]
2021/02/07 07:37:45 [debug  ] gate Run data: [33 0]
2021/02/07 07:37:56 [debug  ] gate Run data: [33 0]
2021/02/07 07:38:07 [debug  ] gate Run data: [33 0]
2021/02/07 07:38:18 [debug  ] gate Run data: [33 0]
2021/02/07 07:38:29 [debug  ] gate Run data: [33 0]
2021/02/07 07:38:40 [debug  ] gate Run data: [33 0]
2021/02/07 07:38:51 [debug  ] gate Run data: [33 0]
2021/02/07 07:39:02 [debug  ] gate Run data: [33 0]
2021/02/07 07:39:13 [debug  ] gate Run data: [33 0]
2021/02/07 07:39:24 [debug  ] gate Run data: [33 0]
2021/02/07 07:39:35 [debug  ] gate Run data: [33 0]
2021/02/07 07:39:46 [debug  ] gate Run data: [33 0]
2021/02/07 07:39:57 [debug  ] gate Run data: [33 0]
2021/02/07 07:40:08 [debug  ] gate Run data: [33 0]
2021/02/07 07:40:19 [debug  ] gate Run data: [33 0]
2021/02/07 07:40:30 [debug  ] gate Run data: [33 0]
2021/02/07 07:40:41 [debug  ] gate Run data: [33 0]
2021/02/07 07:40:52 [debug  ] gate Run data: [33 0]
2021/02/07 07:41:03 [debug  ] gate Run data: [33 0]
2021/02/07 07:41:14 [debug  ] gate Run data: [33 0]
2021/02/07 07:41:25 [debug  ] gate Run data: [33 0]
2021/02/07 07:41:33 [debug  ] Info, UpdateRank
2021/02/07 07:41:33 [debug  ] Info, sort guild ,GuildRankTime:%!(EXTRA int64=12942609390000, string= rank num:, int32=21)
2021/02/07 07:41:36 [debug  ] gate Run data: [33 0]
2021/02/07 07:41:47 [debug  ] gate Run data: [33 0]
2021/02/07 07:41:58 [debug  ] gate Run data: [33 0]
2021/02/07 07:42:09 [debug  ] gate Run data: [33 0]
2021/02/07 07:42:20 [debug  ] gate Run data: [33 0]
2021/02/07 07:42:31 [debug  ] gate Run data: [33 0]
2021/02/07 07:42:42 [debug  ] gate Run data: [33 0]
2021/02/07 07:42:53 [debug  ] gate Run data: [33 0]
2021/02/07 07:43:04 [debug  ] gate Run data: [33 0]
2021/02/07 07:43:15 [debug  ] gate Run data: [33 0]
2021/02/07 07:43:26 [debug  ] gate Run data: [33 0]
2021/02/07 07:43:37 [debug  ] gate Run data: [33 0]
2021/02/07 07:43:48 [debug  ] gate Run data: [33 0]
2021/02/07 07:43:59 [debug  ] gate Run data: [33 0]
2021/02/07 07:44:10 [debug  ] gate Run data: [33 0]
2021/02/07 07:44:21 [debug  ] gate Run data: [33 0]
2021/02/07 07:44:32 [debug  ] gate Run data: [33 0]
2021/02/07 07:44:43 [debug  ] gate Run data: [33 0]
2021/02/07 07:44:54 [debug  ] gate Run data: [33 0]
2021/02/07 07:45:05 [debug  ] gate Run data: [33 0]
2021/02/07 07:45:16 [debug  ] gate Run data: [33 0]
2021/02/07 07:45:27 [debug  ] gate Run data: [33 0]
2021/02/07 07:45:38 [debug  ] gate Run data: [33 0]
2021/02/07 07:45:49 [debug  ] gate Run data: [33 0]
2021/02/07 07:46:00 [debug  ] gate Run data: [33 0]
2021/02/07 07:46:11 [debug  ] gate Run data: [33 0]
2021/02/07 07:46:22 [debug  ] gate Run data: [33 0]
2021/02/07 07:46:33 [debug  ] gate Run data: [33 0]
2021/02/07 07:46:33 [debug  ] Info, UpdateRank
2021/02/07 07:46:33 [debug  ] Info, sort guild ,GuildRankTime:%!(EXTRA int64=12942639390000, string= rank num:, int32=21)
2021/02/07 07:46:44 [debug  ] gate Run data: [33 0]
2021/02/07 07:46:55 [debug  ] gate Run data: [33 0]
2021/02/07 07:47:06 [debug  ] gate Run data: [33 0]
2021/02/07 07:47:17 [debug  ] gate Run data: [33 0]
2021/02/07 07:47:28 [debug  ] gate Run data: [33 0]
2021/02/07 07:47:39 [debug  ] gate Run data: [33 0]
2021/02/07 07:47:50 [debug  ] gate Run data: [33 0]
2021/02/07 07:48:01 [debug  ] gate Run data: [33 0]
2021/02/07 07:48:12 [debug  ] gate Run data: [33 0]
2021/02/07 07:48:23 [debug  ] gate Run data: [33 0]
2021/02/07 07:48:34 [debug  ] gate Run data: [33 0]
2021/02/07 07:48:45 [debug  ] gate Run data: [33 0]
2021/02/07 07:48:56 [debug  ] gate Run data: [33 0]
2021/02/07 07:49:07 [debug  ] gate Run data: [33 0]
2021/02/07 07:49:18 [debug  ] gate Run data: [33 0]
2021/02/07 07:49:29 [debug  ] gate Run data: [33 0]
2021/02/07 07:49:40 [debug  ] gate Run data: [33 0]
2021/02/07 07:49:51 [debug  ] gate Run data: [33 0]
2021/02/07 07:50:02 [debug  ] gate Run data: [33 0]
2021/02/07 07:50:13 [debug  ] gate Run data: [33 0]
2021/02/07 07:50:24 [debug  ] gate Run data: [33 0]
2021/02/07 07:50:35 [debug  ] gate Run data: [33 0]
2021/02/07 07:50:46 [debug  ] gate Run data: [33 0]
2021/02/07 07:50:57 [debug  ] gate Run data: [33 0]
2021/02/07 07:51:08 [debug  ] gate Run data: [33 0]
2021/02/07 07:51:19 [debug  ] gate Run data: [33 0]
2021/02/07 07:51:30 [debug  ] gate Run data: [33 0]
2021/02/07 07:51:33 [debug  ] Info, UpdateRank
2021/02/07 07:51:33 [debug  ] Info, sort guild ,GuildRankTime:%!(EXTRA int64=12942669390000, string= rank num:, int32=21)
2021/02/07 07:51:41 [debug  ] gate Run data: [33 0]
2021/02/07 07:51:52 [debug  ] gate Run data: [33 0]
2021/02/07 07:52:03 [debug  ] gate Run data: [33 0]
2021/02/07 07:52:14 [debug  ] gate Run data: [33 0]
2021/02/07 07:52:25 [debug  ] gate Run data: [33 0]
2021/02/07 07:52:36 [debug  ] gate Run data: [33 0]
2021/02/07 07:52:47 [debug  ] gate Run data: [33 0]
2021/02/07 07:52:58 [debug  ] gate Run data: [33 0]
2021/02/07 07:53:09 [debug  ] gate Run data: [33 0]
2021/02/07 07:53:20 [debug  ] gate Run data: [33 0]
2021/02/07 07:53:31 [debug  ] gate Run data: [33 0]
2021/02/07 07:53:42 [debug  ] gate Run data: [33 0]
2021/02/07 07:53:53 [debug  ] gate Run data: [33 0]
2021/02/07 07:54:04 [debug  ] gate Run data: [33 0]
2021/02/07 07:54:15 [debug  ] gate Run data: [33 0]
2021/02/07 07:54:26 [debug  ] gate Run data: [33 0]
2021/02/07 07:54:36 [debug  ] gate Run data: [33 0]
2021/02/07 07:54:47 [debug  ] gate Run data: [33 0]
2021/02/07 07:54:58 [debug  ] gate Run data: [33 0]
2021/02/07 07:55:09 [debug  ] gate Run data: [33 0]
2021/02/07 07:55:20 [debug  ] gate Run data: [33 0]
2021/02/07 07:55:31 [debug  ] gate Run data: [33 0]
2021/02/07 07:55:42 [debug  ] gate Run data: [33 0]
2021/02/07 07:55:53 [debug  ] gate Run data: [33 0]
2021/02/07 07:56:04 [debug  ] gate Run data: [33 0]
2021/02/07 07:56:15 [debug  ] gate Run data: [33 0]
2021/02/07 07:56:26 [debug  ] gate Run data: [33 0]
2021/02/07 07:56:33 [debug  ] Info, sort guild ,GuildRankTime:%!(EXTRA int64=12942699390000, string= rank num:, int32=21)
2021/02/07 07:56:33 [debug  ] Info, UpdateRank
2021/02/07 07:56:37 [debug  ] gate Run data: [33 0]
2021/02/07 07:56:48 [debug  ] gate Run data: [33 0]
2021/02/07 07:56:59 [debug  ] gate Run data: [33 0]
2021/02/07 07:57:10 [debug  ] gate Run data: [33 0]
2021/02/07 07:57:21 [debug  ] gate Run data: [33 0]
2021/02/07 07:57:32 [debug  ] gate Run data: [33 0]
2021/02/07 07:57:43 [debug  ] gate Run data: [33 0]
2021/02/07 07:57:54 [debug  ] gate Run data: [33 0]
2021/02/07 07:58:04 [debug  ] gate Run data: [33 0]
2021/02/07 07:58:15 [debug  ] gate Run data: [33 0]
2021/02/07 07:58:26 [debug  ] gate Run data: [33 0]
2021/02/07 07:58:37 [debug  ] gate Run data: [33 0]
2021/02/07 07:58:48 [debug  ] gate Run data: [33 0]
2021/02/07 07:58:59 [debug  ] gate Run data: [33 0]
2021/02/07 07:59:10 [debug  ] gate Run data: [33 0]
2021/02/07 07:59:21 [debug  ] gate Run data: [33 0]
2021/02/07 07:59:32 [debug  ] gate Run data: [33 0]
2021/02/07 07:59:43 [debug  ] gate Run data: [33 0]
2021/02/07 07:59:54 [debug  ] gate Run data: [33 0]
2021/02/07 08:00:05 [debug  ] gate Run data: [33 0]
2021/02/07 08:00:16 [debug  ] gate Run data: [33 0]
2021/02/07 08:00:27 [debug  ] gate Run data: [33 0]
2021/02/07 08:00:38 [debug  ] gate Run data: [33 0]
2021/02/07 08:00:49 [debug  ] gate Run data: [33 0]
2021/02/07 08:01:00 [debug  ] gate Run data: [33 0]
2021/02/07 08:01:11 [debug  ] gate Run data: [33 0]
2021/02/07 08:01:22 [debug  ] gate Run data: [33 0]
2021/02/07 08:01:32 [debug  ] gate Run data: [33 0]
2021/02/07 08:01:33 [debug  ] Info, UpdateRank
2021/02/07 08:01:33 [debug  ] Info, sort guild ,GuildRankTime:%!(EXTRA int64=12942729390000, string= rank num:, int32=21)
2021/02/07 08:01:43 [debug  ] gate Run data: [33 0]
2021/02/07 08:01:54 [debug  ] gate Run data: [33 0]
2021/02/07 08:02:05 [debug  ] gate Run data: [33 0]
2021/02/07 08:02:16 [debug  ] gate Run data: [33 0]
2021/02/07 08:02:27 [debug  ] gate Run data: [33 0]
2021/02/07 08:02:38 [debug  ] gate Run data: [33 0]
2021/02/07 08:02:49 [debug  ] gate Run data: [33 0]
2021/02/07 08:03:00 [debug  ] gate Run data: [33 0]
2021/02/07 08:03:11 [debug  ] gate Run data: [33 0]
2021/02/07 08:03:22 [debug  ] gate Run data: [33 0]
2021/02/07 08:03:33 [debug  ] gate Run data: [33 0]
2021/02/07 08:03:44 [debug  ] gate Run data: [33 0]
2021/02/07 08:03:55 [debug  ] gate Run data: [33 0]
2021/02/07 08:04:06 [debug  ] gate Run data: [33 0]
2021/02/07 08:04:17 [debug  ] gate Run data: [33 0]
2021/02/07 08:04:28 [debug  ] gate Run data: [33 0]
2021/02/07 08:04:39 [debug  ] gate Run data: [33 0]
2021/02/07 08:04:50 [debug  ] gate Run data: [33 0]
2021/02/07 08:05:00 [debug  ] gate Run data: [33 0]
2021/02/07 08:05:11 [debug  ] gate Run data: [33 0]
2021/02/07 08:05:22 [debug  ] gate Run data: [33 0]
2021/02/07 08:05:33 [debug  ] gate Run data: [33 0]
2021/02/07 08:05:44 [debug  ] gate Run data: [33 0]
2021/02/07 08:05:55 [debug  ] gate Run data: [33 0]
2021/02/07 08:06:06 [debug  ] gate Run data: [33 0]
2021/02/07 08:06:17 [debug  ] gate Run data: [33 0]
2021/02/07 08:06:28 [debug  ] gate Run data: [33 0]
2021/02/07 08:06:33 [debug  ] Info, UpdateRank
2021/02/07 08:06:33 [debug  ] Info, sort guild ,GuildRankTime:%!(EXTRA int64=12942759390000, string= rank num:, int32=21)
2021/02/07 08:06:39 [debug  ] gate Run data: [33 0]
2021/02/07 08:06:50 [debug  ] gate Run data: [33 0]
2021/02/07 08:07:01 [debug  ] gate Run data: [33 0]
2021/02/07 08:07:12 [debug  ] gate Run data: [33 0]
2021/02/07 08:07:23 [debug  ] gate Run data: [33 0]
2021/02/07 08:07:34 [debug  ] gate Run data: [33 0]
2021/02/07 08:07:45 [debug  ] gate Run data: [33 0]
2021/02/07 08:07:56 [debug  ] gate Run data: [33 0]
2021/02/07 08:08:07 [debug  ] gate Run data: [33 0]
2021/02/07 08:08:18 [debug  ] gate Run data: [33 0]
2021/02/07 08:08:29 [debug  ] gate Run data: [33 0]
2021/02/07 08:08:40 [debug  ] gate Run data: [33 0]
2021/02/07 08:08:51 [debug  ] gate Run data: [33 0]
2021/02/07 08:09:02 [debug  ] gate Run data: [33 0]
2021/02/07 08:09:13 [debug  ] gate Run data: [33 0]
2021/02/07 08:09:24 [debug  ] gate Run data: [33 0]
2021/02/07 08:09:35 [debug  ] gate Run data: [33 0]
2021/02/07 08:09:46 [debug  ] gate Run data: [33 0]
2021/02/07 08:09:57 [debug  ] gate Run data: [33 0]
2021/02/07 08:10:08 [debug  ] gate Run data: [33 0]
2021/02/07 08:10:19 [debug  ] gate Run data: [33 0]
2021/02/07 08:10:30 [debug  ] gate Run data: [33 0]
2021/02/07 08:10:41 [debug  ] gate Run data: [33 0]
2021/02/07 08:10:52 [debug  ] gate Run data: [33 0]
2021/02/07 08:11:03 [debug  ] gate Run data: [33 0]
2021/02/07 08:11:14 [debug  ] gate Run data: [33 0]
2021/02/07 08:11:25 [debug  ] gate Run data: [33 0]
2021/02/07 08:11:33 [debug  ] Info, UpdateRank
2021/02/07 08:11:33 [debug  ] Info, sort guild ,GuildRankTime:%!(EXTRA int64=12942789390000, string= rank num:, int32=21)
2021/02/07 08:11:36 [debug  ] gate Run data: [33 0]
2021/02/07 08:11:47 [debug  ] gate Run data: [33 0]
2021/02/07 08:11:58 [debug  ] gate Run data: [33 0]
2021/02/07 08:12:09 [debug  ] gate Run data: [33 0]
2021/02/07 08:12:20 [debug  ] gate Run data: [33 0]
2021/02/07 08:12:31 [debug  ] gate Run data: [33 0]
2021/02/07 08:12:42 [debug  ] gate Run data: [33 0]
2021/02/07 08:12:53 [debug  ] gate Run data: [33 0]
2021/02/07 08:13:04 [debug  ] gate Run data: [33 0]
2021/02/07 08:13:15 [debug  ] gate Run data: [33 0]
2021/02/07 08:13:26 [debug  ] gate Run data: [33 0]
2021/02/07 08:13:37 [debug  ] gate Run data: [33 0]
2021/02/07 08:13:48 [debug  ] gate Run data: [33 0]
2021/02/07 08:13:59 [debug  ] gate Run data: [33 0]
2021/02/07 08:14:09 [debug  ] gate Run data: [33 0]
2021/02/07 08:14:20 [debug  ] gate Run data: [33 0]
2021/02/07 08:14:31 [debug  ] gate Run data: [33 0]
2021/02/07 08:14:42 [debug  ] gate Run data: [33 0]
2021/02/07 08:14:53 [debug  ] gate Run data: [33 0]
2021/02/07 08:15:04 [debug  ] gate Run data: [33 0]
2021/02/07 08:15:15 [debug  ] gate Run data: [33 0]
2021/02/07 08:15:26 [debug  ] gate Run data: [33 0]
2021/02/07 08:15:37 [debug  ] gate Run data: [33 0]
2021/02/07 08:15:48 [debug  ] gate Run data: [33 0]
2021/02/07 08:15:59 [debug  ] gate Run data: [33 0]
2021/02/07 08:16:10 [debug  ] gate Run data: [33 0]
2021/02/07 08:16:21 [debug  ] gate Run data: [33 0]
2021/02/07 08:16:32 [debug  ] gate Run data: [33 0]
2021/02/07 08:16:33 [debug  ] Info, sort guild ,GuildRankTime:%!(EXTRA int64=12942819390000, string= rank num:, int32=21)
2021/02/07 08:16:33 [debug  ] Info, UpdateRank
2021/02/07 08:16:43 [debug  ] gate Run data: [33 0]
2021/02/07 08:16:54 [debug  ] gate Run data: [33 0]
2021/02/07 08:17:05 [debug  ] rpcNewAgent
2021/02/07 08:17:05 [debug  ] gate Run data: [33 0]
2021/02/07 08:17:16 [debug  ] gate Run data: [33 0]
2021/02/07 08:17:27 [debug  ] gate Run data: [33 0]
2021/02/07 08:17:37 [debug  ] gate Run data: [33 0]
2021/02/07 08:17:48 [debug  ] gate Run data: [33 0]
2021/02/07 08:17:58 [debug  ] gate Run data: [33 0]
2021/02/07 08:18:09 [debug  ] gate Run data: [33 0]
2021/02/07 08:18:20 [debug  ] gate Run data: [33 0]
2021/02/07 08:18:31 [debug  ] gate Run data: [33 0]
2021/02/07 08:18:42 [debug  ] gate Run data: [33 0]
2021/02/07 08:18:53 [debug  ] gate Run data: [33 0]
2021/02/07 08:19:04 [debug  ] gate Run data: [33 0]
2021/02/07 08:19:15 [debug  ] gate Run data: [33 0]
2021/02/07 08:19:26 [debug  ] gate Run data: [33 0]
2021/02/07 08:19:37 [debug  ] gate Run data: [33 0]
2021/02/07 08:19:48 [debug  ] gate Run data: [33 0]
2021/02/07 08:19:59 [debug  ] gate Run data: [33 0]
2021/02/07 08:20:07 [debug  ] Close agent cause heartbeat timeout
2021/02/07 08:20:07 [debug  ] gate read message: read tcp [::1]:17183->[::1]:59344: use of closed network connection
2021/02/07 08:20:07 [debug  ] rpcCloseAgent
2021/02/07 08:20:10 [debug  ] gate Run data: [33 0]
2021/02/07 08:20:21 [debug  ] gate Run data: [33 0]
2021/02/07 08:20:32 [debug  ] gate Run data: [33 0]
2021/02/07 08:20:43 [debug  ] gate Run data: [33 0]
2021/02/07 08:20:54 [debug  ] gate Run data: [33 0]
2021/02/07 08:21:02 [debug  ] rpcNewAgent
2021/02/07 08:21:05 [debug  ] gate Run data: [33 0]
2021/02/07 08:21:16 [debug  ] gate Run data: [33 0]
2021/02/07 08:21:27 [debug  ] gate Run data: [33 0]
2021/02/07 08:21:33 [debug  ] Info, UpdateRank
2021/02/07 08:21:33 [debug  ] Info, sort guild ,GuildRankTime:%!(EXTRA int64=12942849390000, string= rank num:, int32=21)
2021/02/07 08:21:38 [debug  ] gate Run data: [33 0]
2021/02/07 08:21:49 [debug  ] gate Run data: [33 0]
2021/02/07 08:22:00 [debug  ] gate Run data: [33 0]
2021/02/07 08:22:11 [debug  ] gate Run data: [33 0]
2021/02/07 08:22:22 [debug  ] gate Run data: [33 0]
2021/02/07 08:22:33 [debug  ] gate Run data: [33 0]
2021/02/07 08:22:44 [debug  ] gate Run data: [33 0]
2021/02/07 08:22:55 [debug  ] gate Run data: [33 0]
2021/02/07 08:23:06 [debug  ] gate Run data: [33 0]
2021/02/07 08:23:17 [debug  ] gate Run data: [33 0]
2021/02/07 08:23:28 [debug  ] gate Run data: [33 0]
2021/02/07 08:23:39 [debug  ] gate Run data: [33 0]
2021/02/07 08:23:50 [debug  ] gate Run data: [33 0]
2021/02/07 08:24:00 [debug  ] gate Run data: [33 0]
2021/02/07 08:24:04 [debug  ] Close agent cause heartbeat timeout
2021/02/07 08:24:04 [debug  ] gate read message: read tcp [::1]:17183->[::1]:59588: use of closed network connection
2021/02/07 08:24:04 [debug  ] rpcCloseAgent
2021/02/07 08:24:11 [debug  ] gate Run data: [33 0]
2021/02/07 08:24:22 [debug  ] gate Run data: [33 0]
2021/02/07 08:24:33 [debug  ] gate Run data: [33 0]
2021/02/07 08:24:44 [debug  ] gate Run data: [33 0]
2021/02/07 08:24:55 [debug  ] gate Run data: [33 0]
2021/02/07 08:25:06 [debug  ] gate Run data: [33 0]
2021/02/07 08:25:17 [debug  ] gate Run data: [33 0]
2021/02/07 08:25:28 [debug  ] gate Run data: [33 0]
2021/02/07 08:25:39 [debug  ] gate Run data: [33 0]
2021/02/07 08:25:50 [debug  ] gate Run data: [33 0]
2021/02/07 08:26:01 [debug  ] gate Run data: [33 0]
2021/02/07 08:26:12 [debug  ] gate Run data: [33 0]
2021/02/07 08:26:23 [debug  ] gate Run data: [33 0]
2021/02/07 08:26:33 [debug  ] Info, UpdateRank
2021/02/07 08:26:33 [debug  ] Info, sort guild ,GuildRankTime:%!(EXTRA int64=12942879390000, string= rank num:, int32=21)
2021/02/07 08:26:34 [debug  ] gate Run data: [33 0]
2021/02/07 08:26:45 [debug  ] gate Run data: [33 0]
2021/02/07 08:26:56 [debug  ] gate Run data: [33 0]
2021/02/07 08:27:07 [debug  ] gate Run data: [33 0]
2021/02/07 08:27:18 [debug  ] gate Run data: [33 0]
2021/02/07 08:27:29 [debug  ] gate Run data: [33 0]
2021/02/07 08:27:40 [debug  ] gate Run data: [33 0]
2021/02/07 08:27:51 [debug  ] gate Run data: [33 0]
2021/02/07 08:28:02 [debug  ] gate Run data: [33 0]
2021/02/07 08:28:13 [debug  ] gate Run data: [33 0]
2021/02/07 08:28:24 [debug  ] gate Run data: [33 0]
2021/02/07 08:28:35 [debug  ] gate Run data: [33 0]
2021/02/07 08:28:46 [debug  ] gate Run data: [33 0]
2021/02/07 08:28:57 [debug  ] gate Run data: [33 0]
2021/02/07 08:29:08 [debug  ] gate Run data: [33 0]
2021/02/07 08:29:19 [debug  ] gate Run data: [33 0]
2021/02/07 08:29:30 [debug  ] gate Run data: [33 0]
2021/02/07 08:29:41 [debug  ] gate Run data: [33 0]
2021/02/07 08:29:52 [debug  ] gate Run data: [33 0]
2021/02/07 08:30:03 [debug  ] gate Run data: [33 0]
2021/02/07 08:30:14 [debug  ] gate Run data: [33 0]
2021/02/07 08:30:25 [debug  ] gate Run data: [33 0]
2021/02/07 08:30:36 [debug  ] gate Run data: [33 0]
2021/02/07 08:30:47 [debug  ] gate Run data: [33 0]
2021/02/07 08:30:58 [debug  ] gate Run data: [33 0]
2021/02/07 08:31:09 [debug  ] gate Run data: [33 0]
2021/02/07 08:31:20 [debug  ] gate Run data: [33 0]
2021/02/07 08:31:31 [debug  ] gate Run data: [33 0]
2021/02/07 08:31:33 [debug  ] Info, sort guild ,GuildRankTime:%!(EXTRA int64=12942909390000, string= rank num:, int32=21)
2021/02/07 08:31:33 [debug  ] Info, UpdateRank
2021/02/07 08:31:42 [debug  ] gate Run data: [33 0]
2021/02/07 08:31:53 [debug  ] gate Run data: [33 0]
2021/02/07 08:32:04 [debug  ] gate Run data: [33 0]
2021/02/07 08:32:15 [debug  ] gate Run data: [33 0]
2021/02/07 08:32:26 [debug  ] gate Run data: [33 0]
2021/02/07 08:32:37 [debug  ] gate Run data: [33 0]
2021/02/07 08:32:48 [debug  ] gate Run data: [33 0]
2021/02/07 08:32:59 [debug  ] gate Run data: [33 0]
2021/02/07 08:33:10 [debug  ] gate Run data: [33 0]
2021/02/07 08:33:21 [debug  ] gate Run data: [33 0]
2021/02/07 08:33:32 [debug  ] gate Run data: [33 0]
2021/02/07 08:33:43 [debug  ] gate Run data: [33 0]
2021/02/07 08:33:54 [debug  ] gate Run data: [33 0]
2021/02/07 08:34:05 [debug  ] gate Run data: [33 0]
2021/02/07 08:34:16 [debug  ] gate Run data: [33 0]
2021/02/07 08:34:27 [debug  ] gate Run data: [33 0]
2021/02/07 08:34:38 [debug  ] gate Run data: [33 0]
2021/02/07 08:34:49 [debug  ] gate Run data: [33 0]
2021/02/07 08:35:00 [debug  ] gate Run data: [33 0]
2021/02/07 08:35:11 [debug  ] gate Run data: [33 0]
2021/02/07 08:35:22 [debug  ] gate Run data: [33 0]
2021/02/07 08:35:33 [debug  ] gate Run data: [33 0]
2021/02/07 08:35:44 [debug  ] gate Run data: [33 0]
2021/02/07 08:35:55 [debug  ] gate Run data: [33 0]
2021/02/07 08:36:06 [debug  ] gate Run data: [33 0]
2021/02/07 08:36:17 [debug  ] gate Run data: [33 0]
2021/02/07 08:36:28 [debug  ] gate Run data: [33 0]
2021/02/07 08:36:33 [debug  ] Info, sort guild ,GuildRankTime:%!(EXTRA int64=12942939390000, string= rank num:, int32=21)
2021/02/07 08:36:33 [debug  ] Info, UpdateRank
2021/02/07 08:36:39 [debug  ] gate Run data: [33 0]
2021/02/07 08:36:50 [debug  ] gate Run data: [33 0]
2021/02/07 08:37:01 [debug  ] gate Run data: [33 0]
2021/02/07 08:37:12 [debug  ] gate Run data: [33 0]
2021/02/07 08:37:23 [debug  ] gate Run data: [33 0]
2021/02/07 08:37:34 [debug  ] gate Run data: [33 0]
2021/02/07 08:37:45 [debug  ] gate Run data: [33 0]
2021/02/07 08:37:56 [debug  ] gate Run data: [33 0]
2021/02/07 08:38:07 [debug  ] gate Run data: [33 0]
2021/02/07 08:38:18 [debug  ] gate Run data: [33 0]
2021/02/07 08:38:29 [debug  ] gate Run data: [33 0]
2021/02/07 08:38:40 [debug  ] gate Run data: [33 0]
2021/02/07 08:38:51 [debug  ] gate Run data: [33 0]
2021/02/07 08:39:02 [debug  ] gate Run data: [33 0]
2021/02/07 08:39:13 [debug  ] gate Run data: [33 0]
2021/02/07 08:39:24 [debug  ] gate Run data: [33 0]
2021/02/07 08:39:35 [debug  ] gate Run data: [33 0]
2021/02/07 08:39:46 [debug  ] gate Run data: [33 0]
2021/02/07 08:39:57 [debug  ] gate Run data: [33 0]
2021/02/07 08:40:08 [debug  ] gate Run data: [33 0]
2021/02/07 08:40:19 [debug  ] gate Run data: [33 0]
2021/02/07 08:40:30 [debug  ] gate Run data: [33 0]
2021/02/07 08:40:41 [debug  ] gate Run data: [33 0]
2021/02/07 08:40:52 [debug  ] gate Run data: [33 0]
2021/02/07 08:41:03 [debug  ] gate Run data: [33 0]
2021/02/07 08:41:14 [debug  ] gate Run data: [33 0]
2021/02/07 08:41:25 [debug  ] gate Run data: [33 0]
2021/02/07 08:41:33 [debug  ] Info, sort guild ,GuildRankTime:%!(EXTRA int64=12942969390000, string= rank num:, int32=21)
2021/02/07 08:41:33 [debug  ] Info, UpdateRank
2021/02/07 08:41:36 [debug  ] gate Run data: [33 0]
2021/02/07 08:41:46 [debug  ] gate Run data: [33 0]
2021/02/07 08:41:57 [debug  ] gate Run data: [33 0]
2021/02/07 08:42:07 [debug  ] gate Run data: [33 0]
2021/02/07 08:42:18 [debug  ] gate Run data: [33 0]
2021/02/07 08:42:29 [debug  ] gate Run data: [33 0]
2021/02/07 08:42:40 [debug  ] gate Run data: [33 0]
2021/02/07 08:42:51 [debug  ] gate Run data: [33 0]
2021/02/07 08:43:02 [debug  ] gate Run data: [33 0]
2021/02/07 08:43:13 [debug  ] gate Run data: [33 0]
2021/02/07 08:43:24 [debug  ] gate Run data: [33 0]
2021/02/07 08:43:35 [debug  ] gate Run data: [33 0]
2021/02/07 08:43:46 [debug  ] gate Run data: [33 0]
2021/02/07 08:43:57 [debug  ] gate Run data: [33 0]
2021/02/07 08:44:08 [debug  ] gate Run data: [33 0]
2021/02/07 08:44:19 [debug  ] gate Run data: [33 0]
2021/02/07 08:44:30 [debug  ] gate Run data: [33 0]
2021/02/07 08:44:41 [debug  ] gate Run data: [33 0]
2021/02/07 08:44:52 [debug  ] gate Run data: [33 0]
2021/02/07 08:45:03 [debug  ] gate Run data: [33 0]
2021/02/07 08:45:14 [debug  ] gate Run data: [33 0]
2021/02/07 08:45:25 [debug  ] gate Run data: [33 0]
2021/02/07 08:45:36 [debug  ] gate Run data: [33 0]
2021/02/07 08:45:47 [debug  ] gate Run data: [33 0]
2021/02/07 08:45:58 [debug  ] gate Run data: [33 0]
2021/02/07 08:46:09 [debug  ] gate Run data: [33 0]
2021/02/07 08:46:20 [debug  ] gate Run data: [33 0]
2021/02/07 08:46:31 [debug  ] gate Run data: [33 0]
2021/02/07 08:46:33 [debug  ] Info, UpdateRank
2021/02/07 08:46:33 [debug  ] Info, sort guild ,GuildRankTime:%!(EXTRA int64=12942999390000, string= rank num:, int32=21)
2021/02/07 08:46:42 [debug  ] gate Run data: [33 0]
2021/02/07 08:46:53 [debug  ] gate Run data: [33 0]
2021/02/07 08:47:04 [debug  ] gate Run data: [33 0]
2021/02/07 08:47:15 [debug  ] gate Run data: [33 0]
2021/02/07 08:47:26 [debug  ] gate Run data: [33 0]
2021/02/07 08:47:37 [debug  ] gate Run data: [33 0]
2021/02/07 08:47:48 [debug  ] gate Run data: [33 0]
2021/02/07 08:47:59 [debug  ] gate Run data: [33 0]
2021/02/07 08:48:10 [debug  ] gate Run data: [33 0]
2021/02/07 08:48:21 [debug  ] gate Run data: [33 0]
2021/02/07 08:48:32 [debug  ] gate Run data: [33 0]
2021/02/07 08:48:43 [debug  ] gate Run data: [33 0]
2021/02/07 08:48:54 [debug  ] gate Run data: [33 0]
2021/02/07 08:49:05 [debug  ] gate Run data: [33 0]
2021/02/07 08:49:16 [debug  ] gate Run data: [33 0]
2021/02/07 08:49:27 [debug  ] gate Run data: [33 0]
2021/02/07 08:49:38 [debug  ] gate Run data: [33 0]
2021/02/07 08:49:49 [debug  ] gate Run data: [33 0]
2021/02/07 08:50:00 [debug  ] gate Run data: [33 0]
2021/02/07 08:50:11 [debug  ] gate Run data: [33 0]
2021/02/07 08:50:22 [debug  ] gate Run data: [33 0]
2021/02/07 08:50:33 [debug  ] gate Run data: [33 0]
2021/02/07 08:50:44 [debug  ] gate Run data: [33 0]
2021/02/07 08:50:55 [debug  ] gate Run data: [33 0]
2021/02/07 08:51:06 [debug  ] gate Run data: [33 0]
2021/02/07 08:51:17 [debug  ] gate Run data: [33 0]
2021/02/07 08:51:28 [debug  ] gate Run data: [33 0]
2021/02/07 08:51:33 [debug  ] Info, sort guild ,GuildRankTime:%!(EXTRA int64=12943029390000, string= rank num:, int32=21)
2021/02/07 08:51:33 [debug  ] Info, UpdateRank
2021/02/07 08:51:39 [debug  ] gate Run data: [33 0]
2021/02/07 08:51:50 [debug  ] gate Run data: [33 0]
2021/02/07 08:52:01 [debug  ] gate Run data: [33 0]
2021/02/07 08:52:12 [debug  ] gate Run data: [33 0]
2021/02/07 08:52:23 [debug  ] gate Run data: [33 0]
2021/02/07 08:52:34 [debug  ] gate Run data: [33 0]
2021/02/07 08:52:45 [debug  ] gate Run data: [33 0]
2021/02/07 08:52:56 [debug  ] gate Run data: [33 0]
2021/02/07 08:53:07 [debug  ] gate Run data: [33 0]
2021/02/07 08:53:18 [debug  ] gate Run data: [33 0]
2021/02/07 08:53:29 [debug  ] gate Run data: [33 0]
2021/02/07 08:53:40 [debug  ] gate Run data: [33 0]
2021/02/07 08:53:51 [debug  ] gate Run data: [33 0]
2021/02/07 08:54:02 [debug  ] gate Run data: [33 0]
2021/02/07 08:54:13 [debug  ] gate Run data: [33 0]
2021/02/07 08:54:24 [debug  ] gate Run data: [33 0]
2021/02/07 08:54:35 [debug  ] gate Run data: [33 0]
2021/02/07 08:54:46 [debug  ] gate Run data: [33 0]
2021/02/07 08:54:57 [debug  ] gate Run data: [33 0]
2021/02/07 08:55:08 [debug  ] gate Run data: [33 0]
2021/02/07 08:55:19 [debug  ] gate Run data: [33 0]
2021/02/07 08:55:30 [debug  ] gate Run data: [33 0]
2021/02/07 08:55:41 [debug  ] gate Run data: [33 0]
2021/02/07 08:55:52 [debug  ] gate Run data: [33 0]
2021/02/07 08:56:03 [debug  ] gate Run data: [33 0]
2021/02/07 08:56:14 [debug  ] gate Run data: [33 0]
2021/02/07 08:56:25 [debug  ] gate Run data: [33 0]
2021/02/07 08:56:34 [debug  ] Info, sort guild ,GuildRankTime:%!(EXTRA int64=12943059400000, string= rank num:, int32=21)
2021/02/07 08:56:34 [debug  ] Info, UpdateRank
2021/02/07 08:56:36 [debug  ] gate Run data: [33 0]
2021/02/07 08:56:47 [debug  ] gate Run data: [33 0]
2021/02/07 08:56:58 [debug  ] gate Run data: [33 0]
2021/02/07 08:57:09 [debug  ] gate Run data: [33 0]
2021/02/07 08:57:20 [debug  ] gate Run data: [33 0]
2021/02/07 08:57:31 [debug  ] gate Run data: [33 0]
2021/02/07 08:57:42 [debug  ] gate Run data: [33 0]
2021/02/07 08:57:53 [debug  ] gate Run data: [33 0]
2021/02/07 08:58:04 [debug  ] gate Run data: [33 0]
2021/02/07 08:58:15 [debug  ] gate Run data: [33 0]
2021/02/07 08:58:26 [debug  ] gate Run data: [33 0]
2021/02/07 08:58:37 [debug  ] gate Run data: [33 0]
2021/02/07 08:58:48 [debug  ] gate Run data: [33 0]
2021/02/07 08:58:59 [debug  ] gate Run data: [33 0]
2021/02/07 08:59:10 [debug  ] gate Run data: [33 0]
2021/02/07 08:59:21 [debug  ] gate Run data: [33 0]
2021/02/07 08:59:32 [debug  ] gate Run data: [33 0]
2021/02/07 08:59:43 [debug  ] gate Run data: [33 0]
2021/02/07 08:59:54 [debug  ] gate Run data: [33 0]
2021/02/07 09:00:05 [debug  ] gate Run data: [33 0]
2021/02/07 09:00:16 [debug  ] gate Run data: [33 0]
2021/02/07 09:00:27 [debug  ] gate Run data: [33 0]
2021/02/07 09:00:38 [debug  ] gate Run data: [33 0]
2021/02/07 09:00:49 [debug  ] gate Run data: [33 0]
2021/02/07 09:01:00 [debug  ] gate Run data: [33 0]
2021/02/07 09:01:11 [debug  ] gate Run data: [33 0]
2021/02/07 09:01:22 [debug  ] gate Run data: [33 0]
2021/02/07 09:01:33 [debug  ] gate Run data: [33 0]
2021/02/07 09:01:34 [debug  ] Info, sort guild ,GuildRankTime:%!(EXTRA int64=12943089400000, string= rank num:, int32=21)
2021/02/07 09:01:34 [debug  ] Info, UpdateRank
2021/02/07 09:01:44 [debug  ] gate Run data: [33 0]
2021/02/07 09:01:55 [debug  ] gate Run data: [33 0]
2021/02/07 09:02:06 [debug  ] gate Run data: [33 0]
2021/02/07 09:02:17 [debug  ] gate Run data: [33 0]
2021/02/07 09:02:28 [debug  ] gate Run data: [33 0]
2021/02/07 09:02:39 [debug  ] gate Run data: [33 0]
2021/02/07 09:02:50 [debug  ] gate Run data: [33 0]
2021/02/07 09:03:01 [debug  ] gate Run data: [33 0]
2021/02/07 09:03:12 [debug  ] gate Run data: [33 0]
2021/02/07 09:03:23 [debug  ] gate Run data: [33 0]
2021/02/07 09:03:34 [debug  ] gate Run data: [33 0]
2021/02/07 09:03:45 [debug  ] gate Run data: [33 0]
2021/02/07 09:03:56 [debug  ] gate Run data: [33 0]
2021/02/07 09:04:07 [debug  ] gate Run data: [33 0]
2021/02/07 09:04:18 [debug  ] gate Run data: [33 0]
2021/02/07 09:04:29 [debug  ] gate Run data: [33 0]
2021/02/07 09:04:40 [debug  ] gate Run data: [33 0]
2021/02/07 09:04:51 [debug  ] gate Run data: [33 0]
2021/02/07 09:05:02 [debug  ] gate Run data: [33 0]
2021/02/07 09:05:13 [debug  ] gate Run data: [33 0]
2021/02/07 09:05:24 [debug  ] gate Run data: [33 0]
2021/02/07 09:05:35 [debug  ] gate Run data: [33 0]
2021/02/07 09:05:46 [debug  ] gate Run data: [33 0]
2021/02/07 09:05:57 [debug  ] gate Run data: [33 0]
2021/02/07 09:06:08 [debug  ] gate Run data: [33 0]
2021/02/07 09:06:19 [debug  ] gate Run data: [33 0]
2021/02/07 09:06:30 [debug  ] gate Run data: [33 0]
2021/02/07 09:06:34 [debug  ] Info, UpdateRank
2021/02/07 09:06:34 [debug  ] Info, sort guild ,GuildRankTime:%!(EXTRA int64=12943119400000, string= rank num:, int32=21)
2021/02/07 09:06:41 [debug  ] gate Run data: [33 0]
2021/02/07 09:06:52 [debug  ] gate Run data: [33 0]
2021/02/07 09:07:03 [debug  ] gate Run data: [33 0]
2021/02/07 09:07:14 [debug  ] gate Run data: [33 0]
2021/02/07 09:07:25 [debug  ] gate Run data: [33 0]
2021/02/07 09:07:36 [debug  ] gate Run data: [33 0]
2021/02/07 09:07:47 [debug  ] gate Run data: [33 0]
2021/02/07 09:07:58 [debug  ] gate Run data: [33 0]
2021/02/07 09:08:09 [debug  ] gate Run data: [33 0]
2021/02/07 09:08:20 [debug  ] gate Run data: [33 0]
2021/02/07 09:08:31 [debug  ] gate Run data: [33 0]
2021/02/07 09:08:42 [debug  ] gate Run data: [33 0]
2021/02/07 09:08:53 [debug  ] gate Run data: [33 0]
2021/02/07 09:09:04 [debug  ] gate Run data: [33 0]
2021/02/07 09:09:15 [debug  ] gate Run data: [33 0]
2021/02/07 09:09:26 [debug  ] gate Run data: [33 0]
2021/02/07 09:09:37 [debug  ] gate Run data: [33 0]
2021/02/07 09:09:48 [debug  ] gate Run data: [33 0]
2021/02/07 09:09:59 [debug  ] gate Run data: [33 0]
2021/02/07 09:10:10 [debug  ] gate Run data: [33 0]
2021/02/07 09:10:21 [debug  ] gate Run data: [33 0]
2021/02/07 09:10:32 [debug  ] gate Run data: [33 0]
2021/02/07 09:10:43 [debug  ] gate Run data: [33 0]
2021/02/07 09:10:54 [debug  ] gate Run data: [33 0]
2021/02/07 09:11:05 [debug  ] gate Run data: [33 0]
2021/02/07 09:11:16 [debug  ] gate Run data: [33 0]
2021/02/07 09:11:27 [debug  ] gate Run data: [33 0]
2021/02/07 09:11:34 [debug  ] Info, sort guild ,GuildRankTime:%!(EXTRA int64=12943149400000, string= rank num:, int32=21)
2021/02/07 09:11:34 [debug  ] Info, UpdateRank
2021/02/07 09:11:38 [debug  ] gate Run data: [33 0]
2021/02/07 09:11:49 [debug  ] gate Run data: [33 0]
2021/02/07 09:12:00 [debug  ] gate Run data: [33 0]
2021/02/07 09:12:11 [debug  ] gate Run data: [33 0]
2021/02/07 09:12:22 [debug  ] gate Run data: [33 0]
2021/02/07 09:12:33 [debug  ] gate Run data: [33 0]
2021/02/07 09:12:44 [debug  ] gate Run data: [33 0]
2021/02/07 09:12:55 [debug  ] gate Run data: [33 0]
2021/02/07 09:13:06 [debug  ] gate Run data: [33 0]
2021/02/07 09:13:16 [debug  ] gate Run data: [33 0]
2021/02/07 09:13:27 [debug  ] gate Run data: [33 0]
2021/02/07 09:13:38 [debug  ] gate Run data: [33 0]
2021/02/07 09:13:49 [debug  ] gate Run data: [33 0]
2021/02/07 09:14:00 [debug  ] gate Run data: [33 0]
2021/02/07 09:14:11 [debug  ] gate Run data: [33 0]
2021/02/07 09:14:22 [debug  ] gate Run data: [33 0]
2021/02/07 09:14:33 [debug  ] gate Run data: [33 0]
2021/02/07 09:14:44 [debug  ] gate Run data: [33 0]
2021/02/07 09:14:54 [debug  ] gate Run data: [33 0]
2021/02/07 09:15:04 [debug  ] gate Run data: [33 0]
2021/02/07 09:15:14 [debug  ] gate Run data: [33 0]
2021/02/07 09:15:24 [debug  ] gate Run data: [33 0]
2021/02/07 09:15:34 [debug  ] gate Run data: [33 0]
2021/02/07 09:15:44 [debug  ] gate Run data: [33 0]
2021/02/07 09:15:54 [debug  ] gate Run data: [33 0]
2021/02/07 09:16:04 [debug  ] gate Run data: [33 0]
2021/02/07 09:16:14 [debug  ] gate Run data: [33 0]
2021/02/07 09:16:24 [debug  ] gate Run data: [33 0]
2021/02/07 09:16:34 [debug  ] Info, UpdateRank
2021/02/07 09:16:34 [debug  ] Info, sort guild ,GuildRankTime:%!(EXTRA int64=12943179400000, string= rank num:, int32=21)
2021/02/07 09:16:34 [debug  ] gate Run data: [33 0]
2021/02/07 09:16:44 [debug  ] gate Run data: [33 0]
2021/02/07 09:16:54 [debug  ] gate Run data: [33 0]
2021/02/07 09:17:00 [debug  ] rpcNewAgent
2021/02/07 09:17:04 [debug  ] gate Run data: [33 0]
2021/02/07 09:17:14 [debug  ] gate Run data: [33 0]
2021/02/07 09:17:25 [debug  ] gate Run data: [33 0]
2021/02/07 09:17:35 [debug  ] gate Run data: [33 0]
2021/02/07 09:17:45 [debug  ] gate Run data: [33 0]
2021/02/07 09:17:55 [debug  ] gate Run data: [33 0]
2021/02/07 09:18:05 [debug  ] gate Run data: [33 0]
2021/02/07 09:18:15 [debug  ] gate Run data: [33 0]
2021/02/07 09:18:25 [debug  ] gate Run data: [33 0]
2021/02/07 09:18:35 [debug  ] gate Run data: [33 0]
2021/02/07 09:18:45 [debug  ] gate Run data: [33 0]
2021/02/07 09:18:55 [debug  ] gate Run data: [33 0]
2021/02/07 09:19:05 [debug  ] gate Run data: [33 0]
2021/02/07 09:19:15 [debug  ] gate Run data: [33 0]
2021/02/07 09:19:25 [debug  ] gate Run data: [33 0]
2021/02/07 09:19:35 [debug  ] gate Run data: [33 0]
2021/02/07 09:19:45 [debug  ] gate Run data: [33 0]
2021/02/07 09:19:55 [debug  ] gate Run data: [33 0]
2021/02/07 09:20:02 [debug  ] Close agent cause heartbeat timeout
2021/02/07 09:20:02 [debug  ] gate read message: read tcp [::1]:17183->[::1]:62883: use of closed network connection
2021/02/07 09:20:02 [debug  ] rpcCloseAgent
2021/02/07 09:20:05 [debug  ] gate Run data: [33 0]
2021/02/07 09:20:15 [debug  ] gate Run data: [33 0]
2021/02/07 09:20:25 [debug  ] gate Run data: [33 0]
2021/02/07 09:20:35 [debug  ] gate Run data: [33 0]
2021/02/07 09:20:45 [debug  ] gate Run data: [33 0]
2021/02/07 09:20:55 [debug  ] gate Run data: [33 0]
2021/02/07 09:21:05 [debug  ] gate Run data: [33 0]
2021/02/07 09:21:15 [debug  ] gate Run data: [33 0]
2021/02/07 09:21:25 [debug  ] gate Run data: [33 0]
2021/02/07 09:21:34 [debug  ] Info, UpdateRank
2021/02/07 09:21:34 [debug  ] Info, sort guild ,GuildRankTime:%!(EXTRA int64=12943209400000, string= rank num:, int32=21)
2021/02/07 09:21:35 [debug  ] gate Run data: [33 0]
2021/02/07 09:21:45 [debug  ] gate Run data: [33 0]
2021/02/07 09:21:55 [debug  ] gate Run data: [33 0]
2021/02/07 09:22:05 [debug  ] gate Run data: [33 0]
2021/02/07 09:22:15 [debug  ] gate Run data: [33 0]
2021/02/07 09:22:25 [debug  ] gate Run data: [33 0]
2021/02/07 09:22:35 [debug  ] gate Run data: [33 0]
2021/02/07 09:22:45 [debug  ] gate Run data: [33 0]
2021/02/07 09:22:55 [debug  ] gate Run data: [33 0]
2021/02/07 09:23:05 [debug  ] gate Run data: [33 0]
2021/02/07 09:23:15 [debug  ] gate Run data: [33 0]
2021/02/07 09:23:25 [debug  ] gate Run data: [33 0]
2021/02/07 09:23:35 [debug  ] gate Run data: [33 0]
2021/02/07 09:23:45 [debug  ] gate Run data: [33 0]
2021/02/07 09:23:55 [debug  ] gate Run data: [33 0]
2021/02/07 09:24:05 [debug  ] gate Run data: [33 0]
2021/02/07 09:24:15 [debug  ] gate Run data: [33 0]
2021/02/07 09:24:25 [debug  ] gate Run data: [33 0]
2021/02/07 09:24:35 [debug  ] gate Run data: [33 0]
2021/02/07 09:24:45 [debug  ] gate Run data: [33 0]
2021/02/07 09:24:55 [debug  ] gate Run data: [33 0]
2021/02/07 09:25:05 [debug  ] gate Run data: [33 0]
2021/02/07 09:25:15 [debug  ] gate Run data: [33 0]
2021/02/07 09:25:26 [debug  ] gate Run data: [33 0]
2021/02/07 09:25:37 [debug  ] gate Run data: [33 0]
2021/02/07 09:25:48 [debug  ] gate Run data: [33 0]
2021/02/07 09:25:59 [debug  ] gate Run data: [33 0]
2021/02/07 09:26:10 [debug  ] gate Run data: [33 0]
2021/02/07 09:26:21 [debug  ] gate Run data: [33 0]
2021/02/07 09:26:32 [debug  ] gate Run data: [33 0]
2021/02/07 09:26:34 [debug  ] Info, UpdateRank
2021/02/07 09:26:34 [debug  ] Info, sort guild ,GuildRankTime:%!(EXTRA int64=12943239400000, string= rank num:, int32=21)
2021/02/07 09:26:43 [debug  ] gate Run data: [33 0]
2021/02/07 09:26:54 [debug  ] gate Run data: [33 0]
2021/02/07 09:27:05 [debug  ] gate Run data: [33 0]
2021/02/07 09:27:16 [debug  ] gate Run data: [33 0]
2021/02/07 09:27:27 [debug  ] gate Run data: [33 0]
2021/02/07 09:27:38 [debug  ] gate Run data: [33 0]
2021/02/07 09:27:49 [debug  ] gate Run data: [33 0]
2021/02/07 09:27:59 [debug  ] gate Run data: [33 0]
2021/02/07 09:28:10 [debug  ] gate Run data: [33 0]
2021/02/07 09:28:20 [debug  ] gate Run data: [33 0]
2021/02/07 09:28:32 [debug  ] gate Run data: [33 0]
2021/02/07 09:28:42 [debug  ] gate Run data: [33 0]
2021/02/07 09:28:53 [debug  ] gate Run data: [33 0]
2021/02/07 09:29:04 [debug  ] gate Run data: [33 0]
2021/02/07 09:29:35 [debug  ] gate Run data: [33 0]
2021/02/07 09:29:53 [debug  ] gate Run data: [33 0]
2021/02/07 09:30:04 [debug  ] gate Run data: [33 0]
2021/02/07 09:30:16 [debug  ] gate Run data: [33 0]
2021/02/07 09:30:26 [debug  ] gate Run data: [33 0]
2021/02/07 09:30:37 [debug  ] gate Run data: [33 0]
2021/02/07 09:30:48 [debug  ] gate Run data: [33 0]
2021/02/07 09:31:01 [debug  ] gate Run data: [33 0]
2021/02/07 09:31:11 [debug  ] gate Run data: [33 0]
2021/02/07 09:31:22 [debug  ] gate Run data: [33 0]
2021/02/07 09:31:33 [debug  ] gate Run data: [33 0]
2021/02/07 09:31:34 [debug  ] Info, sort guild ,GuildRankTime:%!(EXTRA int64=12943269400000, string= rank num:, int32=21)
2021/02/07 09:31:34 [debug  ] Info, UpdateRank
2021/02/07 09:31:44 [debug  ] gate Run data: [33 0]
2021/02/07 09:31:55 [debug  ] gate Run data: [33 0]
2021/02/07 09:32:06 [debug  ] gate Run data: [33 0]
2021/02/07 09:32:17 [debug  ] gate Run data: [33 0]
2021/02/07 09:32:30 [debug  ] gate Run data: [33 0]
2021/02/07 09:32:40 [debug  ] gate Run data: [33 0]
2021/02/07 09:32:51 [debug  ] gate Run data: [33 0]
2021/02/07 09:33:02 [debug  ] gate Run data: [33 0]
2021/02/07 09:33:13 [debug  ] gate Run data: [33 0]
2021/02/07 09:33:24 [debug  ] gate Run data: [33 0]
2021/02/07 09:33:35 [debug  ] gate Run data: [33 0]
2021/02/07 09:33:46 [debug  ] gate Run data: [33 0]
2021/02/07 09:33:57 [debug  ] gate Run data: [33 0]
2021/02/07 09:34:13 [debug  ] gate Run data: [33 0]
2021/02/07 09:34:23 [debug  ] gate Run data: [33 0]
2021/02/07 09:34:34 [debug  ] gate Run data: [33 0]
2021/02/07 09:34:45 [debug  ] gate Run data: [33 0]
2021/02/07 09:34:56 [debug  ] gate Run data: [33 0]
2021/02/07 09:35:07 [debug  ] gate Run data: [33 0]
2021/02/07 09:35:18 [debug  ] gate Run data: [33 0]
2021/02/07 09:35:29 [debug  ] gate Run data: [33 0]
2021/02/07 09:35:40 [debug  ] gate Run data: [33 0]
2021/02/07 09:35:51 [debug  ] gate Run data: [33 0]
2021/02/07 09:36:02 [debug  ] gate Run data: [33 0]
2021/02/07 09:36:13 [debug  ] gate Run data: [33 0]
2021/02/07 09:36:24 [debug  ] gate Run data: [33 0]
2021/02/07 09:36:34 [debug  ] Info, sort guild ,GuildRankTime:%!(EXTRA int64=12943299420000, string= rank num:, int32=21)
2021/02/07 09:36:34 [debug  ] Info, UpdateRank
2021/02/07 09:36:35 [debug  ] gate Run data: [33 0]
2021/02/07 09:36:46 [debug  ] gate Run data: [33 0]
2021/02/07 09:36:57 [debug  ] gate Run data: [33 0]
2021/02/07 09:37:08 [debug  ] gate Run data: [33 0]
2021/02/07 09:37:19 [debug  ] gate Run data: [33 0]
2021/02/07 09:37:33 [debug  ] gate Run data: [33 0]
2021/02/07 09:37:48 [debug  ] gate Run data: [33 0]
2021/02/07 09:37:59 [debug  ] gate Run data: [33 0]
2021/02/07 09:38:10 [debug  ] gate Run data: [33 0]
2021/02/07 09:38:21 [debug  ] gate Run data: [33 0]
2021/02/07 09:38:32 [debug  ] gate Run data: [33 0]
2021/02/07 09:38:43 [debug  ] gate Run data: [33 0]
2021/02/07 09:38:54 [debug  ] gate Run data: [33 0]
2021/02/07 09:39:05 [debug  ] gate Run data: [33 0]
2021/02/07 09:39:16 [debug  ] gate Run data: [33 0]
2021/02/07 09:39:27 [debug  ] gate Run data: [33 0]
2021/02/07 09:39:38 [debug  ] gate Run data: [33 0]
2021/02/07 09:39:49 [debug  ] gate Run data: [33 0]
2021/02/07 09:40:00 [debug  ] gate Run data: [33 0]
2021/02/07 09:40:11 [debug  ] gate Run data: [33 0]
2021/02/07 09:40:22 [debug  ] gate Run data: [33 0]
2021/02/07 09:40:33 [debug  ] gate Run data: [33 0]
2021/02/07 09:40:44 [debug  ] gate Run data: [33 0]
2021/02/07 09:40:55 [debug  ] gate Run data: [33 0]
2021/02/07 09:41:06 [debug  ] gate Run data: [33 0]
2021/02/07 09:41:17 [debug  ] gate Run data: [33 0]
2021/02/07 09:41:31 [debug  ] gate Run data: [33 0]
2021/02/07 09:41:34 [debug  ] Info, sort guild ,GuildRankTime:%!(EXTRA int64=12943329420000, string= rank num:, int32=21)
2021/02/07 09:41:34 [debug  ] Info, UpdateRank
2021/02/07 09:41:49 [debug  ] gate Run data: [33 0]
2021/02/07 09:41:59 [debug  ] gate Run data: [33 0]
2021/02/07 09:42:10 [debug  ] gate Run data: [33 0]
2021/02/07 09:42:21 [debug  ] gate Run data: [33 0]
2021/02/07 09:42:32 [debug  ] gate Run data: [33 0]
2021/02/07 09:42:43 [debug  ] gate Run data: [33 0]
2021/02/07 09:42:54 [debug  ] gate Run data: [33 0]
2021/02/07 09:43:05 [debug  ] gate Run data: [33 0]
2021/02/07 09:43:16 [debug  ] gate Run data: [33 0]
2021/02/07 09:43:27 [debug  ] gate Run data: [33 0]
2021/02/07 09:43:38 [debug  ] gate Run data: [33 0]
2021/02/07 09:43:49 [debug  ] gate Run data: [33 0]
2021/02/07 09:44:00 [debug  ] gate Run data: [33 0]
2021/02/07 09:44:11 [debug  ] gate Run data: [33 0]
2021/02/07 09:44:22 [debug  ] gate Run data: [33 0]
2021/02/07 09:44:33 [debug  ] gate Run data: [33 0]
2021/02/07 09:44:44 [debug  ] gate Run data: [33 0]
2021/02/07 09:44:55 [debug  ] gate Run data: [33 0]
2021/02/07 09:45:06 [debug  ] gate Run data: [33 0]
2021/02/07 09:45:17 [debug  ] gate Run data: [33 0]
2021/02/07 09:45:28 [debug  ] gate Run data: [33 0]
2021/02/07 09:45:39 [debug  ] gate Run data: [33 0]
2021/02/07 09:45:52 [debug  ] gate Run data: [33 0]
2021/02/07 09:46:03 [debug  ] gate Run data: [33 0]
2021/02/07 09:46:14 [debug  ] gate Run data: [33 0]
2021/02/07 09:46:25 [debug  ] gate Run data: [33 0]
2021/02/07 09:46:34 [debug  ] Info, UpdateRank
2021/02/07 09:46:34 [debug  ] Info, sort guild ,GuildRankTime:%!(EXTRA int64=12943359420000, string= rank num:, int32=21)
2021/02/07 09:46:36 [debug  ] gate Run data: [33 0]
2021/02/07 09:46:47 [debug  ] gate Run data: [33 0]
2021/02/07 09:46:58 [debug  ] gate Run data: [33 0]
2021/02/07 09:47:09 [debug  ] gate Run data: [33 0]
2021/02/07 09:47:27 [debug  ] gate Run data: [33 0]
2021/02/07 09:47:37 [debug  ] gate Run data: [33 0]
2021/02/07 09:47:48 [debug  ] gate Run data: [33 0]
2021/02/07 09:47:59 [debug  ] gate Run data: [33 0]
2021/02/07 09:48:10 [debug  ] gate Run data: [33 0]
2021/02/07 09:48:21 [debug  ] gate Run data: [33 0]
2021/02/07 09:48:32 [debug  ] gate Run data: [33 0]
2021/02/07 09:48:43 [debug  ] gate Run data: [33 0]
2021/02/07 09:48:54 [debug  ] gate Run data: [33 0]
2021/02/07 09:49:05 [debug  ] gate Run data: [33 0]
2021/02/07 09:49:16 [debug  ] gate Run data: [33 0]
2021/02/07 09:49:27 [debug  ] gate Run data: [33 0]
2021/02/07 09:49:38 [debug  ] gate Run data: [33 0]
2021/02/07 09:49:49 [debug  ] gate Run data: [33 0]
2021/02/07 09:50:00 [debug  ] gate Run data: [33 0]
2021/02/07 09:50:11 [debug  ] gate Run data: [33 0]
2021/02/07 09:50:22 [debug  ] gate Run data: [33 0]
2021/02/07 09:50:33 [debug  ] gate Run data: [33 0]
2021/02/07 09:50:44 [debug  ] gate Run data: [33 0]
2021/02/07 09:50:55 [debug  ] gate Run data: [33 0]
2021/02/07 09:51:06 [debug  ] gate Run data: [33 0]
2021/02/07 09:51:17 [debug  ] gate Run data: [33 0]
2021/02/07 09:51:34 [debug  ] Info, UpdateRank
2021/02/07 09:51:34 [debug  ] Info, sort guild ,GuildRankTime:%!(EXTRA int64=12943389430000, string= rank num:, int32=21)
2021/02/07 09:51:36 [debug  ] gate Run data: [33 0]
2021/02/07 09:51:46 [debug  ] gate Run data: [33 0]
2021/02/07 09:51:57 [debug  ] gate Run data: [33 0]
2021/02/07 09:52:08 [debug  ] gate Run data: [33 0]
2021/02/07 09:52:19 [debug  ] gate Run data: [33 0]
2021/02/07 09:52:30 [debug  ] gate Run data: [33 0]
2021/02/07 09:52:41 [debug  ] gate Run data: [33 0]
2021/02/07 09:52:52 [debug  ] gate Run data: [33 0]
2021/02/07 09:53:03 [debug  ] gate Run data: [33 0]
2021/02/07 09:53:14 [debug  ] gate Run data: [33 0]
2021/02/07 09:53:26 [debug  ] gate Run data: [33 0]
2021/02/07 09:53:37 [debug  ] gate Run data: [33 0]
2021/02/07 09:53:49 [debug  ] gate Run data: [33 0]
2021/02/07 09:54:01 [debug  ] gate Run data: [33 0]
2021/02/07 09:54:18 [debug  ] gate Run data: [33 0]
2021/02/07 09:54:29 [debug  ] gate Run data: [33 0]
2021/02/07 09:54:41 [debug  ] gate Run data: [33 0]
2021/02/07 09:54:55 [debug  ] gate Run data: [33 0]
2021/02/07 09:55:10 [debug  ] gate Run data: [33 0]
2021/02/07 09:55:26 [debug  ] gate Run data: [33 0]
2021/02/07 09:55:36 [debug  ] gate Run data: [33 0]
2021/02/07 09:55:47 [debug  ] gate Run data: [33 0]
2021/02/07 09:55:58 [debug  ] gate Run data: [33 0]
2021/02/07 09:56:09 [debug  ] gate Run data: [33 0]
2021/02/07 09:56:20 [debug  ] gate Run data: [33 0]
2021/02/07 09:56:31 [debug  ] gate Run data: [33 0]
2021/02/07 09:56:34 [debug  ] Info, UpdateRank
2021/02/07 09:56:34 [debug  ] Info, sort guild ,GuildRankTime:%!(EXTRA int64=12943419430000, string= rank num:, int32=21)
2021/02/07 09:56:42 [debug  ] gate Run data: [33 0]
2021/02/07 09:56:53 [debug  ] gate Run data: [33 0]
2021/02/07 09:57:04 [debug  ] gate Run data: [33 0]
2021/02/07 09:57:15 [debug  ] gate Run data: [33 0]
2021/02/07 09:57:26 [debug  ] gate Run data: [33 0]
2021/02/07 09:57:37 [debug  ] gate Run data: [33 0]
2021/02/07 09:57:48 [debug  ] gate Run data: [33 0]
2021/02/07 09:57:59 [debug  ] gate Run data: [33 0]
2021/02/07 09:58:10 [debug  ] gate Run data: [33 0]
2021/02/07 09:58:21 [debug  ] gate Run data: [33 0]
2021/02/07 09:58:32 [debug  ] gate Run data: [33 0]
2021/02/07 09:58:43 [debug  ] gate Run data: [33 0]
2021/02/07 09:58:54 [debug  ] gate Run data: [33 0]
2021/02/07 09:59:05 [debug  ] gate Run data: [33 0]
2021/02/07 09:59:16 [debug  ] gate Run data: [33 0]
2021/02/07 09:59:27 [debug  ] gate Run data: [33 0]
2021/02/07 09:59:38 [debug  ] gate Run data: [33 0]
2021/02/07 09:59:51 [debug  ] gate Run data: [33 0]
2021/02/07 10:00:17 [debug  ] gate Run data: [33 0]
2021/02/07 10:00:27 [debug  ] gate Run data: [33 0]
2021/02/07 10:00:38 [debug  ] gate Run data: [33 0]
2021/02/07 10:00:49 [debug  ] gate Run data: [33 0]
2021/02/07 10:01:00 [debug  ] gate Run data: [33 0]
2021/02/07 10:01:11 [debug  ] gate Run data: [33 0]
2021/02/07 10:01:22 [debug  ] gate Run data: [33 0]
2021/02/07 10:01:33 [debug  ] gate Run data: [33 0]
2021/02/07 10:01:34 [debug  ] Info, UpdateRank
2021/02/07 10:01:34 [debug  ] Info, sort guild ,GuildRankTime:%!(EXTRA int64=12943449440000, string= rank num:, int32=21)
2021/02/07 10:01:44 [debug  ] gate Run data: [33 0]
2021/02/07 10:01:55 [debug  ] gate Run data: [33 0]
2021/02/07 10:02:06 [debug  ] gate Run data: [33 0]
2021/02/07 10:02:17 [debug  ] gate Run data: [33 0]
2021/02/07 10:02:28 [debug  ] gate Run data: [33 0]
2021/02/07 10:02:39 [debug  ] gate Run data: [33 0]
2021/02/07 10:02:50 [debug  ] gate Run data: [33 0]
2021/02/07 10:03:01 [debug  ] gate Run data: [33 0]
2021/02/07 10:03:12 [debug  ] gate Run data: [33 0]
2021/02/07 10:03:23 [debug  ] gate Run data: [33 0]
2021/02/07 10:03:34 [debug  ] gate Run data: [33 0]
2021/02/07 10:03:45 [debug  ] gate Run data: [33 0]
2021/02/07 10:03:56 [debug  ] gate Run data: [33 0]
2021/02/07 10:04:07 [debug  ] gate Run data: [33 0]
2021/02/07 10:04:20 [debug  ] gate Run data: [33 0]
2021/02/07 10:04:31 [debug  ] gate Run data: [33 0]
2021/02/07 10:04:43 [debug  ] gate Run data: [33 0]
2021/02/07 10:04:54 [debug  ] gate Run data: [33 0]
2021/02/07 10:05:06 [debug  ] gate Run data: [33 0]
2021/02/07 10:05:24 [debug  ] gate Run data: [33 0]
2021/02/07 10:05:35 [debug  ] gate Run data: [33 0]
2021/02/07 10:05:46 [debug  ] gate Run data: [33 0]
2021/02/07 10:05:57 [debug  ] gate Run data: [33 0]
2021/02/07 10:06:09 [debug  ] gate Run data: [33 0]
2021/02/07 10:06:24 [debug  ] gate Run data: [33 0]
2021/02/07 10:06:34 [debug  ] Info, UpdateRank
2021/02/07 10:06:34 [debug  ] Info, sort guild ,GuildRankTime:%!(EXTRA int64=12943479440000, string= rank num:, int32=21)
2021/02/07 10:06:35 [debug  ] gate Run data: [33 0]
2021/02/07 10:06:46 [debug  ] gate Run data: [33 0]
2021/02/07 10:06:57 [debug  ] gate Run data: [33 0]
2021/02/07 10:07:12 [debug  ] gate Run data: [33 0]
2021/02/07 10:07:24 [debug  ] gate Run data: [33 0]
2021/02/07 10:07:36 [debug  ] gate Run data: [33 0]
2021/02/07 10:07:47 [debug  ] gate Run data: [33 0]
2021/02/07 10:07:58 [debug  ] gate Run data: [33 0]
2021/02/07 10:08:09 [debug  ] gate Run data: [33 0]
2021/02/07 10:08:21 [debug  ] gate Run data: [33 0]
2021/02/07 10:08:34 [debug  ] gate Run data: [33 0]
2021/02/07 10:08:45 [debug  ] gate Run data: [33 0]
2021/02/07 10:08:56 [debug  ] gate Run data: [33 0]
2021/02/07 10:09:07 [debug  ] gate Run data: [33 0]
2021/02/07 10:09:18 [debug  ] gate Run data: [33 0]
2021/02/07 10:09:29 [debug  ] gate Run data: [33 0]
2021/02/07 10:09:42 [debug  ] gate Run data: [33 0]
2021/02/07 10:09:53 [debug  ] gate Run data: [33 0]
2021/02/07 10:10:04 [debug  ] gate Run data: [33 0]
2021/02/07 10:10:15 [debug  ] gate Run data: [33 0]
2021/02/07 10:10:26 [debug  ] gate Run data: [33 0]
2021/02/07 10:10:44 [debug  ] gate Run data: [33 0]
2021/02/07 10:10:54 [debug  ] gate Run data: [33 0]
2021/02/07 10:11:05 [debug  ] gate Run data: [33 0]
2021/02/07 10:11:16 [debug  ] gate Run data: [33 0]
2021/02/07 10:11:27 [debug  ] gate Run data: [33 0]
2021/02/07 10:11:34 [debug  ] Info, UpdateRank
2021/02/07 10:11:34 [debug  ] Info, sort guild ,GuildRankTime:%!(EXTRA int64=12943509440000, string= rank num:, int32=21)
2021/02/07 10:11:38 [debug  ] gate Run data: [33 0]
2021/02/07 10:11:49 [debug  ] gate Run data: [33 0]
2021/02/07 10:12:00 [debug  ] gate Run data: [33 0]
2021/02/07 10:12:11 [debug  ] gate Run data: [33 0]
2021/02/07 10:12:22 [debug  ] gate Run data: [33 0]
2021/02/07 10:12:33 [debug  ] gate Run data: [33 0]
2021/02/07 10:12:44 [debug  ] gate Run data: [33 0]
2021/02/07 10:12:55 [debug  ] gate Run data: [33 0]
2021/02/07 10:13:06 [debug  ] gate Run data: [33 0]
2021/02/07 10:13:17 [debug  ] gate Run data: [33 0]
2021/02/07 10:13:28 [debug  ] gate Run data: [33 0]
2021/02/07 10:13:39 [debug  ] gate Run data: [33 0]
2021/02/07 10:13:50 [debug  ] gate Run data: [33 0]
2021/02/07 10:14:01 [debug  ] gate Run data: [33 0]
2021/02/07 10:14:12 [debug  ] gate Run data: [33 0]
2021/02/07 10:14:23 [debug  ] gate Run data: [33 0]
2021/02/07 10:14:34 [debug  ] gate Run data: [33 0]
2021/02/07 10:14:46 [debug  ] gate Run data: [33 0]
2021/02/07 10:14:56 [debug  ] gate Run data: [33 0]
2021/02/07 10:15:08 [debug  ] gate Run data: [33 0]
2021/02/07 10:15:20 [debug  ] gate Run data: [33 0]
2021/02/07 10:15:31 [debug  ] gate Run data: [33 0]
2021/02/07 10:15:43 [debug  ] gate Run data: [33 0]
2021/02/07 10:15:55 [debug  ] gate Run data: [33 0]
2021/02/07 10:16:06 [debug  ] gate Run data: [33 0]
2021/02/07 10:16:25 [debug  ] gate Run data: [33 0]
2021/02/07 10:16:34 [debug  ] Info, UpdateRank
2021/02/07 10:16:34 [debug  ] Info, sort guild ,GuildRankTime:%!(EXTRA int64=12943539440000, string= rank num:, int32=21)
2021/02/07 10:16:35 [debug  ] gate Run data: [33 0]
2021/02/07 10:16:46 [debug  ] gate Run data: [33 0]
2021/02/07 10:16:57 [debug  ] gate Run data: [33 0]
2021/02/07 10:17:08 [debug  ] gate Run data: [33 0]
2021/02/07 10:17:19 [debug  ] gate Run data: [33 0]
2021/02/07 10:17:30 [debug  ] gate Run data: [33 0]
2021/02/07 10:17:41 [debug  ] gate Run data: [33 0]
2021/02/07 10:17:52 [debug  ] gate Run data: [33 0]
2021/02/07 10:18:03 [debug  ] gate Run data: [33 0]
2021/02/07 10:18:14 [debug  ] gate Run data: [33 0]
2021/02/07 10:18:25 [debug  ] gate Run data: [33 0]
2021/02/07 10:18:36 [debug  ] gate Run data: [33 0]
2021/02/07 10:18:47 [debug  ] gate Run data: [33 0]
2021/02/07 10:18:58 [debug  ] gate Run data: [33 0]
2021/02/07 10:19:09 [debug  ] gate Run data: [33 0]
2021/02/07 10:19:20 [debug  ] gate Run data: [33 0]
2021/02/07 10:19:31 [debug  ] gate Run data: [33 0]
2021/02/07 10:19:42 [debug  ] gate Run data: [33 0]
2021/02/07 10:19:53 [debug  ] gate Run data: [33 0]
2021/02/07 10:20:04 [debug  ] gate Run data: [33 0]
2021/02/07 10:20:15 [debug  ] gate Run data: [33 0]
2021/02/07 10:20:27 [debug  ] gate Run data: [33 0]
2021/02/07 10:20:38 [debug  ] gate Run data: [33 0]
2021/02/07 10:20:50 [debug  ] gate Run data: [33 0]
2021/02/07 10:21:02 [debug  ] gate Run data: [33 0]
2021/02/07 10:21:13 [debug  ] gate Run data: [33 0]
2021/02/07 10:21:26 [debug  ] gate Run data: [33 0]
2021/02/07 10:21:34 [debug  ] Info, UpdateRank
2021/02/07 10:21:34 [debug  ] Info, sort guild ,GuildRankTime:%!(EXTRA int64=12943569450000, string= rank num:, int32=21)
2021/02/07 10:21:36 [debug  ] gate Run data: [33 0]
2021/02/07 10:21:48 [debug  ] gate Run data: [33 0]
2021/02/07 10:21:58 [debug  ] gate Run data: [33 0]
2021/02/07 10:22:09 [debug  ] gate Run data: [33 0]
2021/02/07 10:22:20 [debug  ] gate Run data: [33 0]
2021/02/07 10:22:31 [debug  ] gate Run data: [33 0]
2021/02/07 10:22:42 [debug  ] gate Run data: [33 0]
2021/02/07 10:22:53 [debug  ] gate Run data: [33 0]
2021/02/07 10:23:04 [debug  ] gate Run data: [33 0]
2021/02/07 10:23:15 [debug  ] gate Run data: [33 0]
2021/02/07 10:23:26 [debug  ] gate Run data: [33 0]
2021/02/07 10:23:37 [debug  ] gate Run data: [33 0]
2021/02/07 10:23:48 [debug  ] gate Run data: [33 0]
2021/02/07 10:23:59 [debug  ] gate Run data: [33 0]
2021/02/07 10:24:10 [debug  ] gate Run data: [33 0]
2021/02/07 10:24:21 [debug  ] gate Run data: [33 0]
2021/02/07 10:24:32 [debug  ] gate Run data: [33 0]
2021/02/07 10:24:48 [debug  ] gate Run data: [33 0]
2021/02/07 10:24:58 [debug  ] gate Run data: [33 0]
2021/02/07 10:25:09 [debug  ] gate Run data: [33 0]
2021/02/07 10:25:20 [debug  ] gate Run data: [33 0]
2021/02/07 10:25:31 [debug  ] gate Run data: [33 0]
2021/02/07 10:25:42 [debug  ] gate Run data: [33 0]
2021/02/07 10:25:53 [debug  ] gate Run data: [33 0]
2021/02/07 10:26:04 [debug  ] gate Run data: [33 0]
2021/02/07 10:26:15 [debug  ] gate Run data: [33 0]
2021/02/07 10:26:26 [debug  ] gate Run data: [33 0]
2021/02/07 10:26:34 [debug  ] Info, UpdateRank
2021/02/07 10:26:34 [debug  ] Info, sort guild ,GuildRankTime:%!(EXTRA int64=12943599450000, string= rank num:, int32=21)
2021/02/07 10:26:37 [debug  ] gate Run data: [33 0]
2021/02/07 10:26:48 [debug  ] gate Run data: [33 0]
2021/02/07 10:26:59 [debug  ] gate Run data: [33 0]
2021/02/07 10:27:10 [debug  ] gate Run data: [33 0]
2021/02/07 10:27:21 [debug  ] gate Run data: [33 0]
2021/02/07 10:27:32 [debug  ] gate Run data: [33 0]
2021/02/07 10:27:43 [debug  ] gate Run data: [33 0]
2021/02/07 10:27:54 [debug  ] gate Run data: [33 0]
2021/02/07 10:28:11 [debug  ] gate Run data: [33 0]
2021/02/07 10:28:22 [debug  ] gate Run data: [33 0]
2021/02/07 10:28:33 [debug  ] gate Run data: [33 0]
2021/02/07 10:28:44 [debug  ] gate Run data: [33 0]
2021/02/07 10:28:55 [debug  ] gate Run data: [33 0]
2021/02/07 10:29:06 [debug  ] gate Run data: [33 0]
2021/02/07 10:29:17 [debug  ] gate Run data: [33 0]
2021/02/07 10:29:28 [debug  ] gate Run data: [33 0]
2021/02/07 10:29:39 [debug  ] gate Run data: [33 0]
2021/02/07 10:29:50 [debug  ] gate Run data: [33 0]
2021/02/07 10:30:01 [debug  ] gate Run data: [33 0]
2021/02/07 10:30:12 [debug  ] gate Run data: [33 0]
2021/02/07 10:30:25 [debug  ] gate Run data: [33 0]
2021/02/07 10:30:36 [debug  ] gate Run data: [33 0]
2021/02/07 10:30:47 [debug  ] gate Run data: [33 0]
2021/02/07 10:30:58 [debug  ] gate Run data: [33 0]
2021/02/07 10:31:09 [debug  ] gate Run data: [33 0]
2021/02/07 10:31:20 [debug  ] gate Run data: [33 0]
2021/02/07 10:31:31 [debug  ] gate Run data: [33 0]
2021/02/07 10:31:34 [debug  ] Info, UpdateRank
2021/02/07 10:31:34 [debug  ] Info, sort guild ,GuildRankTime:%!(EXTRA int64=12943629460000, string= rank num:, int32=21)
2021/02/07 10:31:42 [debug  ] gate Run data: [33 0]
2021/02/07 10:31:53 [debug  ] gate Run data: [33 0]
2021/02/07 10:32:11 [debug  ] gate Run data: [33 0]
2021/02/07 10:32:22 [debug  ] gate Run data: [33 0]
2021/02/07 10:32:33 [debug  ] gate Run data: [33 0]
2021/02/07 10:32:44 [debug  ] gate Run data: [33 0]
2021/02/07 10:32:55 [debug  ] gate Run data: [33 0]
2021/02/07 10:33:06 [debug  ] gate Run data: [33 0]
2021/02/07 10:33:17 [debug  ] gate Run data: [33 0]
2021/02/07 10:33:27 [debug  ] rpcNewAgent
2021/02/07 10:33:28 [debug  ] gate Run data: [33 0]
2021/02/07 10:33:39 [debug  ] gate Run data: [33 0]
2021/02/07 10:33:50 [debug  ] gate Run data: [33 0]
2021/02/07 10:34:01 [debug  ] gate Run data: [33 0]
2021/02/07 10:34:12 [debug  ] gate Run data: [33 0]
2021/02/07 10:34:23 [debug  ] gate Run data: [33 0]
2021/02/07 10:34:34 [debug  ] gate Run data: [33 0]
2021/02/07 10:34:45 [debug  ] gate Run data: [33 0]
2021/02/07 10:34:56 [debug  ] gate Run data: [33 0]
2021/02/07 10:35:07 [debug  ] gate Run data: [33 0]
2021/02/07 10:35:18 [debug  ] gate Run data: [33 0]
2021/02/07 10:35:29 [debug  ] gate Run data: [33 0]
2021/02/07 10:35:40 [debug  ] gate Run data: [33 0]
2021/02/07 10:35:51 [debug  ] gate Run data: [33 0]
2021/02/07 10:36:07 [debug  ] gate Run data: [33 0]
2021/02/07 10:36:18 [debug  ] gate Run data: [33 0]
2021/02/07 10:36:28 [debug  ] Close agent cause heartbeat timeout
2021/02/07 10:36:28 [debug  ] gate read message: read tcp [::1]:17183->[::1]:52230: use of closed network connection
2021/02/07 10:36:28 [debug  ] rpcCloseAgent
2021/02/07 10:36:29 [debug  ] gate Run data: [33 0]
2021/02/07 10:36:34 [debug  ] Info, UpdateRank
2021/02/07 10:36:34 [debug  ] Info, sort guild ,GuildRankTime:%!(EXTRA int64=12943659470000, string= rank num:, int32=21)
2021/02/07 10:36:40 [debug  ] gate Run data: [33 0]
2021/02/07 10:36:51 [debug  ] gate Run data: [33 0]
2021/02/07 10:37:02 [debug  ] gate Run data: [33 0]
2021/02/07 10:37:13 [debug  ] gate Run data: [33 0]
2021/02/07 10:37:24 [debug  ] rpcNewAgent
2021/02/07 10:37:29 [debug  ] gate Run data: [33 0]
2021/02/07 10:37:40 [debug  ] gate Run data: [33 0]
2021/02/07 10:37:51 [debug  ] gate Run data: [33 0]
2021/02/07 10:38:02 [debug  ] gate Run data: [33 0]
2021/02/07 10:38:13 [debug  ] gate Run data: [33 0]
2021/02/07 10:38:24 [debug  ] gate Run data: [33 0]
2021/02/07 10:38:35 [debug  ] gate Run data: [33 0]
2021/02/07 10:38:51 [debug  ] gate Run data: [33 0]
2021/02/07 10:39:01 [debug  ] gate Run data: [33 0]
2021/02/07 10:39:12 [debug  ] gate Run data: [33 0]
2021/02/07 10:39:23 [debug  ] gate Run data: [33 0]
2021/02/07 10:39:34 [debug  ] gate Run data: [33 0]
2021/02/07 10:39:45 [debug  ] gate Run data: [33 0]
2021/02/07 10:39:56 [debug  ] gate Run data: [33 0]
2021/02/07 10:40:07 [debug  ] gate Run data: [33 0]
2021/02/07 10:40:18 [debug  ] gate Run data: [33 0]
2021/02/07 10:40:26 [debug  ] Close agent cause heartbeat timeout
2021/02/07 10:40:26 [debug  ] gate read message: read tcp [::1]:17183->[::1]:52499: use of closed network connection
2021/02/07 10:40:26 [debug  ] rpcCloseAgent
2021/02/07 10:40:29 [debug  ] gate Run data: [33 0]
2021/02/07 10:40:40 [debug  ] gate Run data: [33 0]
2021/02/07 10:40:51 [debug  ] gate Run data: [33 0]
2021/02/07 10:41:02 [debug  ] gate Run data: [33 0]
2021/02/07 10:41:13 [debug  ] gate Run data: [33 0]
2021/02/07 10:41:24 [debug  ] gate Run data: [33 0]
2021/02/07 10:41:34 [debug  ] Info, UpdateRank
2021/02/07 10:41:34 [debug  ] Info, sort guild ,GuildRankTime:%!(EXTRA int64=12943689480000, string= rank num:, int32=21)
2021/02/07 10:41:35 [debug  ] gate Run data: [33 0]
2021/02/07 10:41:46 [debug  ] gate Run data: [33 0]
2021/02/07 10:42:00 [debug  ] gate Run data: [33 0]
2021/02/07 10:42:13 [debug  ] gate Run data: [33 0]
2021/02/07 10:42:23 [debug  ] gate Run data: [33 0]
2021/02/07 10:42:34 [debug  ] gate Run data: [33 0]
2021/02/07 10:42:45 [debug  ] gate Run data: [33 0]
2021/02/07 10:42:56 [debug  ] gate Run data: [33 0]
2021/02/07 10:43:07 [debug  ] gate Run data: [33 0]
2021/02/07 10:43:18 [debug  ] gate Run data: [33 0]
2021/02/07 10:43:29 [debug  ] gate Run data: [33 0]
2021/02/07 10:43:40 [debug  ] gate Run data: [33 0]
2021/02/07 10:43:51 [debug  ] gate Run data: [33 0]
2021/02/07 10:44:02 [debug  ] gate Run data: [33 0]
2021/02/07 10:44:13 [debug  ] gate Run data: [33 0]
2021/02/07 10:44:24 [debug  ] gate Run data: [33 0]
2021/02/07 10:44:35 [debug  ] gate Run data: [33 0]
2021/02/07 10:44:46 [debug  ] gate Run data: [33 0]
2021/02/07 10:44:57 [debug  ] gate Run data: [33 0]
2021/02/07 10:45:08 [debug  ] gate Run data: [33 0]
2021/02/07 10:45:19 [debug  ] gate Run data: [33 0]
2021/02/07 10:45:37 [debug  ] gate Run data: [33 0]
2021/02/07 10:45:48 [debug  ] gate Run data: [33 0]
2021/02/07 10:45:59 [debug  ] gate Run data: [33 0]
2021/02/07 10:46:10 [debug  ] gate Run data: [33 0]
2021/02/07 10:46:21 [debug  ] gate Run data: [33 0]
2021/02/07 10:46:32 [debug  ] gate Run data: [33 0]
2021/02/07 10:46:34 [debug  ] Info, UpdateRank
2021/02/07 10:46:34 [debug  ] Info, sort guild ,GuildRankTime:%!(EXTRA int64=12943719490000, string= rank num:, int32=21)
2021/02/07 10:46:43 [debug  ] gate Run data: [33 0]
2021/02/07 10:46:54 [debug  ] gate Run data: [33 0]
2021/02/07 10:47:05 [debug  ] gate Run data: [33 0]
2021/02/07 10:47:16 [debug  ] gate Run data: [33 0]
2021/02/07 10:47:27 [debug  ] gate Run data: [33 0]
2021/02/07 10:47:38 [debug  ] gate Run data: [33 0]
2021/02/07 10:47:49 [debug  ] gate Run data: [33 0]
2021/02/07 10:48:00 [debug  ] gate Run data: [33 0]
2021/02/07 10:48:11 [debug  ] gate Run data: [33 0]
2021/02/07 10:48:23 [debug  ] gate Run data: [33 0]
2021/02/07 10:48:39 [debug  ] gate Run data: [33 0]
2021/02/07 10:48:50 [debug  ] gate Run data: [33 0]
2021/02/07 10:49:01 [debug  ] gate Run data: [33 0]
2021/02/07 10:49:12 [debug  ] gate Run data: [33 0]
2021/02/07 10:49:23 [debug  ] gate Run data: [33 0]
2021/02/07 10:49:34 [debug  ] gate Run data: [33 0]
2021/02/07 10:49:45 [debug  ] gate Run data: [33 0]
2021/02/07 10:49:56 [debug  ] gate Run data: [33 0]
2021/02/07 10:50:07 [debug  ] gate Run data: [33 0]
2021/02/07 10:50:18 [debug  ] gate Run data: [33 0]
2021/02/07 10:50:29 [debug  ] gate Run data: [33 0]
2021/02/07 10:50:46 [debug  ] gate Run data: [33 0]
2021/02/07 10:50:46 [debug  ] gate read message: websocket: close 1001 (going away)
2021/02/07 10:50:46 [debug  ] rpcCloseAgent
2021/02/07 10:50:46 [debug  ] player 12908986780000 disconnect
2021/02/07 10:50:46 [release] on player 12908986780000 logout
2021/02/07 10:50:47 [release] SQL ERROR:C:/Cavalry/server/src/db/db_log.go:164%!(EXTRA *errors.errorString=invalid connection)
2021/02/07 10:51:34 [debug  ] Info, UpdateRank
2021/02/07 10:51:35 [debug  ] Info, sort guild ,GuildRankTime:%!(EXTRA int64=12943749500000, string= rank num:, int32=21)
